// Generated by generate_font.py from Inter-Variable.ttf.
// Copyright 2020 The Inter Project Authors (https://github.com/rsms/inter).
// Licensed under SIL Open Font License 1.1; see OFL.txt.
// Source: https://github.com/google/fonts/tree/main/ofl/inter
#pragma once
#include <Arduino.h>

namespace CMonoFont {
struct Glyph {
    uint16_t offset;
    uint8_t width, height, advance;
    int8_t xOffset, yOffset;
};
struct KernPair { uint16_t key; int8_t adjustment; };
struct Face {
    const Glyph *glyphs;
    const uint8_t *bits;
    const KernPair *pairs;
    uint16_t pairCount;
};

static const uint8_t kSmallBits[] PROGMEM = {
    0x70, 0x70, 0x70, 0x70, 0x70, 0x70, 0x70, 0x70, 0x70, 0x70, 0x70, 0x70, 0x70, 0x70, 0x00, 0x00,
    0x20, 0xf0, 0xf0, 0x70, 0xe6, 0xe7, 0xe7, 0xe7, 0xe6, 0xe6, 0xc6, 0xc6, 0x06, 0x0c, 0x0e, 0x1c,
    0x0e, 0x1c, 0x0c, 0x18, 0x0c, 0x18, 0x7f, 0xfe, 0x7f, 0xff, 0x7f, 0xff, 0x1c, 0x38, 0x18, 0x30,
    0x18, 0x30, 0x18, 0x30, 0xff, 0xfc, 0xff, 0xfe, 0xff, 0xfc, 0x30, 0x60, 0x30, 0x60, 0x30, 0x60,
    0x30, 0xe0, 0x70, 0xe0, 0x02, 0x00, 0x03, 0x00, 0x03, 0x00, 0x1f, 0xe0, 0x3f, 0xf0, 0x7f, 0xf8,
    0xf3, 0x38, 0xe3, 0x1c, 0xe3, 0x00, 0xe3, 0x00, 0xf3, 0x00, 0x7f, 0x00, 0x3f, 0xc0, 0x0f, 0xf0,
    0x03, 0xf8, 0x03, 0x3c, 0x03, 0x1c, 0xc3, 0x1c, 0xe3, 0x1c, 0xf3, 0x3c, 0xff, 0xf8, 0x7f, 0xf0,
    0x1f, 0xe0, 0x03, 0x00, 0x03, 0x00, 0x02, 0x00, 0x7c, 0x00, 0xc0, 0xfe, 0x01, 0x80, 0xc7, 0x03,
    0x80, 0xc7, 0x03, 0x00, 0xc7, 0x06, 0x00, 0xc7, 0x0e, 0x00, 0xe7, 0x1c, 0x00, 0x7e, 0x18, 0x00,
    0x3c, 0x38, 0x00, 0x00, 0x70, 0x00, 0x00, 0x60, 0x00, 0x00, 0xe1, 0xe0, 0x01, 0xc3, 0xf0, 0x01,
    0x87, 0x38, 0x03, 0x06, 0x18, 0x07, 0x06, 0x18, 0x06, 0x06, 0x18, 0x0c, 0x07, 0x38, 0x1c, 0x03,
    0xf0, 0x18, 0x01, 0xe0, 0x0f, 0x80, 0x1f, 0xe0, 0x3f, 0xe0, 0x38, 0x70, 0x38, 0x70, 0x38, 0x70,
    0x38, 0xe0, 0x1d, 0xe0, 0x1f, 0xc0, 0x0f, 0x00, 0x1f, 0x00, 0x3f, 0x8e, 0x71, 0xce, 0xf0, 0xee,
    0xe0, 0xfe, 0xe0, 0x7c, 0xf0, 0x3c, 0x78, 0xfc, 0x3f, 0xfe, 0x1f, 0xc7, 0xe0, 0xe0, 0xe0, 0xe0,
    0xe0, 0xe0, 0xc0, 0xc0, 0x1c, 0x38, 0x38, 0x78, 0x70, 0x70, 0x70, 0xe0, 0xe0, 0xe0, 0xe0, 0xe0,
    0xe0, 0xe0, 0xe0, 0xe0, 0xe0, 0xe0, 0xf0, 0x70, 0x70, 0x78, 0x38, 0x38, 0x1c, 0xe0, 0x70, 0x70,
    0x70, 0x38, 0x38, 0x38, 0x1c, 0x1c, 0x1c, 0x1c, 0x1c, 0x1c, 0x1c, 0x1c, 0x1c, 0x1c, 0x1c, 0x38,
    0x38, 0x38, 0x70, 0x70, 0x70, 0xe0, 0x0c, 0x00, 0x0c, 0x00, 0x8c, 0x40, 0xed, 0xc0, 0x7f, 0x80,
    0x1e, 0x00, 0x3f, 0x00, 0xff, 0xc0, 0xcc, 0xc0, 0x0c, 0x00, 0x0c, 0x00, 0x03, 0x00, 0x03, 0x00,
    0x03, 0x00, 0x03, 0x00, 0x03, 0x00, 0xff, 0xfc, 0xff, 0xfc, 0x7f, 0xf8, 0x03, 0x00, 0x03, 0x00,
    0x03, 0x00, 0x03, 0x00, 0x03, 0x00, 0x70, 0x70, 0xe0, 0xe0, 0xe0, 0xc0, 0xc0, 0xc0, 0xff, 0x00,
    0xff, 0x80, 0xff, 0x80, 0x60, 0xf0, 0xf0, 0x70, 0x03, 0x03, 0x07, 0x07, 0x06, 0x0e, 0x0e, 0x0e,
    0x0c, 0x1c, 0x1c, 0x1c, 0x18, 0x38, 0x38, 0x30, 0x70, 0x70, 0x70, 0x60, 0xe0, 0xe0, 0xe0, 0xc0,
    0x07, 0xc0, 0x1f, 0xf0, 0x1f, 0xf8, 0x38, 0x3c, 0x78, 0x1c, 0x70, 0x1c, 0x70, 0x0e, 0x70, 0x0e,
    0x70, 0x0e, 0xe0, 0x0e, 0xe0, 0x0e, 0x70, 0x0e, 0x70, 0x0e, 0x70, 0x0e, 0x70, 0x1c, 0x70, 0x1c,
    0x38, 0x3c, 0x3c, 0x78, 0x1f, 0xf0, 0x0f, 0xe0, 0x0f, 0x1f, 0x7f, 0xf7, 0xe7, 0xc7, 0x07, 0x07,
    0x07, 0x07, 0x07, 0x07, 0x07, 0x07, 0x07, 0x07, 0x07, 0x07, 0x07, 0x07, 0x0f, 0x80, 0x3f, 0xe0,
    0x7f, 0xf0, 0xf0, 0x70, 0xe0, 0x78, 0xe0, 0x38, 0x00, 0x38, 0x00, 0x70, 0x00, 0x70, 0x00, 0xe0,
    0x01, 0xe0, 0x03, 0xc0, 0x07, 0x80, 0x0f, 0x00, 0x1e, 0x00, 0x3c, 0x00, 0x78, 0x00, 0xff, 0xf8,
    0xff, 0xf8, 0xff, 0xf8, 0x0f, 0x80, 0x3f, 0xe0, 0x7f, 0xf0, 0xf0, 0x70, 0xe0, 0x38, 0x00, 0x38,
    0x00, 0x38, 0x00, 0x70, 0x00, 0xf0, 0x0f, 0xc0, 0x0f, 0xe0, 0x00, 0xf0, 0x00, 0x38, 0x00, 0x38,
    0x00, 0x38, 0xe0, 0x38, 0xe0, 0x38, 0xf8, 0xf8, 0x7f, 0xf0, 0x1f, 0xc0, 0x00, 0x70, 0x00, 0xf8,
    0x00, 0xf8, 0x01, 0xf8, 0x03, 0xf8, 0x03, 0xb8, 0x07, 0x38, 0x0e, 0x38, 0x0e, 0x38, 0x1c, 0x38,
    0x1c, 0x38, 0x38, 0x38, 0x70, 0x38, 0x7f, 0xfe, 0xff, 0xfe, 0xff, 0xfe, 0x00, 0x38, 0x00, 0x38,
    0x00, 0x38, 0x00, 0x38, 0x7f, 0xf0, 0x7f, 0xf0, 0x7f, 0xf0, 0x60, 0x00, 0xe0, 0x00, 0xe0, 0x00,
    0xe0, 0x00, 0xef, 0x80, 0xff, 0xe0, 0xff, 0xe0, 0x60, 0xf0, 0x00, 0x70, 0x00, 0x38, 0x00, 0x38,
    0x00, 0x38, 0xe0, 0x70, 0xe0, 0x70, 0xf9, 0xf0, 0x7f, 0xe0, 0x3f, 0x80, 0x07, 0xe0, 0x0f, 0xf0,
    0x1f, 0xf8, 0x3c, 0x3c, 0x38, 0x1c, 0x70, 0x00, 0x70, 0x00, 0x73, 0xe0, 0x77, 0xf0, 0x7f, 0xf8,
    0xf8, 0x3c, 0xf0, 0x1c, 0x70, 0x1c, 0x70, 0x0e, 0x70, 0x1c, 0x70, 0x1c, 0x38, 0x3c, 0x3c, 0x78,
    0x1f, 0xf0, 0x0f, 0xe0, 0xff, 0xf8, 0xff, 0xf8, 0xff, 0xf8, 0x00, 0x38, 0x00, 0x78, 0x00, 0x70,
    0x00, 0xf0, 0x00, 0xe0, 0x01, 0xe0, 0x01, 0xc0, 0x03, 0xc0, 0x03, 0x80, 0x07, 0x80, 0x07, 0x00,
    0x0f, 0x00, 0x0e, 0x00, 0x1e, 0x00, 0x1c, 0x00, 0x3c, 0x00, 0x38, 0x00, 0x07, 0xc0, 0x1f, 0xf0,
    0x3f, 0xf8, 0x38, 0x38, 0x70, 0x1c, 0x70, 0x1c, 0x70, 0x1c, 0x38, 0x38, 0x1f, 0xf0, 0x0f, 0xe0,
    0x1f, 0xf0, 0x38, 0x38, 0x70, 0x1c, 0x70, 0x1c, 0xe0, 0x1c, 0x70, 0x1c, 0x70, 0x1c, 0x7c, 0x7c,
    0x3f, 0xf8, 0x0f, 0xe0, 0x07, 0xc0, 0x1f, 0xf0, 0x3f, 0xf8, 0x78, 0x38, 0x70, 0x1c, 0x70, 0x1c,
    0xe0, 0x1c, 0x70, 0x1c, 0x70, 0x1e, 0x78, 0x3e, 0x3c, 0xfe, 0x3f, 0xfc, 0x0f, 0x9c, 0x00, 0x1c,
    0x00, 0x1c, 0x70, 0x3c, 0x78, 0x38, 0x3f, 0xf0, 0x3f, 0xf0, 0x0f, 0xc0, 0x70, 0xf0, 0xf0, 0x70,
    0x00, 0x00, 0x00, 0x00, 0x00, 0x00, 0x60, 0xf0, 0xf0, 0x70, 0x70, 0x70, 0x70, 0x70, 0x00, 0x00,
    0x00, 0x00, 0x00, 0x00, 0x00, 0x70, 0x70, 0xe0, 0xe0, 0xe0, 0xe0, 0xc0, 0xc0, 0x00, 0x08, 0x00,
    0x38, 0x00, 0xf8, 0x03, 0xf0, 0x0f, 0xc0, 0x7e, 0x00, 0xf8, 0x00, 0xf0, 0x00, 0x7c, 0x00, 0x1f,
    0x80, 0x07, 0xe0, 0x01, 0xf8, 0x00, 0x78, 0x00, 0x18, 0xff, 0xf0, 0xff, 0xf0, 0xff, 0xf0, 0x00,
    0x00, 0x00, 0x00, 0x00, 0x00, 0xff, 0xf0, 0xff, 0xf0, 0xff, 0xf0, 0x80, 0x00, 0xe0, 0x00, 0xf8,
    0x00, 0x7e, 0x00, 0x1f, 0x80, 0x03, 0xf0, 0x00, 0xf8, 0x00, 0x78, 0x01, 0xf0, 0x0f, 0xc0, 0x3f,
    0x00, 0xfc, 0x00, 0xf0, 0x00, 0xc0, 0x00, 0x1f, 0x80, 0x3f, 0xc0, 0x7f, 0xe0, 0xf0, 0xe0, 0xe0,
    0x70, 0x00, 0x70, 0x00, 0x70, 0x00, 0xe0, 0x01, 0xe0, 0x07, 0xc0, 0x07, 0x00, 0x0e, 0x00, 0x0e,
    0x00, 0x0e, 0x00, 0x00, 0x00, 0x00, 0x00, 0x04, 0x00, 0x0e, 0x00, 0x1f, 0x00, 0x0e, 0x00, 0x00,
    0xff, 0x00, 0x03, 0xff, 0xe0, 0x07, 0xc1, 0xf0, 0x1e, 0x00, 0x38, 0x1c, 0x00, 0x1c, 0x38, 0x00,
    0x0e, 0x30, 0x7f, 0xce, 0x70, 0xff, 0xc7, 0x71, 0xe3, 0xc7, 0x61, 0xc1, 0xc7, 0x61, 0x81, 0xc7,
    0xe3, 0x81, 0xc7, 0xe3, 0x81, 0xc7, 0x61, 0x81, 0xc7, 0x61, 0x81, 0xc7, 0x61, 0xc3, 0xc6, 0x70,
    0xff, 0xee, 0x70, 0xfe, 0xfc, 0x38, 0x3c, 0x38, 0x38, 0x00, 0x00, 0x1e, 0x00, 0x00, 0x0f, 0x80,
    0x40, 0x07, 0xff, 0xe0, 0x01, 0xff, 0xc0, 0x00, 0x0c, 0x00, 0x01, 0xc0, 0x00, 0x03, 0xe0, 0x00,
    0x03, 0xe0, 0x00, 0x03, 0xf0, 0x00, 0x07, 0x70, 0x00, 0x07, 0x70, 0x00, 0x0e, 0x38, 0x00, 0x0e,
    0x38, 0x00, 0x0e, 0x38, 0x00, 0x1e, 0x1c, 0x00, 0x1c, 0x1c, 0x00, 0x1c, 0x1e, 0x00, 0x3f, 0xfe,
    0x00, 0x3f, 0xfe, 0x00, 0x3f, 0xff, 0x00, 0x78, 0x07, 0x00, 0x70, 0x07, 0x00, 0x70, 0x07, 0x80,
    0xf0, 0x03, 0x80, 0xe0, 0x03, 0x80, 0xff, 0xc0, 0xff, 0xf0, 0xff, 0xf8, 0xe0, 0x38, 0xe0, 0x3c,
    0xe0, 0x1c, 0xe0, 0x1c, 0xe0, 0x38, 0xe0, 0x70, 0xff, 0xe0, 0xff, 0xf0, 0xe0, 0x78, 0xe0, 0x1c,
    0xe0, 0x1c, 0xe0, 0x1c, 0xe0, 0x1c, 0xe0, 0x1c, 0xff, 0xfc, 0xff, 0xf8, 0xff, 0xe0, 0x03, 0xf0,
    0x00, 0x0f, 0xfc, 0x00, 0x1f, 0xfe, 0x00, 0x3e, 0x0f, 0x00, 0x38, 0x07, 0x80, 0x78, 0x03, 0x80,
    0x70, 0x01, 0x80, 0x70, 0x00, 0x00, 0x70, 0x00, 0x00, 0xf0, 0x00, 0x00, 0xe0, 0x00, 0x00, 0x70,
    0x00, 0x00, 0x70, 0x00, 0x00, 0x70, 0x00, 0x00, 0x70, 0x03, 0x80, 0x38, 0x03, 0x80, 0x3c, 0x0f,
    0x00, 0x1f, 0xff, 0x00, 0x0f, 0xfe, 0x00, 0x03, 0xf8, 0x00, 0xff, 0x80, 0xff, 0xf0, 0xff, 0xf8,
    0xe0, 0x7c, 0xe0, 0x1e, 0xe0, 0x0e, 0xe0, 0x0f, 0xe0, 0x07, 0xe0, 0x07, 0xe0, 0x07, 0xe0, 0x07,
    0xe0, 0x07, 0xe0, 0x07, 0xe0, 0x0f, 0xe0, 0x0e, 0xe0, 0x1e, 0xe0, 0x3c, 0xff, 0xf8, 0xff, 0xf0,
    0xff, 0xc0, 0xff, 0xf0, 0xff, 0xf8, 0xff, 0xf8, 0xe0, 0x00, 0xe0, 0x00, 0xe0, 0x00, 0xe0, 0x00,
    0xe0, 0x00, 0xe0, 0x00, 0xff, 0xf0, 0xff, 0xf0, 0xe0, 0x00, 0xe0, 0x00, 0xe0, 0x00, 0xe0, 0x00,
    0xe0, 0x00, 0xe0, 0x00, 0xff, 0xf0, 0xff, 0xf8, 0xff, 0xf8, 0xff, 0xf0, 0xff, 0xf8, 0xff, 0xf0,
    0xe0, 0x00, 0xe0, 0x00, 0xe0, 0x00, 0xe0, 0x00, 0xe0, 0x00, 0xe0, 0x00, 0xff, 0xe0, 0xff, 0xf0,
    0xff, 0xf0, 0xe0, 0x00, 0xe0, 0x00, 0xe0, 0x00, 0xe0, 0x00, 0xe0, 0x00, 0xe0, 0x00, 0xe0, 0x00,
    0xe0, 0x00, 0x03, 0xf0, 0x00, 0x0f, 0xfc, 0x00, 0x1f, 0xff, 0x00, 0x3e, 0x0f, 0x00, 0x38, 0x07,
    0x80, 0x78, 0x03, 0x80, 0x70, 0x00, 0x00, 0x70, 0x00, 0x00, 0x70, 0x00, 0x00, 0xf0, 0x00, 0x00,
    0xe0, 0x3f, 0xc0, 0x70, 0x3f, 0xc0, 0x70, 0x01, 0xc0, 0x70, 0x01, 0xc0, 0x70, 0x03, 0x80, 0x38,
    0x03, 0x80, 0x3c, 0x07, 0x80, 0x1f, 0xff, 0x00, 0x0f, 0xfe, 0x00, 0x03, 0xf8, 0x00, 0xe0, 0x07,
    0xe0, 0x07, 0xe0, 0x07, 0xe0, 0x07, 0xe0, 0x07, 0xe0, 0x07, 0xe0, 0x07, 0xe0, 0x07, 0xe0, 0x07,
    0xff, 0xff, 0xff, 0xff, 0xe0, 0x07, 0xe0, 0x07, 0xe0, 0x07, 0xe0, 0x07, 0xe0, 0x07, 0xe0, 0x07,
    0xe0, 0x07, 0xe0, 0x07, 0xe0, 0x07, 0xe0, 0xe0, 0xe0, 0xe0, 0xe0, 0xe0, 0xe0, 0xe0, 0xe0, 0xe0,
    0xe0, 0xe0, 0xe0, 0xe0, 0xe0, 0xe0, 0xe0, 0xe0, 0xe0, 0xe0, 0x00, 0x30, 0x00, 0x70, 0x00, 0x70,
    0x00, 0x70, 0x00, 0x70, 0x00, 0x70, 0x00, 0x70, 0x00, 0x70, 0x00, 0x70, 0x00, 0x70, 0x00, 0x70,
    0x00, 0x70, 0x00, 0x70, 0xe0, 0x70, 0xe0, 0x70, 0xe0, 0x70, 0x70, 0x70, 0x78, 0xf0, 0x3f, 0xe0,
    0x1f, 0xc0, 0xe0, 0x0e, 0xe0, 0x1e, 0xe0, 0x3c, 0xe0, 0x78, 0xe0, 0xf0, 0xe1, 0xe0, 0xe3, 0xc0,
    0xe7, 0x80, 0xe7, 0x00, 0xef, 0x80, 0xff, 0x80, 0xfb, 0xc0, 0xf1, 0xe0, 0xf0, 0xe0, 0xe0, 0xf0,
    0xe0, 0x78, 0xe0, 0x38, 0xe0, 0x1c, 0xe0, 0x1e, 0xe0, 0x0f, 0xe0, 0x00, 0xe0, 0x00, 0xe0, 0x00,
    0xe0, 0x00, 0xe0, 0x00, 0xe0, 0x00, 0xe0, 0x00, 0xe0, 0x00, 0xe0, 0x00, 0xe0, 0x00, 0xe0, 0x00,
    0xe0, 0x00, 0xe0, 0x00, 0xe0, 0x00, 0xe0, 0x00, 0xe0, 0x00, 0xe0, 0x00, 0xff, 0xf0, 0xff, 0xf0,
    0xff, 0xf0, 0xf8, 0x00, 0xf0, 0xf8, 0x00, 0xf8, 0xfc, 0x01, 0xf8, 0xfc, 0x01, 0xf8, 0xfc, 0x03,
    0xf8, 0xee, 0x03, 0xb8, 0xee, 0x03, 0xb8, 0xef, 0x07, 0x38, 0xe7, 0x07, 0x78, 0xe7, 0x07, 0x78,
    0xe3, 0x8e, 0x78, 0xe3, 0x8e, 0x78, 0xe3, 0x8e, 0x78, 0xe1, 0xdc, 0x78, 0xe1, 0xdc, 0x78, 0xe1,
    0xd8, 0x78, 0xe0, 0xf8, 0x78, 0xe0, 0xf8, 0x78, 0xe0, 0x70, 0x78, 0xe0, 0x70, 0x78, 0xf0, 0x07,
    0xf0, 0x07, 0xf8, 0x07, 0xfc, 0x07, 0xfc, 0x07, 0xee, 0x07, 0xef, 0x07, 0xe7, 0x07, 0xe7, 0x87,
    0xe3, 0x87, 0xe1, 0xc7, 0xe1, 0xe7, 0xe0, 0xe7, 0xe0, 0x77, 0xe0, 0x77, 0xe0, 0x3f, 0xe0, 0x3f,
    0xe0, 0x1f, 0xe0, 0x0f, 0xe0, 0x0f, 0x03, 0xf0, 0x00, 0x0f, 0xfc, 0x00, 0x1f, 0xff, 0x00, 0x3e,
    0x0f, 0x00, 0x38, 0x07, 0x80, 0x78, 0x03, 0x80, 0x70, 0x01, 0xc0, 0x70, 0x01, 0xc0, 0x70, 0x01,
    0xc0, 0xf0, 0x01, 0xc0, 0xe0, 0x01, 0xc0, 0x70, 0x01, 0xc0, 0x70, 0x01, 0xc0, 0x70, 0x01, 0xc0,
    0x70, 0x03, 0xc0, 0x38, 0x03, 0x80, 0x3c, 0x07, 0x80, 0x1f, 0xff, 0x00, 0x0f, 0xfe, 0x00, 0x03,
    0xf8, 0x00, 0xff, 0xc0, 0xff, 0xf0, 0xff, 0xf8, 0xe0, 0x38, 0xe0, 0x1c, 0xe0, 0x1c, 0xe0, 0x1c,
    0xe0, 0x1c, 0xe0, 0x1c, 0xe0, 0x38, 0xff, 0xf8, 0xff, 0xf0, 0xff, 0xc0, 0xe0, 0x00, 0xe0, 0x00,
    0xe0, 0x00, 0xe0, 0x00, 0xe0, 0x00, 0xe0, 0x00, 0xe0, 0x00, 0x03, 0xf0, 0x00, 0x0f, 0xfc, 0x00,
    0x1f, 0xff, 0x00, 0x3e, 0x0f, 0x00, 0x38, 0x07, 0x80, 0x78, 0x03, 0x80, 0x70, 0x01, 0xc0, 0x70,
    0x01, 0xc0, 0x70, 0x01, 0xc0, 0xf0, 0x01, 0xc0, 0xe0, 0x01, 0xc0, 0x70, 0x01, 0xc0, 0x70, 0x01,
    0xc0, 0x70, 0x01, 0xc0, 0x70, 0x73, 0xc0, 0x38, 0x3b, 0x80, 0x3c, 0x1f, 0x80, 0x1f, 0xff, 0x00,
    0x0f, 0xfe, 0x00, 0x03, 0xff, 0x00, 0x00, 0x03, 0x80, 0x00, 0x03, 0x80, 0xff, 0x80, 0xff, 0xf0,
    0xff, 0xf8, 0xe0, 0x38, 0xe0, 0x1c, 0xe0, 0x1c, 0xe0, 0x1c, 0xe0, 0x1c, 0xe0, 0x3c, 0xe0, 0x78,
    0xff, 0xf8, 0xff, 0xe0, 0xff, 0xe0, 0xe0, 0xe0, 0xe0, 0xf0, 0xe0, 0x70, 0xe0, 0x78, 0xe0, 0x38,
    0xe0, 0x1c, 0xe0, 0x1e, 0x1f, 0xe0, 0x3f, 0xf0, 0x7f, 0xf8, 0xf0, 0x38, 0xe0, 0x1c, 0xe0, 0x00,
    0xe0, 0x00, 0xf0, 0x00, 0x7e, 0x00, 0x3f, 0xc0, 0x0f, 0xf0, 0x00, 0xf8, 0x00, 0x3c, 0x00, 0x1c,
    0xc0, 0x1c, 0xe0, 0x1c, 0xf0, 0x3c, 0xff, 0xf8, 0x7f, 0xf0, 0x1f, 0xe0, 0xff, 0xfe, 0xff, 0xff,
    0xff, 0xfe, 0x03, 0x80, 0x03, 0x80, 0x03, 0x80, 0x03, 0x80, 0x03, 0x80, 0x03, 0x80, 0x03, 0x80,
    0x03, 0x80, 0x03, 0x80, 0x03, 0x80, 0x03, 0x80, 0x03, 0x80, 0x03, 0x80, 0x03, 0x80, 0x03, 0x80,
    0x03, 0x80, 0x01, 0x80, 0xe0, 0x07, 0xe0, 0x07, 0xe0, 0x07, 0xe0, 0x07, 0xe0, 0x07, 0xe0, 0x07,
    0xe0, 0x07, 0xe0, 0x07, 0xe0, 0x07, 0xe0, 0x07, 0xe0, 0x07, 0xe0, 0x07, 0xe0, 0x07, 0xe0, 0x07,
    0xe0, 0x07, 0x70, 0x0f, 0x78, 0x1e, 0x3f, 0xfe, 0x1f, 0xfc, 0x0f, 0xf0, 0xe0, 0x03, 0x80, 0xe0,
    0x03, 0x80, 0xf0, 0x07, 0x80, 0x70, 0x07, 0x00, 0x70, 0x07, 0x00, 0x38, 0x0f, 0x00, 0x38, 0x0e,
    0x00, 0x38, 0x0e, 0x00, 0x1c, 0x1e, 0x00, 0x1c, 0x1c, 0x00, 0x1e, 0x1c, 0x00, 0x0e, 0x3c, 0x00,
    0x0e, 0x38, 0x00, 0x0e, 0x38, 0x00, 0x07, 0x70, 0x00, 0x07, 0x70, 0x00, 0x07, 0x70, 0x00, 0x03,
    0xe0, 0x00, 0x03, 0xe0, 0x00, 0x01, 0xe0, 0x00, 0xe0, 0x1c, 0x03, 0x80, 0xe0, 0x1e, 0x03, 0x80,
    0xe0, 0x3e, 0x03, 0x80, 0x70, 0x3e, 0x07, 0x80, 0x70, 0x3e, 0x07, 0x00, 0x70, 0x37, 0x07, 0x00,
    0x70, 0x77, 0x07, 0x00, 0x38, 0x77, 0x0e, 0x00, 0x38, 0x77, 0x0e, 0x00, 0x38, 0xe3, 0x8e, 0x00,
    0x38, 0xe3, 0x8e, 0x00, 0x1c, 0xe3, 0x9c, 0x00, 0x1c, 0xe1, 0x9c, 0x00, 0x1d, 0xc1, 0xdc, 0x00,
    0x1d, 0xc1, 0xdc, 0x00, 0x0f, 0xc1, 0xd8, 0x00, 0x0f, 0x80, 0xf8, 0x00, 0x0f, 0x80, 0xf8, 0x00,
    0x07, 0x80, 0xf8, 0x00, 0x07, 0x80, 0xf0, 0x00, 0x70, 0x07, 0x00, 0x78, 0x0f, 0x00, 0x38, 0x0e,
    0x00, 0x3c, 0x1c, 0x00, 0x1e, 0x3c, 0x00, 0x0e, 0x38, 0x00, 0x0f, 0x70, 0x00, 0x07, 0xf0, 0x00,
    0x03, 0xe0, 0x00, 0x03, 0xc0, 0x00, 0x03, 0xe0, 0x00, 0x03, 0xe0, 0x00, 0x07, 0x70, 0x00, 0x0f,
    0x78, 0x00, 0x1e, 0x38, 0x00, 0x1c, 0x1c, 0x00, 0x3c, 0x1e, 0x00, 0x78, 0x0e, 0x00, 0x70, 0x07,
    0x00, 0xf0, 0x07, 0x80, 0xe0, 0x03, 0x80, 0xf0, 0x07, 0x00, 0x78, 0x0f, 0x00, 0x38, 0x0e, 0x00,
    0x3c, 0x1e, 0x00, 0x1c, 0x1c, 0x00, 0x0e, 0x38, 0x00, 0x0f, 0x78, 0x00, 0x07, 0x70, 0x00, 0x07,
    0xf0, 0x00, 0x03, 0xe0, 0x00, 0x01, 0xc0, 0x00, 0x01, 0xc0, 0x00, 0x01, 0xc0, 0x00, 0x01, 0xc0,
    0x00, 0x01, 0xc0, 0x00, 0x01, 0xc0, 0x00, 0x01, 0xc0, 0x00, 0x01, 0xc0, 0x00, 0x01, 0xc0, 0x00,
    0x7f, 0xfc, 0xff, 0xfe, 0x7f, 0xfc, 0x00, 0x3c, 0x00, 0x38, 0x00, 0x70, 0x00, 0xf0, 0x00, 0xe0,
    0x01, 0xc0, 0x03, 0xc0, 0x03, 0x80, 0x07, 0x00, 0x0f, 0x00, 0x0e, 0x00, 0x1c, 0x00, 0x3c, 0x00,
    0x38, 0x00, 0x7f, 0xfc, 0xff, 0xfe, 0xff, 0xfe, 0xf8, 0xf8, 0xf8, 0xe0, 0xe0, 0xe0, 0xe0, 0xe0,
    0xe0, 0xe0, 0xe0, 0xe0, 0xe0, 0xe0, 0xe0, 0xe0, 0xe0, 0xe0, 0xe0, 0xe0, 0xe0, 0xe0, 0xf8, 0xf8,
    0xf8, 0xc0, 0xc0, 0xe0, 0xe0, 0x60, 0x70, 0x70, 0x70, 0x30, 0x38, 0x38, 0x38, 0x18, 0x1c, 0x1c,
    0x0c, 0x0c, 0x0e, 0x0e, 0x06, 0x07, 0x07, 0x07, 0x03, 0xf8, 0xf8, 0xf8, 0x38, 0x38, 0x38, 0x38,
    0x38, 0x38, 0x38, 0x38, 0x38, 0x38, 0x38, 0x38, 0x38, 0x38, 0x38, 0x38, 0x38, 0x38, 0x38, 0xf8,
    0xf8, 0xf8, 0x0e, 0x00, 0x1f, 0x00, 0x1b, 0x00, 0x3b, 0x80, 0x31, 0x80, 0x71, 0xc0, 0x61, 0xc0,
    0xe0, 0xe0, 0xff, 0xf8, 0xff, 0xf8, 0xff, 0xf0, 0xe0, 0x70, 0x70, 0x38, 0x0f, 0x80, 0x3f, 0xe0,
    0x7f, 0xf0, 0x70, 0x70, 0x00, 0x70, 0x00, 0x70, 0x03, 0xf0, 0x3f, 0xf0, 0x7e, 0x70, 0xf0, 0x70,
    0xe0, 0x70, 0xe0, 0x70, 0xf0, 0xf0, 0x7f, 0xf0, 0x3f, 0x70, 0x0c, 0x00, 0xe0, 0x00, 0xe0, 0x00,
    0xe0, 0x00, 0xe0, 0x00, 0xe0, 0x00, 0xe7, 0x80, 0xef, 0xe0, 0xff, 0xf0, 0xf0, 0x78, 0xf0, 0x38,
    0xe0, 0x38, 0xe0, 0x38, 0xe0, 0x38, 0xe0, 0x38, 0xe0, 0x38, 0xe0, 0x38, 0xf0, 0x78, 0xf8, 0xf0,
    0xff, 0xf0, 0xef, 0xe0, 0x07, 0xc0, 0x1f, 0xe0, 0x3f, 0xf0, 0x78, 0x78, 0x70, 0x38, 0xf0, 0x00,
    0xe0, 0x00, 0xe0, 0x00, 0xe0, 0x00, 0xe0, 0x00, 0x70, 0x10, 0x70, 0x38, 0x78, 0x78, 0x3f, 0xf0,
    0x1f, 0xe0, 0x00, 0x1c, 0x00, 0x1c, 0x00, 0x1c, 0x00, 0x1c, 0x00, 0x1c, 0x0f, 0x9c, 0x1f, 0xdc,
    0x3f, 0xfc, 0x78, 0x7c, 0x70, 0x3c, 0xf0, 0x1c, 0xe0, 0x1c, 0xe0, 0x1c, 0xe0, 0x1c, 0xe0, 0x1c,
    0x70, 0x3c, 0x70, 0x3c, 0x78, 0x7c, 0x3f, 0xdc, 0x1f, 0x9c, 0x07, 0x80, 0x1f, 0xe0, 0x3f, 0xf0,
    0x78, 0x78, 0x70, 0x38, 0xe0, 0x3c, 0xff, 0xfc, 0xff, 0xfc, 0xff, 0xfc, 0xe0, 0x00, 0x70, 0x00,
    0x70, 0x38, 0x78, 0x78, 0x3f, 0xf0, 0x1f, 0xe0, 0x01, 0x00, 0x0f, 0xc0, 0x0f, 0x80, 0x1e, 0x00,
    0x1c, 0x00, 0x1c, 0x00, 0xff, 0x80, 0xff, 0x80, 0xff, 0x80, 0x1c, 0x00, 0x1c, 0x00, 0x1c, 0x00,
    0x1c, 0x00, 0x1c, 0x00, 0x1c, 0x00, 0x1c, 0x00, 0x1c, 0x00, 0x1c, 0x00, 0x1c, 0x00, 0x1c, 0x00,
    0x1c, 0x00, 0x0f, 0x1c, 0x1f, 0xdc, 0x3f, 0xfc, 0x78, 0x7c, 0x70, 0x3c, 0xf0, 0x3c, 0xe0, 0x1c,
    0xe0, 0x1c, 0xe0, 0x1c, 0xe0, 0x1c, 0x70, 0x3c, 0x78, 0x3c, 0x3f, 0xfc, 0x3f, 0xdc, 0x0f, 0x9c,
    0x00, 0x1c, 0x00, 0x1c, 0x70, 0x38, 0x7f, 0xf8, 0x3f, 0xf0, 0x0f, 0xc0, 0xe0, 0x00, 0xe0, 0x00,
    0xe0, 0x00, 0xe0, 0x00, 0xe0, 0x00, 0xe7, 0xc0, 0xef, 0xe0, 0xff, 0xf0, 0xf0, 0x70, 0xe0, 0x70,
    0xe0, 0x70, 0xe0, 0x70, 0xe0, 0x70, 0xe0, 0x70, 0xe0, 0x70, 0xe0, 0x70, 0xe0, 0x70, 0xe0, 0x70,
    0xe0, 0x70, 0xe0, 0x70, 0x40, 0xe0, 0xe0, 0xe0, 0x00, 0x00, 0xe0, 0xe0, 0xe0, 0xe0, 0xe0, 0xe0,
    0xe0, 0xe0, 0xe0, 0xe0, 0xe0, 0xe0, 0xe0, 0xe0, 0xe0, 0x08, 0x1c, 0x1c, 0x1c, 0x00, 0x00, 0x1c,
    0x1c, 0x1c, 0x1c, 0x1c, 0x1c, 0x1c, 0x1c, 0x1c, 0x1c, 0x1c, 0x1c, 0x1c, 0x1c, 0x1c, 0x1c, 0x1c,
    0x3c, 0xf8, 0xf0, 0x40, 0xe0, 0x00, 0xe0, 0x00, 0xe0, 0x00, 0xe0, 0x00, 0xe0, 0x00, 0xe0, 0x70,
    0xe0, 0xe0, 0xe1, 0xc0, 0xe3, 0xc0, 0xe7, 0x80, 0xef, 0x00, 0xfe, 0x00, 0xfe, 0x00, 0xff, 0x00,
    0xe7, 0x80, 0xe3, 0xc0, 0xe1, 0xc0, 0xe1, 0xe0, 0xe0, 0xf0, 0xe0, 0x78, 0xe0, 0xe0, 0xe0, 0xe0,
    0xe0, 0xe0, 0xe0, 0xe0, 0xe0, 0xe0, 0xe0, 0xe0, 0xe0, 0xe0, 0xe0, 0xe0, 0xe0, 0xe0, 0xe0, 0xe0,
    0xe7, 0x87, 0xc0, 0xef, 0xcf, 0xe0, 0xff, 0xff, 0xf0, 0xf0, 0xf0, 0x70, 0xe0, 0xf0, 0x70, 0xe0,
    0x70, 0x70, 0xe0, 0x70, 0x70, 0xe0, 0x70, 0x70, 0xe0, 0x70, 0x70, 0xe0, 0x70, 0x70, 0xe0, 0x70,
    0x70, 0xe0, 0x70, 0x70, 0xe0, 0x70, 0x70, 0xe0, 0x70, 0x70, 0xe0, 0x70, 0x70, 0xe7, 0xc0, 0xef,
    0xe0, 0xff, 0xf0, 0xf0, 0x70, 0xe0, 0x70, 0xe0, 0x70, 0xe0, 0x70, 0xe0, 0x70, 0xe0, 0x70, 0xe0,
    0x70, 0xe0, 0x70, 0xe0, 0x70, 0xe0, 0x70, 0xe0, 0x70, 0xe0, 0x70, 0x07, 0xc0, 0x1f, 0xe0, 0x3f,
    0xf0, 0x78, 0x78, 0x70, 0x38, 0xf0, 0x1c, 0xe0, 0x1c, 0xe0, 0x1c, 0xe0, 0x1c, 0xe0, 0x1c, 0x70,
    0x1c, 0x70, 0x38, 0x78, 0x78, 0x3f, 0xf0, 0x1f, 0xe0, 0xe7, 0x80, 0xef, 0xe0, 0xff, 0xf0, 0xf0,
    0x78, 0xf0, 0x38, 0xe0, 0x38, 0xe0, 0x38, 0xe0, 0x38, 0xe0, 0x38, 0xe0, 0x38, 0xe0, 0x38, 0xf0,
    0x78, 0xf8, 0xf0, 0xff, 0xe0, 0xe7, 0xc0, 0xe0, 0x00, 0xe0, 0x00, 0xe0, 0x00, 0xe0, 0x00, 0xe0,
    0x00, 0xe0, 0x00, 0x0f, 0x1c, 0x1f, 0xdc, 0x3f, 0xfc, 0x78, 0x7c, 0x70, 0x3c, 0xf0, 0x3c, 0xe0,
    0x1c, 0xe0, 0x1c, 0xe0, 0x1c, 0xe0, 0x1c, 0x70, 0x3c, 0x70, 0x3c, 0x7c, 0xfc, 0x3f, 0xdc, 0x1f,
    0x9c, 0x00, 0x1c, 0x00, 0x1c, 0x00, 0x1c, 0x00, 0x1c, 0x00, 0x1c, 0x00, 0x18, 0xe7, 0xef, 0xff,
    0xf0, 0xe0, 0xe0, 0xe0, 0xe0, 0xe0, 0xe0, 0xe0, 0xe0, 0xe0, 0xe0, 0xe0, 0x1f, 0x00, 0x7f, 0xc0,
    0xfb, 0xc0, 0xe0, 0xe0, 0xe0, 0x00, 0xe0, 0x00, 0xfc, 0x00, 0x7f, 0x80, 0x1f, 0xc0, 0x01, 0xe0,
    0x00, 0xe0, 0xc0, 0xe0, 0xe1, 0xe0, 0xff, 0xc0, 0x7f, 0x80, 0x38, 0x00, 0x38, 0x00, 0x38, 0x00,
    0xff, 0x00, 0xff, 0x00, 0x7f, 0x00, 0x38, 0x00, 0x38, 0x00, 0x38, 0x00, 0x38, 0x00, 0x38, 0x00,
    0x38, 0x00, 0x38, 0x00, 0x38, 0x00, 0x3c, 0x00, 0x1c, 0x00, 0x1f, 0x80, 0x0f, 0x80, 0xe0, 0x30,
    0xe0, 0x70, 0xe0, 0x70, 0xe0, 0x70, 0xe0, 0x70, 0xe0, 0x70, 0xe0, 0x70, 0xe0, 0x70, 0xe0, 0x70,
    0xe0, 0x70, 0xe0, 0x70, 0xf0, 0x70, 0x79, 0xf0, 0x7f, 0xb0, 0x3f, 0x30, 0xe0, 0x1c, 0xe0, 0x38,
    0xf0, 0x38, 0x70, 0x38, 0x70, 0x70, 0x38, 0x70, 0x38, 0x70, 0x38, 0xe0, 0x1c, 0xe0, 0x1c, 0xc0,
    0x1d, 0xc0, 0x0f, 0xc0, 0x0f, 0x80, 0x07, 0x80, 0x07, 0x80, 0xe0, 0x70, 0x30, 0xe0, 0xf0, 0x70,
    0xe0, 0xf0, 0x70, 0x70, 0xf8, 0x70, 0x70, 0xf8, 0xe0, 0x71, 0xd8, 0xe0, 0x39, 0xd8, 0xe0, 0x39,
    0x9c, 0xc0, 0x39, 0x9d, 0xc0, 0x3b, 0x8d, 0xc0, 0x1b, 0x0d, 0xc0, 0x1f, 0x0f, 0x80, 0x1f, 0x07,
    0x80, 0x0f, 0x07, 0x80, 0x0e, 0x07, 0x00, 0xe0, 0x38, 0x70, 0x70, 0x78, 0xf0, 0x38, 0xe0, 0x1d,
    0xc0, 0x1f, 0xc0, 0x0f, 0x80, 0x07, 0x00, 0x0f, 0x80, 0x1f, 0xc0, 0x1d, 0xc0, 0x38, 0xe0, 0x78,
    0xf0, 0x70, 0x70, 0xe0, 0x38, 0xe0, 0x1c, 0xe0, 0x38, 0xf0, 0x38, 0x70, 0x38, 0x70, 0x70, 0x38,
    0x70, 0x38, 0x70, 0x38, 0xe0, 0x1c, 0xe0, 0x1c, 0xc0, 0x1d, 0xc0, 0x0f, 0xc0, 0x0f, 0x80, 0x07,
    0x80, 0x07, 0x00, 0x07, 0x00, 0x07, 0x00, 0x0e, 0x00, 0x7e, 0x00, 0x7c, 0x00, 0x20, 0x00, 0xff,
    0xe0, 0xff, 0xe0, 0xff, 0xe0, 0x01, 0xc0, 0x03, 0xc0, 0x07, 0x80, 0x07, 0x00, 0x0e, 0x00, 0x1e,
    0x00, 0x3c, 0x00, 0x38, 0x00, 0x70, 0x00, 0xff, 0xe0, 0xff, 0xf0, 0xff, 0xe0, 0x07, 0x80, 0x0f,
    0x80, 0x1f, 0x00, 0x1c, 0x00, 0x1c, 0x00, 0x1c, 0x00, 0x1c, 0x00, 0x1c, 0x00, 0x1c, 0x00, 0x18,
    0x00, 0x38, 0x00, 0xf0, 0x00, 0xe0, 0x00, 0xf8, 0x00, 0x38, 0x00, 0x1c, 0x00, 0x1c, 0x00, 0x1c,
    0x00, 0x1c, 0x00, 0x1c, 0x00, 0x1c, 0x00, 0x1c, 0x00, 0x1f, 0x00, 0x0f, 0x80, 0x03, 0x00, 0xe0,
    0xe0, 0xe0, 0xe0, 0xe0, 0xe0, 0xe0, 0xe0, 0xe0, 0xe0, 0xe0, 0xe0, 0xe0, 0xe0, 0xe0, 0xe0, 0xe0,
    0xe0, 0xe0, 0xe0, 0xe0, 0xe0, 0xe0, 0xe0, 0xe0, 0xe0, 0xe0, 0xe0, 0xe0, 0xe0, 0xe0, 0xe0, 0xe0,
    0xf0, 0xf8, 0x38, 0x38, 0x38, 0x38, 0x38, 0x38, 0x18, 0x1c, 0x0f, 0x07, 0x1f, 0x1c, 0x38, 0x38,
    0x38, 0x38, 0x38, 0x38, 0x38, 0xf8, 0xf0, 0xc0, 0x08, 0x00, 0x3e, 0x1c, 0x7f, 0x1c, 0xe3, 0xfc,
    0xe1, 0xf8, 0x00, 0x70,
};
static const Glyph kSmallGlyphs[] PROGMEM = {
    {0, 0, 0, 7, 0, 0}, //  32 ' '
    {0, 4, 20, 8, 2, -20}, //  33 '!'
    {20, 8, 8, 13, 3, -20}, //  34 '"'
    {28, 16, 20, 17, 1, -20}, //  35 '#'
    {68, 14, 26, 17, 2, -23}, //  36 '$'
    {120, 21, 20, 27, 3, -20}, //  37 '%'
    {180, 16, 20, 18, 1, -20}, //  38 '&'
    {220, 3, 8, 8, 3, -20}, //  39 "'"
    {228, 6, 25, 10, 3, -21}, //  40 '('
    {253, 6, 25, 10, 1, -21}, //  41 ')'
    {278, 10, 11, 14, 2, -20}, //  42 '*'
    {300, 14, 13, 18, 2, -14}, //  43 '+'
    {326, 4, 8, 8, 2, -3}, //  44 ','
    {334, 9, 3, 12, 2, -10}, //  45 '-'
    {340, 4, 4, 8, 2, -4}, //  46 '.'
    {344, 8, 24, 10, 1, -21}, //  47 '/'
    {368, 15, 20, 17, 1, -20}, //  48 '0'
    {408, 8, 20, 11, 1, -20}, //  49 '1'
    {428, 13, 20, 17, 2, -20}, //  50 '2'
    {468, 13, 20, 17, 2, -20}, //  51 '3'
    {508, 15, 20, 18, 1, -20}, //  52 '4'
    {548, 13, 20, 16, 2, -20}, //  53 '5'
    {588, 15, 20, 17, 1, -20}, //  54 '6'
    {628, 13, 20, 15, 1, -20}, //  55 '7'
    {668, 14, 20, 17, 1, -20}, //  56 '8'
    {708, 15, 20, 17, 1, -20}, //  57 '9'
    {748, 4, 14, 8, 2, -14}, //  58 ':'
    {762, 4, 19, 9, 2, -14}, //  59 ';'
    {781, 13, 14, 18, 2, -15}, //  60 '<'
    {809, 12, 9, 18, 3, -12}, //  61 '='
    {827, 13, 14, 18, 3, -15}, //  62 '>'
    {855, 12, 20, 14, 1, -20}, //  63 '?'
    {895, 24, 25, 27, 1, -19}, //  64 '@'
    {970, 17, 20, 19, 1, -20}, //  65 'A'
    {1030, 14, 20, 18, 2, -20}, //  66 'B'
    {1070, 17, 20, 20, 1, -20}, //  67 'C'
    {1130, 16, 20, 19, 2, -20}, //  68 'D'
    {1170, 13, 20, 16, 2, -20}, //  69 'E'
    {1210, 13, 20, 16, 2, -20}, //  70 'F'
    {1250, 18, 20, 20, 1, -20}, //  71 'G'
    {1310, 16, 20, 20, 2, -20}, //  72 'H'
    {1350, 3, 20, 7, 2, -20}, //  73 'I'
    {1370, 12, 20, 16, 1, -20}, //  74 'J'
    {1410, 16, 20, 19, 2, -20}, //  75 'K'
    {1450, 12, 20, 15, 2, -20}, //  76 'L'
    {1490, 21, 20, 25, 2, -20}, //  77 'M'
    {1550, 16, 20, 20, 2, -20}, //  78 'N'
    {1590, 18, 20, 21, 1, -20}, //  79 'O'
    {1650, 14, 20, 17, 2, -20}, //  80 'P'
    {1690, 18, 22, 21, 1, -20}, //  81 'Q'
    {1756, 15, 20, 18, 2, -20}, //  82 'R'
    {1796, 14, 20, 17, 2, -20}, //  83 'S'
    {1836, 16, 20, 18, 1, -20}, //  84 'T'
    {1876, 16, 20, 20, 2, -20}, //  85 'U'
    {1916, 17, 20, 19, 1, -20}, //  86 'V'
    {1976, 25, 20, 27, 1, -20}, //  87 'W'
    {2056, 17, 20, 19, 1, -20}, //  88 'X'
    {2116, 17, 20, 19, 1, -20}, //  89 'Y'
    {2176, 15, 20, 17, 1, -20}, //  90 'Z'
    {2216, 5, 25, 10, 3, -21}, //  91 '['
    {2241, 8, 24, 10, 1, -21}, //  92 '\\'
    {2265, 5, 25, 10, 2, -21}, //  93 ']'
    {2290, 11, 8, 13, 1, -19}, //  94 '^'
    {2306, 13, 3, 12, 0, 0}, //  95 '_'
    {2312, 5, 4, 9, 2, -21}, //  96 '`'
    {2316, 12, 16, 15, 1, -15}, //  97 'a'
    {2348, 13, 20, 17, 2, -20}, //  98 'b'
    {2388, 13, 15, 16, 1, -15}, //  99 'c'
    {2418, 14, 20, 17, 1, -20}, // 100 'd'
    {2458, 14, 16, 16, 1, -15}, // 101 'e'
    {2490, 10, 20, 10, 0, -20}, // 102 'f'
    {2530, 14, 21, 17, 1, -15}, // 103 'g'
    {2572, 12, 20, 16, 2, -20}, // 104 'h'
    {2612, 3, 21, 7, 2, -21}, // 105 'i'
    {2633, 6, 27, 7, -1, -21}, // 106 'j'
    {2660, 13, 20, 15, 2, -20}, // 107 'k'
    {2700, 3, 20, 7, 2, -20}, // 108 'l'
    {2720, 20, 15, 24, 2, -15}, // 109 'm'
    {2765, 12, 15, 16, 2, -15}, // 110 'n'
    {2795, 14, 15, 16, 1, -15}, // 111 'o'
    {2825, 13, 21, 17, 2, -15}, // 112 'p'
    {2867, 14, 21, 17, 1, -15}, // 113 'q'
    {2909, 8, 15, 10, 2, -15}, // 114 'r'
    {2924, 11, 15, 15, 2, -15}, // 115 's'
    {2954, 9, 18, 9, 0, -18}, // 116 't'
    {2990, 12, 15, 16, 2, -15}, // 117 'u'
    {3020, 14, 15, 16, 1, -15}, // 118 'v'
    {3050, 20, 15, 22, 1, -15}, // 119 'w'
    {3095, 13, 15, 15, 1, -15}, // 120 'x'
    {3125, 14, 21, 16, 1, -15}, // 121 'y'
    {3167, 12, 15, 15, 2, -15}, // 122 'z'
    {3197, 9, 25, 12, 2, -21}, // 123 '{'
    {3247, 3, 32, 9, 3, -26}, // 124 '|'
    {3279, 8, 25, 12, 2, -21}, // 125 '}'
    {3304, 14, 6, 18, 2, -11}, // 126 '~'
};
static const KernPair kSmallPairs[] PROGMEM = {
    {105, 4},
    {196, -1},
    {202, -2},
    {204, -2},
    {210, -2},
    {223, -2},
    {232, -4},
    {390, 4},
    {485, 4},
    {572, -1},
    {577, -1},
    {580, 4},
    {622, -2},
    {624, -2},
    {625, -1},
    {627, -2},
    {630, -2},
    {656, -1},
    {657, -1},
    {659, -1},
    {671, -1},
    {677, -2},
    {679, -2},
    {685, -2},
    {698, -2},
    {707, -4},
    {834, 1},
    {951, 4},
    {954, 4},
    {955, 4},
    {956, 4},
    {962, -4},
    {964, -4},
    {966, 4},
    {967, 4},
    {968, 4},
    {969, 4},
    {970, 4},
    {971, 4},
    {972, 4},
    {973, 4},
    {974, 4},
    {975, 4},
    {981, 4},
    {983, 3},
    {984, 4},
    {985, 4},
    {986, 4},
    {987, 4},
    {988, 4},
    {989, 4},
    {990, 4},
    {991, 4},
    {992, 4},
    {993, 4},
    {994, 4},
    {995, 4},
    {996, 4},
    {997, 4},
    {998, 4},
    {999, 4},
    {1000, 4},
    {1001, 4},
    {1002, 3},
    {1003, 4},
    {1004, 3},
    {1005, 4},
    {1006, 2},
    {1007, 2},
    {1008, 4},
    {1013, -2},
    {1042, 4},
    {1063, -1},
    {1068, -1},
    {1078, -1},
    {1087, -1},
    {1097, -2},
    {1099, -1},
    {1100, -1},
    {1101, -1},
    {1102, -2},
    {1105, -1},
    {1133, -1},
    {1142, -2},
    {1147, -2},
    {1156, -1},
    {1157, -2},
    {1159, -1},
    {1162, -1},
    {1164, -1},
    {1171, -2},
    {1172, -1},
    {1175, -1},
    {1179, -1},
    {1187, -1},
    {1189, -1},
    {1192, -1},
    {1197, -1},
    {1253, -1},
    {1258, -1},
    {1268, -1},
    {1277, -1},
    {1287, -2},
    {1289, -1},
    {1290, -1},
    {1291, -1},
    {1292, -2},
    {1295, -1},
    {1323, -1},
    {1332, -2},
    {1337, -2},
    {1346, -1},
    {1347, -2},
    {1349, -1},
    {1352, -1},
    {1354, -1},
    {1361, -2},
    {1362, -1},
    {1365, -1},
    {1369, -1},
    {1377, -1},
    {1379, -1},
    {1382, -1},
    {1387, -1},
    {1437, -1},
    {1439, -1},
    {1458, -1},
    {1467, -2},
    {1530, 4},
    {1532, -1},
    {1534, -1},
    {1543, -1},
    {1576, -1},
    {1577, -1},
    {1583, -1},
    {1625, 4},
    {1720, 4},
    {1815, 4},
    {1817, -1},
    {1819, -1},
    {1861, -1},
    {1910, 4},
    {1912, -1},
    {1914, -1},
    {1917, -1},
    {1962, -1},
    {2005, 4},
    {2007, -1},
    {2009, -1},
    {2100, 4},
    {2102, -1},
    {2104, -1},
    {2153, -1},
    {2188, -2},
    {2191, -1},
    {2195, 4},
    {2197, -3},
    {2199, -3},
    {2205, -2},
    {2208, 1},
    {2211, -1},
    {2212, -1},
    {2218, -3},
    {2227, -3},
    {2248, -4},
    {2250, -1},
    {2252, -1},
    {2253, -1},
    {2254, -1},
    {2256, -1},
    {2262, -1},
    {2263, -1},
    {2264, -1},
    {2265, -1},
    {2266, -1},
    {2267, -1},
    {2268, -1},
    {2290, 4},
    {2292, -1},
    {2294, -1},
    {2336, -1},
    {2385, 4},
    {2387, -1},
    {2389, -1},
    {2398, -1},
    {2431, -1},
    {2432, -1},
    {2438, -1},
    {2530, -2},
    {2617, -1},
    {2619, -2},
    {2625, -2},
    {2788, -1},
    {2807, -1},
    {2809, -2},
    {2810, -2},
    {2811, -1},
    {2812, -3},
    {2815, -2},
    {2841, -1},
    {2843, -1},
    {2844, -1},
    {2910, -2},
    {2955, 4},
    {2978, -2},
    {3052, -1},
    {3054, -1},
    {3055, -1},
    {3100, -1},
    {3103, -1},
    {3137, -2},
    {3142, -2},
    {3145, 3},
    {3146, -1},
    {3148, -1},
    {3152, -1},
    {3164, -1},
    {3166, -2},
    {3170, -1},
    {3174, -1},
    {3182, -1},
    {3184, -1},
    {3187, -2},
    {3188, -1},
    {3189, -2},
    {3190, -2},
    {3192, -2},
    {3195, -2},
    {3197, -2},
    {3219, -1},
    {3221, -2},
    {3222, -2},
    {3224, -2},
    {3229, -1},
    {3240, 4},
    {3282, -2},
    {3335, 4},
    {3358, -1},
    {3388, -1},
    {3430, 4},
    {3432, -1},
    {3434, -1},
    {3435, -1},
    {3453, -1},
    {3472, -1},
    {3474, -1},
    {3476, -1},
    {3477, -1},
    {3480, -1},
    {3483, -1},
    {3525, 4},
    {3620, 4},
    {3622, -1},
    {3624, -1},
    {3643, -2},
    {3652, -2},
    {3673, -1},
    {3675, -1},
    {3677, -1},
    {3678, -1},
    {3679, -1},
    {3681, -1},
    {3687, -1},
    {3688, -1},
    {3689, -1},
    {3690, -1},
    {3691, -1},
    {3692, -1},
    {3695, -1},
    {3696, -1},
    {3699, -1},
    {3700, -1},
    {3715, 4},
    {3738, -1},
    {3757, -1},
    {3759, -1},
    {3762, -1},
    {3765, -1},
    {3810, 4},
    {3905, 4},
    {4000, 4},
    {4002, -1},
    {4004, -1},
    {4005, -2},
    {4023, -1},
    {4053, -1},
    {4095, 3},
    {4096, -3},
    {4098, -3},
    {4114, -1},
    {4120, -1},
    {4124, -1},
    {4132, -1},
    {4134, -1},
    {4152, -1},
    {4153, -1},
    {4154, -1},
    {4156, -1},
    {4164, -1},
    {4166, -1},
    {4170, -1},
    {4171, -1},
    {4172, -2},
    {4174, -1},
    {4179, -3},
    {4182, -2},
    {4187, -2},
    {4190, 3},
    {4191, -2},
    {4193, -2},
    {4197, -1},
    {4215, -1},
    {4219, -1},
    {4227, -1},
    {4229, -1},
    {4232, -3},
    {4234, -2},
    {4237, -1},
    {4240, -2},
    {4242, -4},
    {4264, -1},
    {4266, -2},
    {4269, -2},
    {4274, -2},
    {4285, 4},
    {4380, 4},
    {4475, 4},
    {4477, -1},
    {4479, -1},
    {4480, -1},
    {4498, -1},
    {4517, -1},
    {4519, -1},
    {4521, -1},
    {4522, -1},
    {4525, -1},
    {4528, -1},
    {4566, -1},
    {4570, 4},
    {4571, -1},
    {4572, -1},
    {4573, -1},
    {4574, -1},
    {4593, -2},
    {4602, -3},
    {4654, -1},
    {4665, 4},
    {4667, -1},
    {4669, -1},
    {4670, -1},
    {4688, -1},
    {4707, -1},
    {4709, -1},
    {4711, -1},
    {4712, -1},
    {4715, -1},
    {4718, -1},
    {4760, 4},
    {4807, -1},
    {4855, 4},
    {4946, -1},
    {4950, 3},
    {4951, -2},
    {4952, -1},
    {4953, -2},
    {4954, -1},
    {4955, -1},
    {4956, -1},
    {4960, -2},
    {4962, -1},
    {4963, -2},
    {4966, -1},
    {4967, -1},
    {4969, -1},
    {4973, -2},
    {4975, -1},
    {4979, -1},
    {4982, -2},
    {4987, -1},
    {4989, -1},
    {5003, -2},
    {5005, -2},
    {5007, -2},
    {5008, -2},
    {5009, -2},
    {5011, -2},
    {5017, -2},
    {5018, -2},
    {5019, -2},
    {5020, -2},
    {5021, -2},
    {5022, -2},
    {5023, -2},
    {5024, -3},
    {5025, -2},
    {5026, -2},
    {5027, -2},
    {5028, -1},
    {5029, -2},
    {5030, -1},
    {5034, -2},
    {5045, 4},
    {5047, -1},
    {5049, -1},
    {5050, -2},
    {5068, -1},
    {5098, -1},
    {5136, -1},
    {5140, 3},
    {5141, -1},
    {5142, -3},
    {5143, -1},
    {5144, -3},
    {5145, -1},
    {5150, -1},
    {5156, -2},
    {5157, -2},
    {5159, -2},
    {5163, -2},
    {5165, -1},
    {5169, -1},
    {5172, -3},
    {5177, -1},
    {5179, -1},
    {5193, -2},
    {5195, -1},
    {5197, -1},
    {5198, -1},
    {5199, -1},
    {5201, -1},
    {5209, -1},
    {5211, -1},
    {5213, -1},
    {5224, -1},
    {5231, -1},
    {5235, 4},
    {5236, -1},
    {5237, -3},
    {5238, -1},
    {5239, -3},
    {5245, -1},
    {5251, -1},
    {5252, -1},
    {5254, -2},
    {5258, -2},
    {5267, -2},
    {5280, 1},
    {5290, -1},
    {5292, -1},
    {5293, -1},
    {5294, -1},
    {5296, -1},
    {5302, -1},
    {5303, -1},
    {5304, -1},
    {5305, -1},
    {5306, -1},
    {5307, -1},
    {5308, -1},
    {5319, -1},
    {5330, 2},
    {5331, -1},
    {5333, -1},
    {5336, -1},
    {5339, -1},
    {5340, -1},
    {5342, -1},
    {5344, -1},
    {5349, -1},
    {5355, -1},
    {5359, -1},
    {5367, -1},
    {5369, -1},
    {5372, -1},
    {5385, -2},
    {5387, -1},
    {5388, -1},
    {5389, -1},
    {5391, -1},
    {5399, -1},
    {5401, -1},
    {5414, -1},
    {5421, -2},
    {5425, 3},
    {5426, -2},
    {5427, -1},
    {5428, -2},
    {5429, -1},
    {5435, -2},
    {5441, -2},
    {5442, -2},
    {5444, -3},
    {5448, -2},
    {5450, -1},
    {5454, -1},
    {5457, -1},
    {5462, -1},
    {5464, -1},
    {5480, -2},
    {5482, -2},
    {5483, -2},
    {5484, -2},
    {5486, -2},
    {5488, -1},
    {5492, -1},
    {5493, -1},
    {5494, -2},
    {5495, -1},
    {5496, -2},
    {5497, -1},
    {5498, -2},
    {5500, -1},
    {5509, -2},
    {5520, 4},
    {5521, -1},
    {5523, -1},
    {5545, -1},
    {5549, -1},
    {5557, -1},
    {5559, -1},
    {5604, -1},
    {5679, 1},
    {5702, -2},
    {5707, -2},
    {5710, -2},
    {5711, -1},
    {5713, -1},
    {5717, -1},
    {5729, -1},
    {5731, -2},
    {5732, -1},
    {5735, -1},
    {5739, -1},
    {5747, -1},
    {5749, -1},
    {5752, -1},
    {5753, -1},
    {5754, -1},
    {5755, -2},
    {5757, -2},
    {5760, -1},
    {5762, -2},
    {5784, -1},
    {5786, -1},
    {5787, -2},
    {5789, -1},
    {5794, -1},
    {5896, -1},
    {5902, -4},
    {5904, -4},
    {5910, -1},
    {5923, -2},
    {5932, -3},
    {5953, -2},
    {5995, -2},
    {6001, -1},
    {6002, -3},
    {6004, -1},
    {6005, -2},
    {6006, -1},
    {6007, -1},
    {6009, -1},
    {6010, -1},
    {6017, -1},
    {6019, 1},
    {6020, -1},
    {6021, 1},
    {6022, 1},
    {6023, 1},
    {6024, -1},
    {6025, 1},
    {6026, 1},
    {6028, 1},
    {6029, 1},
    {6030, 1},
    {6031, 1},
    {6032, -1},
    {6033, 1},
    {6034, -1},
    {6035, 1},
    {6037, -2},
    {6038, -1},
    {6039, -2},
    {6045, -2},
    {6047, -2},
    {6051, 1},
    {6057, 1},
    {6058, 1},
    {6059, 3},
    {6060, 1},
    {6061, 1},
    {6062, 1},
    {6063, 1},
    {6065, 1},
    {6067, 1},
    {6071, -2},
    {6074, -2},
    {6077, 1},
    {6192, -1},
    {6227, -2},
    {6229, -1},
    {6230, -1},
    {6232, -2},
    {6235, -1},
    {6287, -1},
    {6303, -1},
    {6322, -2},
    {6324, -1},
    {6325, -1},
    {6326, -1},
    {6327, -3},
    {6330, -1},
    {6356, -1},
    {6358, -1},
    {6359, -1},
    {6382, -1},
    {6398, -1},
    {6417, -2},
    {6419, -1},
    {6420, -1},
    {6421, -1},
    {6422, -3},
    {6425, -1},
    {6451, -1},
    {6453, -1},
    {6454, -1},
    {6572, -1},
    {6588, -1},
    {6607, -2},
    {6609, -1},
    {6610, -1},
    {6611, -1},
    {6612, -3},
    {6615, -1},
    {6641, -1},
    {6643, -1},
    {6644, -1},
    {6661, -1},
    {6662, -2},
    {6663, -1},
    {6664, -2},
    {6665, -1},
    {6670, -2},
    {6683, -1},
    {6692, -2},
    {6717, -1},
    {6718, -1},
    {6719, -1},
    {6720, -1},
    {6721, -1},
    {6729, -1},
    {6731, -1},
    {6733, -1},
    {6734, -1},
    {6744, -1},
    {6797, -1},
    {6857, -1},
    {6892, -2},
    {6894, -1},
    {6895, -1},
    {6897, -2},
    {6900, -1},
    {7136, -1},
    {7138, -1},
    {7145, -1},
    {7153, -2},
    {7177, -2},
    {7192, -1},
    {7193, -1},
    {7194, -1},
    {7196, -1},
    {7204, -1},
    {7206, -1},
    {7219, -1},
    {7332, -1},
    {7367, -2},
    {7369, -1},
    {7370, -1},
    {7372, -2},
    {7375, -1},
    {7427, -1},
    {7462, -2},
    {7464, -1},
    {7465, -1},
    {7467, -2},
    {7470, -1},
    {7522, -1},
    {7538, -1},
    {7557, -2},
    {7559, -1},
    {7560, -1},
    {7561, -1},
    {7562, -3},
    {7565, -1},
    {7591, -1},
    {7593, -1},
    {7594, -1},
    {7617, -1},
    {7633, -1},
    {7652, -2},
    {7654, -1},
    {7655, -1},
    {7656, -1},
    {7657, -3},
    {7660, -1},
    {7686, -1},
    {7688, -1},
    {7689, -1},
    {7747, -1},
    {7801, -1},
    {7802, -2},
    {7803, -1},
    {7804, -2},
    {7805, -1},
    {7818, -1},
    {7823, -1},
    {7832, -2},
    {7842, -2},
    {7848, -1},
    {7857, -1},
    {7858, -1},
    {7859, -1},
    {7861, -1},
    {7869, -1},
    {7871, -1},
    {7884, -1},
    {7937, -2},
    {7939, -1},
    {7940, -1},
    {7942, -2},
    {7945, -1},
    {8008, -1},
    {8032, -1},
    {8050, -1},
    {8066, 1},
    {8069, 1},
    {8086, -1},
    {8088, -1},
    {8090, -1},
    {8103, -1},
    {8127, -1},
    {8132, -2},
    {8138, -1},
    {8169, -1},
    {8181, -1},
    {8182, -1},
    {8183, -1},
    {8184, -1},
    {8185, -2},
    {8198, -1},
    {8199, -1},
    {8203, -2},
    {8212, -2},
    {8222, -1},
    {8227, -1},
    {8233, -2},
    {8237, -1},
    {8238, -1},
    {8239, -1},
    {8241, -1},
    {8249, -1},
    {8251, -1},
    {8264, -1},
    {8271, -1},
    {8277, -2},
    {8279, -2},
    {8298, -2},
    {8307, -2},
    {8317, -1},
    {8323, -1},
    {8371, -1},
    {8373, -1},
    {8389, -1},
    {8412, -1},
    {8427, -1},
    {8428, -1},
    {8429, -1},
    {8431, -1},
    {8439, -1},
    {8441, -1},
    {8454, -1},
    {8466, -1},
    {8467, -1},
    {8468, -1},
    {8469, -1},
    {8470, -2},
    {8483, -1},
    {8484, -1},
    {8488, -2},
    {8497, -2},
    {8507, -1},
    {8512, -1},
    {8518, -2},
    {8522, -1},
    {8523, -1},
    {8524, -1},
    {8526, -1},
    {8534, -1},
    {8536, -1},
    {8549, -1},
    {8602, -1},
    {8719, 1},
    {8750, 4},
    {8948, -1},
    {8953, -1},
    {8963, -1},
    {8972, -1},
    {8982, -2},
    {8984, -1},
    {8985, -1},
    {8986, -1},
    {8987, -2},
    {8990, -1},
    {9018, -1},
};
static const Face Small = {kSmallGlyphs, kSmallBits, kSmallPairs, 814};

static const uint8_t kLargeBits[] PROGMEM = {
    0x70, 0x78, 0x78, 0x78, 0x78, 0x78, 0x78, 0x78, 0x78, 0x78, 0x78, 0x78, 0x78, 0x78, 0x78, 0x78,
    0x78, 0x78, 0x78, 0x78, 0x78, 0x78, 0x78, 0x00, 0x00, 0x00, 0x20, 0x78, 0xf8, 0xfc, 0xf8, 0x70,
    0xe1, 0xc0, 0xe3, 0xc0, 0xe3, 0xc0, 0xe3, 0xc0, 0xe1, 0xc0, 0xe1, 0xc0, 0xe1, 0xc0, 0xe1, 0xc0,
    0xe1, 0xc0, 0xe1, 0xc0, 0xe1, 0xc0, 0x00, 0x60, 0x0c, 0x00, 0x00, 0xf0, 0x1e, 0x00, 0x00, 0xe0,
    0x1c, 0x00, 0x00, 0xe0, 0x1c, 0x00, 0x00, 0xe0, 0x1c, 0x00, 0x00, 0xe0, 0x1c, 0x00, 0x01, 0xe0,
    0x3c, 0x00, 0x01, 0xe0, 0x3c, 0x00, 0x01, 0xc0, 0x38, 0x00, 0x3f, 0xff, 0xff, 0xc0, 0x3f, 0xff,
    0xff, 0xc0, 0x3f, 0xff, 0xff, 0xc0, 0x03, 0xc0, 0x78, 0x00, 0x03, 0xc0, 0x78, 0x00, 0x03, 0x80,
    0x70, 0x00, 0x03, 0x80, 0x70, 0x00, 0x03, 0x80, 0x70, 0x00, 0x03, 0x80, 0x70, 0x00, 0x07, 0x80,
    0xf0, 0x00, 0x07, 0x80, 0xf0, 0x00, 0xff, 0xff, 0xff, 0x00, 0xff, 0xff, 0xff, 0x00, 0xff, 0xff,
    0xff, 0x00, 0x0f, 0x01, 0xe0, 0x00, 0x0f, 0x01, 0xe0, 0x00, 0x0f, 0x01, 0xe0, 0x00, 0x0e, 0x01,
    0xc0, 0x00, 0x0e, 0x01, 0xc0, 0x00, 0x0e, 0x01, 0xc0, 0x00, 0x0e, 0x01, 0xc0, 0x00, 0x1e, 0x03,
    0xc0, 0x00, 0x1e, 0x03, 0xc0, 0x00, 0x00, 0x3c, 0x00, 0x00, 0x3c, 0x00, 0x00, 0x3c, 0x00, 0x00,
    0x3c, 0x00, 0x00, 0xff, 0x00, 0x03, 0xff, 0xc0, 0x0f, 0xff, 0xf0, 0x1f, 0xff, 0xf8, 0x3f, 0x3c,
    0xfc, 0x3e, 0x3c, 0x7c, 0x3c, 0x3c, 0x3e, 0x7c, 0x3c, 0x1e, 0x78, 0x3c, 0x1e, 0x78, 0x3c, 0x1e,
    0x7c, 0x3c, 0x00, 0x3c, 0x3c, 0x00, 0x3f, 0x3c, 0x00, 0x1f, 0xfc, 0x00, 0x1f, 0xfe, 0x00, 0x07,
    0xff, 0xc0, 0x01, 0xff, 0xf0, 0x00, 0x3f, 0xf8, 0x00, 0x3f, 0xfc, 0x00, 0x3c, 0x7e, 0x00, 0x3c,
    0x3e, 0x00, 0x3c, 0x1f, 0xf8, 0x3c, 0x0f, 0x78, 0x3c, 0x0f, 0x78, 0x3c, 0x0f, 0x7c, 0x3c, 0x1f,
    0x7c, 0x3c, 0x1e, 0x3f, 0x3c, 0x7e, 0x1f, 0xfd, 0xfc, 0x0f, 0xff, 0xf8, 0x07, 0xff, 0xf0, 0x01,
    0xff, 0xc0, 0x00, 0x3c, 0x00, 0x00, 0x3c, 0x00, 0x00, 0x3c, 0x00, 0x00, 0x3c, 0x00, 0x00, 0x1c,
    0x00, 0x0f, 0x80, 0x00, 0x60, 0x3f, 0xe0, 0x00, 0xe0, 0x7f, 0xf0, 0x01, 0xe0, 0x78, 0xf0, 0x03,
    0xc0, 0xf0, 0x78, 0x03, 0x80, 0xf0, 0x78, 0x07, 0x80, 0xe0, 0x78, 0x0f, 0x00, 0xe0, 0x78, 0x0e,
    0x00, 0xe0, 0x78, 0x1e, 0x00, 0xe0, 0x78, 0x3c, 0x00, 0xf0, 0x78, 0x78, 0x00, 0xf8, 0xf0, 0x78,
    0x00, 0x7f, 0xf0, 0xf0, 0x00, 0x3f, 0xe1, 0xe0, 0x00, 0x1f, 0xc1, 0xe0, 0x00, 0x00, 0x03, 0xc0,
    0x00, 0x00, 0x07, 0x80, 0x00, 0x00, 0x07, 0x01, 0xe0, 0x00, 0x0f, 0x07, 0xf8, 0x00, 0x1e, 0x0f,
    0xfc, 0x00, 0x1c, 0x1f, 0x3c, 0x00, 0x3c, 0x3c, 0x1e, 0x00, 0x78, 0x3c, 0x1e, 0x00, 0x70, 0x3c,
    0x0e, 0x00, 0xf0, 0x3c, 0x0e, 0x01, 0xe0, 0x3c, 0x0e, 0x01, 0xc0, 0x3c, 0x0e, 0x03, 0xc0, 0x3c,
    0x1e, 0x07, 0x80, 0x1e, 0x1e, 0x07, 0x00, 0x1f, 0xfc, 0x0f, 0x00, 0x0f, 0xf8, 0x1e, 0x00, 0x07,
    0xf0, 0x00, 0x00, 0x00, 0x80, 0x00, 0xf8, 0x00, 0x00, 0x03, 0xff, 0x00, 0x00, 0x07, 0xff, 0x80,
    0x00, 0x0f, 0xff, 0xc0, 0x00, 0x1f, 0x87, 0xc0, 0x00, 0x1f, 0x03, 0xc0, 0x00, 0x1e, 0x03, 0xe0,
    0x00, 0x1e, 0x03, 0xe0, 0x00, 0x1e, 0x03, 0xc0, 0x00, 0x1e, 0x03, 0xc0, 0x00, 0x0f, 0x07, 0xc0,
    0x00, 0x0f, 0x9f, 0x80, 0x00, 0x07, 0xff, 0x00, 0x00, 0x07, 0xfe, 0x00, 0x00, 0x03, 0xfc, 0x00,
    0x00, 0x03, 0xf0, 0x00, 0x00, 0x07, 0xf8, 0x00, 0x00, 0x0f, 0xfc, 0x00, 0x00, 0x1f, 0x7c, 0x0f,
    0x00, 0x3e, 0x3e, 0x0f, 0x00, 0x7c, 0x1f, 0x0f, 0x00, 0x78, 0x0f, 0x9e, 0x00, 0x78, 0x07, 0xde,
    0x00, 0xf8, 0x03, 0xfe, 0x00, 0xf8, 0x01, 0xfc, 0x00, 0x78, 0x01, 0xfc, 0x00, 0x7c, 0x00, 0xf8,
    0x00, 0x7e, 0x01, 0xfc, 0x00, 0x3f, 0x07, 0xfe, 0x00, 0x1f, 0xff, 0xff, 0x00, 0x0f, 0xff, 0x8f,
    0x00, 0x07, 0xff, 0x0f, 0x80, 0x00, 0x20, 0x00, 0x00, 0xe0, 0xe0, 0xe0, 0xe0, 0xe0, 0xe0, 0xe0,
    0xe0, 0xe0, 0xe0, 0xe0, 0x07, 0x80, 0x0f, 0x00, 0x0f, 0x00, 0x1f, 0x00, 0x1e, 0x00, 0x1e, 0x00,
    0x3c, 0x00, 0x3c, 0x00, 0x3c, 0x00, 0x7c, 0x00, 0x78, 0x00, 0x78, 0x00, 0x78, 0x00, 0x78, 0x00,
    0xf8, 0x00, 0xf0, 0x00, 0xf0, 0x00, 0xf0, 0x00, 0xf0, 0x00, 0xf0, 0x00, 0xf0, 0x00, 0xf0, 0x00,
    0xf0, 0x00, 0xf0, 0x00, 0xf0, 0x00, 0xf0, 0x00, 0xf8, 0x00, 0x78, 0x00, 0x78, 0x00, 0x78, 0x00,
    0x7c, 0x00, 0x3c, 0x00, 0x3c, 0x00, 0x3e, 0x00, 0x1e, 0x00, 0x1e, 0x00, 0x0f, 0x00, 0x0f, 0x00,
    0x07, 0x80, 0xf0, 0x00, 0x78, 0x00, 0x78, 0x00, 0x3c, 0x00, 0x3c, 0x00, 0x3c, 0x00, 0x1e, 0x00,
    0x1e, 0x00, 0x1e, 0x00, 0x1f, 0x00, 0x0f, 0x00, 0x0f, 0x00, 0x0f, 0x00, 0x0f, 0x00, 0x0f, 0x80,
    0x07, 0x80, 0x07, 0x80, 0x07, 0x80, 0x07, 0x80, 0x07, 0x80, 0x07, 0x80, 0x07, 0x80, 0x07, 0x80,
    0x07, 0x80, 0x07, 0x80, 0x07, 0x80, 0x0f, 0x80, 0x0f, 0x00, 0x0f, 0x00, 0x0f, 0x00, 0x1f, 0x00,
    0x1e, 0x00, 0x1e, 0x00, 0x3e, 0x00, 0x3c, 0x00, 0x3c, 0x00, 0x78, 0x00, 0x78, 0x00, 0xf0, 0x00,
    0x01, 0x80, 0x01, 0xc0, 0x01, 0xc0, 0x01, 0xc0, 0x61, 0xc3, 0xf9, 0xcf, 0xfd, 0xdf, 0x3f, 0xfe,
    0x0f, 0xf8, 0x07, 0xe0, 0x0f, 0xf8, 0x3f, 0xfe, 0xfd, 0xdf, 0x71, 0xc7, 0x61, 0xc3, 0x01, 0xc0,
    0x01, 0xc0, 0x01, 0xc0, 0x00, 0x78, 0x00, 0x00, 0x78, 0x00, 0x00, 0x78, 0x00, 0x00, 0x78, 0x00,
    0x00, 0x78, 0x00, 0x00, 0x78, 0x00, 0x00, 0x78, 0x00, 0x00, 0x78, 0x00, 0xff, 0xff, 0xf8, 0xff,
    0xff, 0xf8, 0xff, 0xff, 0xf8, 0xff, 0xff, 0xf8, 0x00, 0x78, 0x00, 0x00, 0x78, 0x00, 0x00, 0x78,
    0x00, 0x00, 0x78, 0x00, 0x00, 0x78, 0x00, 0x00, 0x78, 0x00, 0x00, 0x78, 0x00, 0x00, 0x78, 0x00,
    0x3c, 0x3c, 0x3c, 0x78, 0x78, 0x78, 0x70, 0x70, 0x70, 0xf0, 0xe0, 0x7f, 0xfc, 0xff, 0xfc, 0xff,
    0xfc, 0xff, 0xfc, 0x78, 0xf8, 0xfc, 0xf8, 0x78, 0x00, 0x3c, 0x00, 0x3c, 0x00, 0x38, 0x00, 0x78,
    0x00, 0x78, 0x00, 0x78, 0x00, 0x70, 0x00, 0xf0, 0x00, 0xf0, 0x00, 0xf0, 0x00, 0xe0, 0x01, 0xe0,
    0x01, 0xe0, 0x01, 0xc0, 0x03, 0xc0, 0x03, 0xc0, 0x03, 0xc0, 0x03, 0x80, 0x07, 0x80, 0x07, 0x80,
    0x07, 0x80, 0x07, 0x00, 0x0f, 0x00, 0x0f, 0x00, 0x0f, 0x00, 0x1e, 0x00, 0x1e, 0x00, 0x1e, 0x00,
    0x1c, 0x00, 0x3c, 0x00, 0x3c, 0x00, 0x3c, 0x00, 0x38, 0x00, 0x78, 0x00, 0x78, 0x00, 0x78, 0x00,
    0x70, 0x00, 0xf0, 0x00, 0x00, 0x7c, 0x00, 0x03, 0xff, 0x00, 0x07, 0xff, 0xc0, 0x0f, 0xff, 0xe0,
    0x1f, 0x03, 0xf0, 0x3e, 0x01, 0xf0, 0x3c, 0x00, 0xf8, 0x7c, 0x00, 0x78, 0x78, 0x00, 0x7c, 0x78,
    0x00, 0x3c, 0xf0, 0x00, 0x3c, 0xf0, 0x00, 0x3c, 0xf0, 0x00, 0x3e, 0xf0, 0x00, 0x1e, 0xf0, 0x00,
    0x1e, 0xf0, 0x00, 0x1e, 0xf0, 0x00, 0x1e, 0xf0, 0x00, 0x1e, 0xf0, 0x00, 0x1e, 0xf0, 0x00, 0x1e,
    0xf0, 0x00, 0x3e, 0xf0, 0x00, 0x3c, 0xf8, 0x00, 0x3c, 0x78, 0x00, 0x3c, 0x78, 0x00, 0x7c, 0x7c,
    0x00, 0x78, 0x3c, 0x00, 0xf8, 0x3e, 0x01, 0xf0, 0x1f, 0x83, 0xe0, 0x0f, 0xff, 0xe0, 0x07, 0xff,
    0x80, 0x01, 0xff, 0x00, 0x00, 0x30, 0x00, 0x00, 0xe0, 0x03, 0xf0, 0x07, 0xf0, 0x1f, 0xf0, 0x3f,
    0xf0, 0xfe, 0xf0, 0xf8, 0xf0, 0xf0, 0xf0, 0xc0, 0xf0, 0x80, 0xf0, 0x00, 0xf0, 0x00, 0xf0, 0x00,
    0xf0, 0x00, 0xf0, 0x00, 0xf0, 0x00, 0xf0, 0x00, 0xf0, 0x00, 0xf0, 0x00, 0xf0, 0x00, 0xf0, 0x00,
    0xf0, 0x00, 0xf0, 0x00, 0xf0, 0x00, 0xf0, 0x00, 0xf0, 0x00, 0xf0, 0x00, 0xf0, 0x00, 0xf0, 0x00,
    0xf0, 0x00, 0xf0, 0x00, 0xf0, 0x00, 0xf0, 0x01, 0xf8, 0x00, 0x07, 0xff, 0x00, 0x1f, 0xff, 0x80,
    0x3f, 0xff, 0xc0, 0x3e, 0x07, 0xe0, 0x7c, 0x01, 0xf0, 0xf8, 0x00, 0xf0, 0xf0, 0x00, 0xf0, 0xf0,
    0x00, 0xf0, 0xf0, 0x00, 0xf8, 0xf0, 0x00, 0xf8, 0x00, 0x00, 0xf0, 0x00, 0x00, 0xf0, 0x00, 0x01,
    0xf0, 0x00, 0x01, 0xe0, 0x00, 0x03, 0xe0, 0x00, 0x07, 0xc0, 0x00, 0x0f, 0x80, 0x00, 0x1f, 0x00,
    0x00, 0x3e, 0x00, 0x00, 0x7c, 0x00, 0x01, 0xf8, 0x00, 0x03, 0xf0, 0x00, 0x07, 0xe0, 0x00, 0x0f,
    0xc0, 0x00, 0x1f, 0x80, 0x00, 0x3f, 0x00, 0x00, 0x7c, 0x00, 0x00, 0xff, 0xff, 0xf0, 0xff, 0xff,
    0xf8, 0xff, 0xff, 0xf8, 0xff, 0xff, 0xf8, 0x00, 0xfc, 0x00, 0x07, 0xff, 0x80, 0x0f, 0xff, 0xc0,
    0x1f, 0xff, 0xe0, 0x3f, 0x03, 0xf0, 0x3c, 0x00, 0xf8, 0x7c, 0x00, 0xf8, 0x78, 0x00, 0x78, 0x78,
    0x00, 0x78, 0x78, 0x00, 0x78, 0x00, 0x00, 0x78, 0x00, 0x00, 0x78, 0x00, 0x00, 0xf0, 0x00, 0x03,
    0xf0, 0x00, 0xff, 0xc0, 0x00, 0xff, 0x80, 0x00, 0xff, 0xc0, 0x00, 0xff, 0xe0, 0x00, 0x01, 0xf0,
    0x00, 0x00, 0xf8, 0x00, 0x00, 0x7c, 0x00, 0x00, 0x3c, 0xf0, 0x00, 0x3c, 0xf0, 0x00, 0x3c, 0xf8,
    0x00, 0x3c, 0xf8, 0x00, 0x7c, 0x7c, 0x00, 0x78, 0x7c, 0x00, 0xf8, 0x3f, 0x03, 0xf0, 0x1f, 0xff,
    0xe0, 0x0f, 0xff, 0xc0, 0x03, 0xff, 0x00, 0x00, 0x30, 0x00, 0x00, 0x01, 0xf0, 0x00, 0x00, 0x03,
    0xf0, 0x00, 0x00, 0x07, 0xf0, 0x00, 0x00, 0x07, 0xf0, 0x00, 0x00, 0x0f, 0xf0, 0x00, 0x00, 0x1f,
    0xf0, 0x00, 0x00, 0x1e, 0xf0, 0x00, 0x00, 0x3c, 0xf0, 0x00, 0x00, 0x78, 0xf0, 0x00, 0x00, 0xf8,
    0xf0, 0x00, 0x00, 0xf0, 0xf0, 0x00, 0x01, 0xe0, 0xf0, 0x00, 0x03, 0xe0, 0xf0, 0x00, 0x07, 0xc0,
    0xf0, 0x00, 0x07, 0x80, 0xf0, 0x00, 0x0f, 0x00, 0xf0, 0x00, 0x1f, 0x00, 0xf0, 0x00, 0x1e, 0x00,
    0xf0, 0x00, 0x3c, 0x00, 0xf0, 0x00, 0x7c, 0x00, 0xf0, 0x00, 0xf8, 0x00, 0xf0, 0x00, 0xff, 0xff,
    0xff, 0x80, 0xff, 0xff, 0xff, 0x80, 0xff, 0xff, 0xff, 0x80, 0x00, 0x00, 0xf0, 0x00, 0x00, 0x00,
    0xf0, 0x00, 0x00, 0x00, 0xf0, 0x00, 0x00, 0x00, 0xf0, 0x00, 0x00, 0x00, 0xf0, 0x00, 0x00, 0x00,
    0xf0, 0x00, 0x00, 0x00, 0xf0, 0x00, 0x00, 0x00, 0xf0, 0x00, 0x3f, 0xff, 0xe0, 0x7f, 0xff, 0xf0,
    0x7f, 0xff, 0xf0, 0x7f, 0xff, 0xf0, 0x78, 0x00, 0x00, 0x78, 0x00, 0x00, 0x78, 0x00, 0x00, 0x78,
    0x00, 0x00, 0x78, 0x00, 0x00, 0x78, 0x00, 0x00, 0x78, 0x00, 0x00, 0xf1, 0xfe, 0x00, 0xf3, 0xff,
    0x80, 0xff, 0xff, 0xc0, 0xff, 0x8f, 0xe0, 0xfc, 0x01, 0xf0, 0xf8, 0x00, 0xf0, 0xf8, 0x00, 0xf8,
    0x00, 0x00, 0x78, 0x00, 0x00, 0x78, 0x00, 0x00, 0x78, 0x00, 0x00, 0x78, 0xe0, 0x00, 0x78, 0xf0,
    0x00, 0x78, 0xf0, 0x00, 0x78, 0xf8, 0x00, 0xf8, 0x7c, 0x01, 0xf0, 0x7e, 0x03, 0xf0, 0x3f, 0xff,
    0xe0, 0x1f, 0xff, 0xc0, 0x07, 0xff, 0x80, 0x01, 0xfc, 0x00, 0x00, 0x7c, 0x00, 0x03, 0xff, 0x80,
    0x07, 0xff, 0xc0, 0x0f, 0xff, 0xe0, 0x1f, 0x03, 0xf0, 0x3e, 0x00, 0xf0, 0x3c, 0x00, 0xf8, 0x78,
    0x00, 0x78, 0x78, 0x00, 0x78, 0x78, 0x00, 0x00, 0xf0, 0x00, 0x00, 0xf0, 0x10, 0x00, 0xf1, 0xff,
    0x00, 0xf7, 0xff, 0xc0, 0xff, 0xff, 0xe0, 0xff, 0x87, 0xf0, 0xfe, 0x01, 0xf0, 0xfc, 0x00, 0xf8,
    0xf8, 0x00, 0x78, 0xf8, 0x00, 0x78, 0xf8, 0x00, 0x78, 0xf0, 0x00, 0x7c, 0xf0, 0x00, 0x7c, 0xf8,
    0x00, 0x78, 0x78, 0x00, 0x78, 0x78, 0x00, 0x78, 0x7c, 0x00, 0xf8, 0x3e, 0x01, 0xf0, 0x1f, 0x87,
    0xe0, 0x1f, 0xff, 0xe0, 0x0f, 0xff, 0x80, 0x03, 0xff, 0x00, 0x00, 0x30, 0x00, 0xff, 0xff, 0xf0,
    0xff, 0xff, 0xf0, 0xff, 0xff, 0xf0, 0xff, 0xff, 0xf0, 0x00, 0x00, 0xf0, 0x00, 0x01, 0xf0, 0x00,
    0x01, 0xe0, 0x00, 0x03, 0xe0, 0x00, 0x03, 0xc0, 0x00, 0x07, 0xc0, 0x00, 0x07, 0x80, 0x00, 0x0f,
    0x80, 0x00, 0x0f, 0x00, 0x00, 0x1f, 0x00, 0x00, 0x1e, 0x00, 0x00, 0x3e, 0x00, 0x00, 0x3c, 0x00,
    0x00, 0x7c, 0x00, 0x00, 0x78, 0x00, 0x00, 0xf8, 0x00, 0x00, 0xf0, 0x00, 0x01, 0xf0, 0x00, 0x01,
    0xe0, 0x00, 0x03, 0xe0, 0x00, 0x03, 0xc0, 0x00, 0x07, 0xc0, 0x00, 0x07, 0x80, 0x00, 0x0f, 0x80,
    0x00, 0x0f, 0x00, 0x00, 0x1f, 0x00, 0x00, 0x1e, 0x00, 0x00, 0x3e, 0x00, 0x00, 0x00, 0xf8, 0x00,
    0x07, 0xff, 0x00, 0x0f, 0xff, 0x80, 0x1f, 0xff, 0xc0, 0x3f, 0x03, 0xe0, 0x3c, 0x01, 0xf0, 0x7c,
    0x00, 0xf0, 0x78, 0x00, 0xf0, 0x78, 0x00, 0xf0, 0x78, 0x00, 0xf0, 0x78, 0x00, 0xf0, 0x7c, 0x01,
    0xf0, 0x3e, 0x01, 0xe0, 0x1f, 0x07, 0xc0, 0x0f, 0xff, 0x80, 0x07, 0xff, 0x00, 0x0f, 0xff, 0x80,
    0x3f, 0xff, 0xe0, 0x7e, 0x03, 0xf0, 0x78, 0x00, 0xf0, 0xf8, 0x00, 0xf8, 0xf0, 0x00, 0x78, 0xf0,
    0x00, 0x78, 0xf0, 0x00, 0x78, 0xf0, 0x00, 0x78, 0xf0, 0x00, 0x78, 0xf8, 0x00, 0xf8, 0x7c, 0x01,
    0xf0, 0x7f, 0x07, 0xf0, 0x3f, 0xff, 0xe0, 0x1f, 0xff, 0xc0, 0x07, 0xff, 0x00, 0x00, 0x70, 0x00,
    0x01, 0xf8, 0x00, 0x07, 0xff, 0x00, 0x1f, 0xff, 0x80, 0x3f, 0xff, 0xc0, 0x3e, 0x07, 0xe0, 0x7c,
    0x01, 0xe0, 0xf8, 0x00, 0xf0, 0xf8, 0x00, 0xf0, 0xf0, 0x00, 0x78, 0xf0, 0x00, 0x78, 0xf0, 0x00,
    0x78, 0xf0, 0x00, 0x78, 0xf0, 0x00, 0x78, 0xf0, 0x00, 0xf8, 0xf8, 0x00, 0xfc, 0x7c, 0x01, 0xfc,
    0x7e, 0x03, 0xfc, 0x3f, 0xff, 0xf8, 0x1f, 0xff, 0x78, 0x0f, 0xfe, 0x78, 0x03, 0xf8, 0x78, 0x00,
    0x00, 0x78, 0x00, 0x00, 0x78, 0x00, 0x00, 0xf0, 0xf0, 0x00, 0xf0, 0xf0, 0x00, 0xf0, 0xf8, 0x01,
    0xe0, 0x7c, 0x03, 0xe0, 0x7e, 0x0f, 0xc0, 0x3f, 0xff, 0x80, 0x1f, 0xff, 0x00, 0x07, 0xfe, 0x00,
    0x00, 0x60, 0x00, 0x20, 0x78, 0xf8, 0xfc, 0xf8, 0x70, 0x00, 0x00, 0x00, 0x00, 0x00, 0x00, 0x00,
    0x00, 0x00, 0x00, 0x00, 0x78, 0xf8, 0xfc, 0xf8, 0x78, 0x3c, 0x7e, 0x7e, 0x3c, 0x3c, 0x00, 0x00,
    0x00, 0x00, 0x00, 0x00, 0x00, 0x00, 0x00, 0x00, 0x00, 0x3c, 0x3c, 0x3c, 0x78, 0x78, 0x78, 0x70,
    0x70, 0x70, 0xf0, 0xe0, 0x00, 0x00, 0x30, 0x00, 0x00, 0xf0, 0x00, 0x03, 0xf0, 0x00, 0x0f, 0xf0,
    0x00, 0x3f, 0xc0, 0x00, 0xff, 0x00, 0x03, 0xfc, 0x00, 0x0f, 0xf0, 0x00, 0x3f, 0xc0, 0x00, 0xff,
    0x00, 0x00, 0xfc, 0x00, 0x00, 0xfe, 0x00, 0x00, 0x7f, 0x80, 0x00, 0x1f, 0xe0, 0x00, 0x07, 0xf8,
    0x00, 0x01, 0xfe, 0x00, 0x00, 0x7f, 0x80, 0x00, 0x1f, 0xf0, 0x00, 0x07, 0xf0, 0x00, 0x01, 0xf0,
    0x00, 0x00, 0x70, 0x00, 0x00, 0x10, 0xff, 0xff, 0xe0, 0xff, 0xff, 0xe0, 0xff, 0xff, 0xe0, 0xff,
    0xff, 0xe0, 0x00, 0x00, 0x00, 0x00, 0x00, 0x00, 0x00, 0x00, 0x00, 0x00, 0x00, 0x00, 0x00, 0x00,
    0x00, 0xff, 0xff, 0xe0, 0xff, 0xff, 0xe0, 0xff, 0xff, 0xe0, 0xff, 0xff, 0xe0, 0x80, 0x00, 0x00,
    0xe0, 0x00, 0x00, 0xf8, 0x00, 0x00, 0xfe, 0x00, 0x00, 0xff, 0x80, 0x00, 0x3f, 0xe0, 0x00, 0x0f,
    0xf8, 0x00, 0x03, 0xfe, 0x00, 0x00, 0xff, 0x80, 0x00, 0x3f, 0xe0, 0x00, 0x07, 0xf0, 0x00, 0x01,
    0xf0, 0x00, 0x07, 0xf0, 0x00, 0x1f, 0xe0, 0x00, 0x7f, 0x80, 0x01, 0xfe, 0x00, 0x07, 0xf8, 0x00,
    0x1f, 0xe0, 0x00, 0x7f, 0x80, 0x00, 0xfe, 0x00, 0x00, 0xf8, 0x00, 0x00, 0xe0, 0x00, 0x00, 0x80,
    0x00, 0x00, 0x01, 0xfc, 0x00, 0x07, 0xff, 0x00, 0x1f, 0xff, 0x80, 0x3f, 0xff, 0xc0, 0x3e, 0x03,
    0xe0, 0x7c, 0x01, 0xe0, 0x78, 0x01, 0xf0, 0xf8, 0x00, 0xf0, 0xf0, 0x00, 0xf0, 0xf0, 0x00, 0xf0,
    0x00, 0x01, 0xf0, 0x00, 0x01, 0xe0, 0x00, 0x03, 0xe0, 0x00, 0x07, 0xc0, 0x00, 0x1f, 0x80, 0x00,
    0x3f, 0x00, 0x00, 0x7e, 0x00, 0x00, 0xf8, 0x00, 0x00, 0xf8, 0x00, 0x00, 0xf0, 0x00, 0x00, 0xf0,
    0x00, 0x00, 0xf0, 0x00, 0x00, 0xf0, 0x00, 0x00, 0x00, 0x00, 0x00, 0x00, 0x00, 0x00, 0x00, 0x00,
    0x00, 0x00, 0x00, 0x00, 0xf0, 0x00, 0x01, 0xf0, 0x00, 0x01, 0xf8, 0x00, 0x01, 0xf0, 0x00, 0x00,
    0xf0, 0x00, 0x00, 0x03, 0xff, 0x00, 0x00, 0x00, 0x1f, 0xff, 0xe0, 0x00, 0x00, 0x7f, 0xff, 0xf8,
    0x00, 0x00, 0xff, 0xff, 0xfe, 0x00, 0x03, 0xf8, 0x00, 0x7f, 0x00, 0x07, 0xe0, 0x00, 0x1f, 0x80,
    0x0f, 0x80, 0x00, 0x07, 0xc0, 0x1f, 0x00, 0x00, 0x03, 0xe0, 0x1e, 0x00, 0x00, 0x01, 0xf0, 0x3c,
    0x00, 0x70, 0x00, 0xf0, 0x3c, 0x03, 0xfc, 0xf0, 0xf8, 0x78, 0x07, 0xfe, 0xf0, 0x78, 0x78, 0x0f,
    0xff, 0xf0, 0x78, 0x70, 0x1f, 0x07, 0xf0, 0x3c, 0xf0, 0x1e, 0x03, 0xf0, 0x3c, 0xf0, 0x3c, 0x01,
    0xf0, 0x3c, 0xf0, 0x3c, 0x00, 0xf0, 0x3c, 0xf0, 0x3c, 0x00, 0xf0, 0x3c, 0xf0, 0x38, 0x00, 0xf0,
    0x3c, 0xf0, 0x78, 0x00, 0xf0, 0x3c, 0xf0, 0x78, 0x00, 0xf0, 0x3c, 0xf0, 0x38, 0x00, 0xf0, 0x3c,
    0xf0, 0x3c, 0x00, 0xf0, 0x3c, 0xf0, 0x3c, 0x01, 0xf0, 0x3c, 0xf0, 0x3c, 0x01, 0xf0, 0x7c, 0xf0,
    0x1e, 0x03, 0xf0, 0x78, 0x78, 0x1f, 0x8f, 0xf9, 0xf8, 0x78, 0x0f, 0xff, 0x7f, 0xf0, 0x7c, 0x07,
    0xfe, 0x7f, 0xe0, 0x3c, 0x01, 0xfc, 0x3f, 0xc0, 0x3e, 0x00, 0x00, 0x00, 0x00, 0x1f, 0x00, 0x00,
    0x00, 0x00, 0x0f, 0x80, 0x00, 0x00, 0x00, 0x07, 0xc0, 0x00, 0x00, 0x00, 0x03, 0xf0, 0x00, 0x10,
    0x00, 0x01, 0xfe, 0x00, 0xf8, 0x00, 0x00, 0xff, 0xff, 0xf8, 0x00, 0x00, 0x3f, 0xff, 0xf8, 0x00,
    0x00, 0x07, 0xff, 0xe0, 0x00, 0x00, 0x00, 0x38, 0x00, 0x00, 0x00, 0x1e, 0x00, 0x00, 0x00, 0x3f,
    0x00, 0x00, 0x00, 0x3f, 0x80, 0x00, 0x00, 0x3f, 0x80, 0x00, 0x00, 0x7f, 0x80, 0x00, 0x00, 0x7b,
    0xc0, 0x00, 0x00, 0x7b, 0xc0, 0x00, 0x00, 0xf3, 0xc0, 0x00, 0x00, 0xf1, 0xe0, 0x00, 0x00, 0xf1,
    0xe0, 0x00, 0x01, 0xe1, 0xe0, 0x00, 0x01, 0xe0, 0xf0, 0x00, 0x03, 0xe0, 0xf0, 0x00, 0x03, 0xc0,
    0xf8, 0x00, 0x03, 0xc0, 0x78, 0x00, 0x07, 0xc0, 0x78, 0x00, 0x07, 0x80, 0x7c, 0x00, 0x07, 0x80,
    0x3c, 0x00, 0x0f, 0x80, 0x3c, 0x00, 0x0f, 0x00, 0x3e, 0x00, 0x1f, 0xff, 0xfe, 0x00, 0x1f, 0xff,
    0xfe, 0x00, 0x1f, 0xff, 0xff, 0x00, 0x3e, 0x00, 0x1f, 0x00, 0x3c, 0x00, 0x0f, 0x80, 0x3c, 0x00,
    0x0f, 0x80, 0x7c, 0x00, 0x07, 0x80, 0x78, 0x00, 0x07, 0xc0, 0x78, 0x00, 0x07, 0xc0, 0xf8, 0x00,
    0x03, 0xc0, 0xf0, 0x00, 0x03, 0xe0, 0xf0, 0x00, 0x03, 0xe0, 0xff, 0xf0, 0x00, 0xff, 0xff, 0x80,
    0xff, 0xff, 0xe0, 0xff, 0xff, 0xf0, 0xf0, 0x03, 0xf0, 0xf0, 0x00, 0xf8, 0xf0, 0x00, 0x78, 0xf0,
    0x00, 0x7c, 0xf0, 0x00, 0x7c, 0xf0, 0x00, 0x7c, 0xf0, 0x00, 0x78, 0xf0, 0x00, 0x78, 0xf0, 0x00,
    0xf8, 0xf0, 0x03, 0xf0, 0xff, 0xff, 0xe0, 0xff, 0xff, 0x80, 0xff, 0xff, 0xf0, 0xff, 0xff, 0xf8,
    0xf0, 0x00, 0xfc, 0xf0, 0x00, 0x7c, 0xf0, 0x00, 0x3e, 0xf0, 0x00, 0x3e, 0xf0, 0x00, 0x1e, 0xf0,
    0x00, 0x1e, 0xf0, 0x00, 0x1e, 0xf0, 0x00, 0x3e, 0xf0, 0x00, 0x7c, 0xf0, 0x00, 0xfc, 0xff, 0xff,
    0xf8, 0xff, 0xff, 0xf0, 0xff, 0xff, 0xc0, 0xff, 0xfe, 0x00, 0x00, 0x3f, 0xc0, 0x00, 0x00, 0xff,
    0xf8, 0x00, 0x03, 0xff, 0xfc, 0x00, 0x07, 0xff, 0xff, 0x00, 0x0f, 0xe0, 0x7f, 0x00, 0x1f, 0x80,
    0x1f, 0x80, 0x3f, 0x00, 0x07, 0xc0, 0x3e, 0x00, 0x03, 0xc0, 0x7c, 0x00, 0x03, 0xe0, 0x78, 0x00,
    0x01, 0xe0, 0xf8, 0x00, 0x01, 0xe0, 0xf8, 0x00, 0x00, 0x00, 0xf0, 0x00, 0x00, 0x00, 0xf0, 0x00,
    0x00, 0x00, 0xf0, 0x00, 0x00, 0x00, 0xf0, 0x00, 0x00, 0x00, 0xf0, 0x00, 0x00, 0x00, 0xf0, 0x00,
    0x00, 0x00, 0xf0, 0x00, 0x00, 0x00, 0xf0, 0x00, 0x00, 0x00, 0xf8, 0x00, 0x00, 0x00, 0xf8, 0x00,
    0x00, 0x00, 0x78, 0x00, 0x01, 0xe0, 0x7c, 0x00, 0x03, 0xe0, 0x7c, 0x00, 0x03, 0xe0, 0x3e, 0x00,
    0x07, 0xc0, 0x1f, 0x00, 0x0f, 0xc0, 0x1f, 0xc0, 0x1f, 0x80, 0x0f, 0xff, 0xff, 0x00, 0x07, 0xff,
    0xfe, 0x00, 0x01, 0xff, 0xfc, 0x00, 0x00, 0x7f, 0xf0, 0x00, 0x00, 0x06, 0x00, 0x00, 0xff, 0xe0,
    0x00, 0x00, 0xff, 0xff, 0x00, 0x00, 0xff, 0xff, 0xc0, 0x00, 0xff, 0xff, 0xf0, 0x00, 0xf0, 0x07,
    0xf8, 0x00, 0xf0, 0x00, 0xfc, 0x00, 0xf0, 0x00, 0x7e, 0x00, 0xf0, 0x00, 0x3e, 0x00, 0xf0, 0x00,
    0x1f, 0x00, 0xf0, 0x00, 0x1f, 0x00, 0xf0, 0x00, 0x0f, 0x00, 0xf0, 0x00, 0x0f, 0x80, 0xf0, 0x00,
    0x0f, 0x80, 0xf0, 0x00, 0x07, 0x80, 0xf0, 0x00, 0x07, 0x80, 0xf0, 0x00, 0x07, 0x80, 0xf0, 0x00,
    0x07, 0x80, 0xf0, 0x00, 0x07, 0x80, 0xf0, 0x00, 0x07, 0x80, 0xf0, 0x00, 0x0f, 0x80, 0xf0, 0x00,
    0x0f, 0x80, 0xf0, 0x00, 0x0f, 0x00, 0xf0, 0x00, 0x0f, 0x00, 0xf0, 0x00, 0x1f, 0x00, 0xf0, 0x00,
    0x3e, 0x00, 0xf0, 0x00, 0x3e, 0x00, 0xf0, 0x00, 0xfc, 0x00, 0xf0, 0x03, 0xf8, 0x00, 0xff, 0xff,
    0xf0, 0x00, 0xff, 0xff, 0xe0, 0x00, 0xff, 0xff, 0x80, 0x00, 0xff, 0xfe, 0x00, 0x00, 0xff, 0xff,
    0xf0, 0xff, 0xff, 0xf8, 0xff, 0xff, 0xf8, 0xff, 0xff, 0xf8, 0xf0, 0x00, 0x00, 0xf0, 0x00, 0x00,
    0xf0, 0x00, 0x00, 0xf0, 0x00, 0x00, 0xf0, 0x00, 0x00, 0xf0, 0x00, 0x00, 0xf0, 0x00, 0x00, 0xf0,
    0x00, 0x00, 0xf0, 0x00, 0x00, 0xf0, 0x00, 0x00, 0xff, 0xff, 0xf0, 0xff, 0xff, 0xf0, 0xff, 0xff,
    0xf0, 0xff, 0xff, 0xe0, 0xf0, 0x00, 0x00, 0xf0, 0x00, 0x00, 0xf0, 0x00, 0x00, 0xf0, 0x00, 0x00,
    0xf0, 0x00, 0x00, 0xf0, 0x00, 0x00, 0xf0, 0x00, 0x00, 0xf0, 0x00, 0x00, 0xf0, 0x00, 0x00, 0xf0,
    0x00, 0x00, 0xff, 0xff, 0xf8, 0xff, 0xff, 0xf8, 0xff, 0xff, 0xf8, 0xff, 0xff, 0xf8, 0xff, 0xff,
    0xf0, 0xff, 0xff, 0xf0, 0xff, 0xff, 0xf0, 0xff, 0xff, 0xf0, 0xf0, 0x00, 0x00, 0xf0, 0x00, 0x00,
    0xf0, 0x00, 0x00, 0xf0, 0x00, 0x00, 0xf0, 0x00, 0x00, 0xf0, 0x00, 0x00, 0xf0, 0x00, 0x00, 0xf0,
    0x00, 0x00, 0xf0, 0x00, 0x00, 0xf0, 0x00, 0x00, 0xff, 0xff, 0xe0, 0xff, 0xff, 0xe0, 0xff, 0xff,
    0xe0, 0xff, 0xff, 0xe0, 0xf0, 0x00, 0x00, 0xf0, 0x00, 0x00, 0xf0, 0x00, 0x00, 0xf0, 0x00, 0x00,
    0xf0, 0x00, 0x00, 0xf0, 0x00, 0x00, 0xf0, 0x00, 0x00, 0xf0, 0x00, 0x00, 0xf0, 0x00, 0x00, 0xf0,
    0x00, 0x00, 0xf0, 0x00, 0x00, 0xf0, 0x00, 0x00, 0xf0, 0x00, 0x00, 0xf0, 0x00, 0x00, 0x00, 0x3f,
    0xc0, 0x00, 0x00, 0xff, 0xf0, 0x00, 0x03, 0xff, 0xfc, 0x00, 0x07, 0xff, 0xfe, 0x00, 0x0f, 0xe0,
    0x7f, 0x00, 0x1f, 0x80, 0x1f, 0x80, 0x3f, 0x00, 0x0f, 0xc0, 0x3e, 0x00, 0x07, 0xc0, 0x7c, 0x00,
    0x03, 0xe0, 0x78, 0x00, 0x03, 0xe0, 0xf8, 0x00, 0x01, 0xe0, 0xf8, 0x00, 0x00, 0x00, 0xf0, 0x00,
    0x00, 0x00, 0xf0, 0x00, 0x00, 0x00, 0xf0, 0x00, 0x00, 0x00, 0xf0, 0x00, 0x00, 0x00, 0xf0, 0x01,
    0xff, 0xe0, 0xf0, 0x01, 0xff, 0xe0, 0xf0, 0x01, 0xff, 0xe0, 0xf0, 0x01, 0xff, 0xe0, 0xf8, 0x00,
    0x01, 0xe0, 0xf8, 0x00, 0x01, 0xe0, 0x78, 0x00, 0x01, 0xe0, 0x7c, 0x00, 0x03, 0xe0, 0x7c, 0x00,
    0x03, 0xc0, 0x3e, 0x00, 0x07, 0xc0, 0x1f, 0x00, 0x0f, 0x80, 0x1f, 0xc0, 0x3f, 0x80, 0x0f, 0xff,
    0xff, 0x00, 0x07, 0xff, 0xfe, 0x00, 0x01, 0xff, 0xf8, 0x00, 0x00, 0x7f, 0xf0, 0x00, 0x00, 0x06,
    0x00, 0x00, 0xf0, 0x00, 0x07, 0x00, 0xf0, 0x00, 0x0f, 0x80, 0xf0, 0x00, 0x0f, 0x80, 0xf0, 0x00,
    0x0f, 0x80, 0xf0, 0x00, 0x0f, 0x80, 0xf0, 0x00, 0x0f, 0x80, 0xf0, 0x00, 0x0f, 0x80, 0xf0, 0x00,
    0x0f, 0x80, 0xf0, 0x00, 0x0f, 0x80, 0xf0, 0x00, 0x0f, 0x80, 0xf0, 0x00, 0x0f, 0x80, 0xf0, 0x00,
    0x0f, 0x80, 0xf0, 0x00, 0x0f, 0x80, 0xf0, 0x00, 0x0f, 0x80, 0xff, 0xff, 0xff, 0x80, 0xff, 0xff,
    0xff, 0x80, 0xff, 0xff, 0xff, 0x80, 0xff, 0xff, 0xff, 0x80, 0xf0, 0x00, 0x0f, 0x80, 0xf0, 0x00,
    0x0f, 0x80, 0xf0, 0x00, 0x0f, 0x80, 0xf0, 0x00, 0x0f, 0x80, 0xf0, 0x00, 0x0f, 0x80, 0xf0, 0x00,
    0x0f, 0x80, 0xf0, 0x00, 0x0f, 0x80, 0xf0, 0x00, 0x0f, 0x80, 0xf0, 0x00, 0x0f, 0x80, 0xf0, 0x00,
    0x0f, 0x80, 0xf0, 0x00, 0x0f, 0x80, 0xf0, 0x00, 0x0f, 0x80, 0xf0, 0x00, 0x0f, 0x80, 0xf0, 0x00,
    0x0f, 0x80, 0xf0, 0xf0, 0xf0, 0xf0, 0xf0, 0xf0, 0xf0, 0xf0, 0xf0, 0xf0, 0xf0, 0xf0, 0xf0, 0xf0,
    0xf0, 0xf0, 0xf0, 0xf0, 0xf0, 0xf0, 0xf0, 0xf0, 0xf0, 0xf0, 0xf0, 0xf0, 0xf0, 0xf0, 0xf0, 0xf0,
    0xf0, 0xf0, 0x00, 0x01, 0xe0, 0x00, 0x01, 0xe0, 0x00, 0x01, 0xe0, 0x00, 0x01, 0xe0, 0x00, 0x01,
    0xe0, 0x00, 0x01, 0xe0, 0x00, 0x01, 0xe0, 0x00, 0x01, 0xe0, 0x00, 0x01, 0xe0, 0x00, 0x01, 0xe0,
    0x00, 0x01, 0xe0, 0x00, 0x01, 0xe0, 0x00, 0x01, 0xe0, 0x00, 0x01, 0xe0, 0x00, 0x01, 0xe0, 0x00,
    0x01, 0xe0, 0x00, 0x01, 0xe0, 0x00, 0x01, 0xe0, 0x00, 0x01, 0xe0, 0x00, 0x01, 0xe0, 0x00, 0x01,
    0xe0, 0xf8, 0x01, 0xe0, 0xf8, 0x01, 0xe0, 0xf8, 0x01, 0xe0, 0x78, 0x01, 0xe0, 0x78, 0x03, 0xe0,
    0x7c, 0x03, 0xe0, 0x7e, 0x07, 0xc0, 0x3f, 0xff, 0xc0, 0x1f, 0xff, 0x80, 0x0f, 0xff, 0x00, 0x03,
    0xfc, 0x00, 0xf0, 0x00, 0x1e, 0xf0, 0x00, 0x3e, 0xf0, 0x00, 0x7c, 0xf0, 0x00, 0xf8, 0xf0, 0x01,
    0xf8, 0xf0, 0x03, 0xf0, 0xf0, 0x07, 0xe0, 0xf0, 0x0f, 0xc0, 0xf0, 0x1f, 0x80, 0xf0, 0x3f, 0x00,
    0xf0, 0x3e, 0x00, 0xf0, 0x7c, 0x00, 0xf0, 0xf8, 0x00, 0xf1, 0xf0, 0x00, 0xf3, 0xf0, 0x00, 0xf7,
    0xf8, 0x00, 0xff, 0xf8, 0x00, 0xff, 0x7c, 0x00, 0xfe, 0x3e, 0x00, 0xfe, 0x3e, 0x00, 0xfc, 0x1f,
    0x00, 0xf8, 0x0f, 0x80, 0xf0, 0x07, 0xc0, 0xf0, 0x07, 0xc0, 0xf0, 0x03, 0xe0, 0xf0, 0x01, 0xf0,
    0xf0, 0x01, 0xf0, 0xf0, 0x00, 0xf8, 0xf0, 0x00, 0x7c, 0xf0, 0x00, 0x7c, 0xf0, 0x00, 0x3e, 0xf0,
    0x00, 0x1f, 0xf0, 0x00, 0x00, 0xf0, 0x00, 0x00, 0xf0, 0x00, 0x00, 0xf0, 0x00, 0x00, 0xf0, 0x00,
    0x00, 0xf0, 0x00, 0x00, 0xf0, 0x00, 0x00, 0xf0, 0x00, 0x00, 0xf0, 0x00, 0x00, 0xf0, 0x00, 0x00,
    0xf0, 0x00, 0x00, 0xf0, 0x00, 0x00, 0xf0, 0x00, 0x00, 0xf0, 0x00, 0x00, 0xf0, 0x00, 0x00, 0xf0,
    0x00, 0x00, 0xf0, 0x00, 0x00, 0xf0, 0x00, 0x00, 0xf0, 0x00, 0x00, 0xf0, 0x00, 0x00, 0xf0, 0x00,
    0x00, 0xf0, 0x00, 0x00, 0xf0, 0x00, 0x00, 0xf0, 0x00, 0x00, 0xf0, 0x00, 0x00, 0xf0, 0x00, 0x00,
    0xf0, 0x00, 0x00, 0xf0, 0x00, 0x00, 0xff, 0xff, 0xe0, 0xff, 0xff, 0xe0, 0xff, 0xff, 0xe0, 0xff,
    0xff, 0xe0, 0xfc, 0x00, 0x00, 0x3e, 0xfc, 0x00, 0x00, 0x7e, 0xfe, 0x00, 0x00, 0x7e, 0xfe, 0x00,
    0x00, 0xfe, 0xfe, 0x00, 0x00, 0xfe, 0xff, 0x00, 0x01, 0xfe, 0xff, 0x00, 0x01, 0xfe, 0xff, 0x80,
    0x01, 0xfe, 0xf7, 0x80, 0x03, 0xde, 0xf7, 0x80, 0x03, 0xde, 0xf7, 0xc0, 0x07, 0xde, 0xf3, 0xc0,
    0x07, 0x9e, 0xf3, 0xe0, 0x07, 0x9e, 0xf1, 0xe0, 0x0f, 0x9e, 0xf1, 0xe0, 0x0f, 0x1e, 0xf1, 0xf0,
    0x0f, 0x1e, 0xf0, 0xf0, 0x1e, 0x1e, 0xf0, 0xf8, 0x1e, 0x1e, 0xf0, 0x78, 0x3e, 0x1e, 0xf0, 0x78,
    0x3c, 0x1e, 0xf0, 0x7c, 0x3c, 0x1e, 0xf0, 0x3c, 0x78, 0x1e, 0xf0, 0x3c, 0x78, 0x1e, 0xf0, 0x1e,
    0x78, 0x1e, 0xf0, 0x1e, 0xf0, 0x1e, 0xf0, 0x1f, 0xf0, 0x1e, 0xf0, 0x0f, 0xe0, 0x1e, 0xf0, 0x0f,
    0xe0, 0x1e, 0xf0, 0x07, 0xe0, 0x1e, 0xf0, 0x07, 0xc0, 0x1e, 0xf0, 0x07, 0xc0, 0x1e, 0xf0, 0x03,
    0x80, 0x1e, 0xf0, 0x00, 0x07, 0x00, 0xf8, 0x00, 0x0f, 0x80, 0xfc, 0x00, 0x0f, 0x80, 0xfe, 0x00,
    0x0f, 0x80, 0xfe, 0x00, 0x0f, 0x80, 0xff, 0x00, 0x0f, 0x80, 0xff, 0x00, 0x0f, 0x80, 0xf7, 0x80,
    0x0f, 0x80, 0xf7, 0xc0, 0x0f, 0x80, 0xf3, 0xc0, 0x0f, 0x80, 0xf3, 0xe0, 0x0f, 0x80, 0xf1, 0xf0,
    0x0f, 0x80, 0xf0, 0xf0, 0x0f, 0x80, 0xf0, 0xf8, 0x0f, 0x80, 0xf0, 0x78, 0x0f, 0x80, 0xf0, 0x3c,
    0x0f, 0x80, 0xf0, 0x3e, 0x0f, 0x80, 0xf0, 0x1e, 0x0f, 0x80, 0xf0, 0x1f, 0x0f, 0x80, 0xf0, 0x0f,
    0x8f, 0x80, 0xf0, 0x07, 0x8f, 0x80, 0xf0, 0x07, 0xcf, 0x80, 0xf0, 0x03, 0xcf, 0x80, 0xf0, 0x03,
    0xef, 0x80, 0xf0, 0x01, 0xff, 0x80, 0xf0, 0x00, 0xff, 0x80, 0xf0, 0x00, 0xff, 0x80, 0xf0, 0x00,
    0x7f, 0x80, 0xf0, 0x00, 0x3f, 0x80, 0xf0, 0x00, 0x3f, 0x80, 0xf0, 0x00, 0x1f, 0x80, 0xf0, 0x00,
    0x1f, 0x80, 0x00, 0x3f, 0xc0, 0x00, 0x00, 0xff, 0xf0, 0x00, 0x03, 0xff, 0xfc, 0x00, 0x07, 0xff,
    0xfe, 0x00, 0x0f, 0xe0, 0x7f, 0x00, 0x1f, 0x80, 0x1f, 0x80, 0x3f, 0x00, 0x0f, 0xc0, 0x3e, 0x00,
    0x07, 0xc0, 0x7c, 0x00, 0x03, 0xe0, 0x78, 0x00, 0x01, 0xe0, 0xf8, 0x00, 0x01, 0xe0, 0xf8, 0x00,
    0x01, 0xf0, 0xf0, 0x00, 0x00, 0xf0, 0xf0, 0x00, 0x00, 0xf0, 0xf0, 0x00, 0x00, 0xf0, 0xf0, 0x00,
    0x00, 0xf0, 0xf0, 0x00, 0x00, 0xf0, 0xf0, 0x00, 0x00, 0xf0, 0xf0, 0x00, 0x00, 0xf0, 0xf0, 0x00,
    0x00, 0xf0, 0xf8, 0x00, 0x01, 0xf0, 0xf8, 0x00, 0x01, 0xf0, 0x78, 0x00, 0x01, 0xe0, 0x7c, 0x00,
    0x03, 0xe0, 0x7c, 0x00, 0x03, 0xe0, 0x3e, 0x00, 0x07, 0xc0, 0x1f, 0x00, 0x0f, 0x80, 0x1f, 0xc0,
    0x3f, 0x80, 0x0f, 0xff, 0xff, 0x00, 0x07, 0xff, 0xfe, 0x00, 0x01, 0xff, 0xf8, 0x00, 0x00, 0x7f,
    0xe0, 0x00, 0x00, 0x06, 0x00, 0x00, 0xff, 0xf0, 0x00, 0xff, 0xff, 0x80, 0xff, 0xff, 0xc0, 0xff,
    0xff, 0xf0, 0xf0, 0x07, 0xf0, 0xf0, 0x00, 0xf8, 0xf0, 0x00, 0x78, 0xf0, 0x00, 0x7c, 0xf0, 0x00,
    0x3c, 0xf0, 0x00, 0x3c, 0xf0, 0x00, 0x3c, 0xf0, 0x00, 0x3c, 0xf0, 0x00, 0x3c, 0xf0, 0x00, 0x7c,
    0xf0, 0x00, 0xf8, 0xf0, 0x01, 0xf8, 0xff, 0xff, 0xf0, 0xff, 0xff, 0xe0, 0xff, 0xff, 0xc0, 0xff,
    0xfe, 0x00, 0xf0, 0x00, 0x00, 0xf0, 0x00, 0x00, 0xf0, 0x00, 0x00, 0xf0, 0x00, 0x00, 0xf0, 0x00,
    0x00, 0xf0, 0x00, 0x00, 0xf0, 0x00, 0x00, 0xf0, 0x00, 0x00, 0xf0, 0x00, 0x00, 0xf0, 0x00, 0x00,
    0xf0, 0x00, 0x00, 0xf0, 0x00, 0x00, 0x00, 0x3f, 0xc0, 0x00, 0x00, 0xff, 0xf0, 0x00, 0x03, 0xff,
    0xfc, 0x00, 0x07, 0xff, 0xfe, 0x00, 0x0f, 0xe0, 0x7f, 0x00, 0x1f, 0x80, 0x1f, 0x80, 0x3f, 0x00,
    0x0f, 0xc0, 0x3e, 0x00, 0x07, 0xc0, 0x7c, 0x00, 0x03, 0xe0, 0x78, 0x00, 0x01, 0xe0, 0xf8, 0x00,
    0x01, 0xe0, 0xf8, 0x00, 0x01, 0xf0, 0xf0, 0x00, 0x00, 0xf0, 0xf0, 0x00, 0x00, 0xf0, 0xf0, 0x00,
    0x00, 0xf0, 0xf0, 0x00, 0x00, 0xf0, 0xf0, 0x00, 0x00, 0xf0, 0xf0, 0x00, 0x00, 0xf0, 0xf0, 0x00,
    0x00, 0xf0, 0xf0, 0x00, 0x00, 0xf0, 0xf8, 0x00, 0x01, 0xf0, 0xf8, 0x00, 0x01, 0xf0, 0x78, 0x07,
    0x81, 0xe0, 0x7c, 0x07, 0xc3, 0xe0, 0x7c, 0x03, 0xe3, 0xe0, 0x3e, 0x01, 0xe7, 0xc0, 0x1f, 0x00,
    0xff, 0x80, 0x1f, 0xc0, 0xff, 0x80, 0x0f, 0xff, 0xff, 0x00, 0x07, 0xff, 0xfe, 0x00, 0x01, 0xff,
    0xfe, 0x00, 0x00, 0x7f, 0xff, 0x00, 0x00, 0x06, 0x0f, 0x80, 0x00, 0x00, 0x07, 0x80, 0x00, 0x00,
    0x03, 0xc0, 0xff, 0xf8, 0x00, 0xff, 0xff, 0x80, 0xff, 0xff, 0xe0, 0xff, 0xff, 0xf0, 0xf0, 0x03,
    0xf8, 0xf0, 0x00, 0xf8, 0xf0, 0x00, 0x7c, 0xf0, 0x00, 0x3c, 0xf0, 0x00, 0x3c, 0xf0, 0x00, 0x3e,
    0xf0, 0x00, 0x3e, 0xf0, 0x00, 0x3c, 0xf0, 0x00, 0x3c, 0xf0, 0x00, 0x3c, 0xf0, 0x00, 0x7c, 0xf0,
    0x01, 0xf8, 0xff, 0xff, 0xf0, 0xff, 0xff, 0xe0, 0xff, 0xff, 0x80, 0xff, 0xff, 0x00, 0xf0, 0x0f,
    0x80, 0xf0, 0x07, 0x80, 0xf0, 0x07, 0xc0, 0xf0, 0x03, 0xc0, 0xf0, 0x03, 0xe0, 0xf0, 0x01, 0xf0,
    0xf0, 0x01, 0xf0, 0xf0, 0x00, 0xf8, 0xf0, 0x00, 0xf8, 0xf0, 0x00, 0x7c, 0xf0, 0x00, 0x7c, 0xf0,
    0x00, 0x3e, 0x00, 0xff, 0x00, 0x03, 0xff, 0xc0, 0x0f, 0xff, 0xf0, 0x1f, 0xff, 0xf8, 0x3f, 0x00,
    0xfc, 0x3e, 0x00, 0x7c, 0x3c, 0x00, 0x3e, 0x7c, 0x00, 0x1e, 0x78, 0x00, 0x1e, 0x78, 0x00, 0x1e,
    0x7c, 0x00, 0x00, 0x3c, 0x00, 0x00, 0x3f, 0x00, 0x00, 0x1f, 0xe0, 0x00, 0x1f, 0xfe, 0x00, 0x07,
    0xff, 0xc0, 0x01, 0xff, 0xf0, 0x00, 0x3f, 0xf8, 0x00, 0x03, 0xfc, 0x00, 0x00, 0x7e, 0x00, 0x00,
    0x3e, 0x00, 0x00, 0x1f, 0xf8, 0x00, 0x0f, 0x78, 0x00, 0x0f, 0x78, 0x00, 0x0f, 0x7c, 0x00, 0x1f,
    0x7c, 0x00, 0x1e, 0x3f, 0x00, 0x7e, 0x1f, 0xc1, 0xfc, 0x0f, 0xff, 0xf8, 0x07, 0xff, 0xf0, 0x01,
    0xff, 0xc0, 0x00, 0x1c, 0x00, 0xff, 0xff, 0xff, 0xff, 0xff, 0xff, 0xff, 0xff, 0xff, 0xff, 0xff,
    0xff, 0x00, 0x3c, 0x00, 0x00, 0x3c, 0x00, 0x00, 0x3c, 0x00, 0x00, 0x3c, 0x00, 0x00, 0x3c, 0x00,
    0x00, 0x3c, 0x00, 0x00, 0x3c, 0x00, 0x00, 0x3c, 0x00, 0x00, 0x3c, 0x00, 0x00, 0x3c, 0x00, 0x00,
    0x3c, 0x00, 0x00, 0x3c, 0x00, 0x00, 0x3c, 0x00, 0x00, 0x3c, 0x00, 0x00, 0x3c, 0x00, 0x00, 0x3c,
    0x00, 0x00, 0x3c, 0x00, 0x00, 0x3c, 0x00, 0x00, 0x3c, 0x00, 0x00, 0x3c, 0x00, 0x00, 0x3c, 0x00,
    0x00, 0x3c, 0x00, 0x00, 0x3c, 0x00, 0x00, 0x3c, 0x00, 0x00, 0x3c, 0x00, 0x00, 0x3c, 0x00, 0x00,
    0x3c, 0x00, 0x00, 0x3c, 0x00, 0xe0, 0x00, 0x07, 0xf0, 0x00, 0x0f, 0xf0, 0x00, 0x0f, 0xf0, 0x00,
    0x0f, 0xf0, 0x00, 0x0f, 0xf0, 0x00, 0x0f, 0xf0, 0x00, 0x0f, 0xf0, 0x00, 0x0f, 0xf0, 0x00, 0x0f,
    0xf0, 0x00, 0x0f, 0xf0, 0x00, 0x0f, 0xf0, 0x00, 0x0f, 0xf0, 0x00, 0x0f, 0xf0, 0x00, 0x0f, 0xf0,
    0x00, 0x0f, 0xf0, 0x00, 0x0f, 0xf0, 0x00, 0x0f, 0xf0, 0x00, 0x0f, 0xf0, 0x00, 0x0f, 0xf0, 0x00,
    0x0f, 0xf0, 0x00, 0x0f, 0xf0, 0x00, 0x0f, 0xf0, 0x00, 0x0f, 0xf0, 0x00, 0x0f, 0xf8, 0x00, 0x1f,
    0xf8, 0x00, 0x1f, 0x7c, 0x00, 0x3e, 0x3f, 0x00, 0xfc, 0x3f, 0xff, 0xfc, 0x1f, 0xff, 0xf8, 0x07,
    0xff, 0xe0, 0x03, 0xff, 0xc0, 0x00, 0x18, 0x00, 0xf0, 0x00, 0x01, 0xe0, 0xf0, 0x00, 0x03, 0xe0,
    0xf8, 0x00, 0x03, 0xc0, 0xf8, 0x00, 0x03, 0xc0, 0x78, 0x00, 0x07, 0xc0, 0x7c, 0x00, 0x07, 0x80,
    0x3c, 0x00, 0x07, 0x80, 0x3c, 0x00, 0x0f, 0x80, 0x3e, 0x00, 0x0f, 0x00, 0x1e, 0x00, 0x1f, 0x00,
    0x1e, 0x00, 0x1f, 0x00, 0x1f, 0x00, 0x1e, 0x00, 0x0f, 0x00, 0x3e, 0x00, 0x0f, 0x80, 0x3c, 0x00,
    0x0f, 0x80, 0x3c, 0x00, 0x07, 0x80, 0x7c, 0x00, 0x07, 0xc0, 0x78, 0x00, 0x03, 0xc0, 0x78, 0x00,
    0x03, 0xc0, 0xf8, 0x00, 0x03, 0xe0, 0xf0, 0x00, 0x01, 0xe0, 0xf0, 0x00, 0x01, 0xe1, 0xf0, 0x00,
    0x01, 0xf1, 0xe0, 0x00, 0x00, 0xf1, 0xe0, 0x00, 0x00, 0xf3, 0xc0, 0x00, 0x00, 0xfb, 0xc0, 0x00,
    0x00, 0x7b, 0xc0, 0x00, 0x00, 0x7f, 0x80, 0x00, 0x00, 0x3f, 0x80, 0x00, 0x00, 0x3f, 0x80, 0x00,
    0x00, 0x3f, 0x00, 0x00, 0x00, 0x1f, 0x00, 0x00, 0xe0, 0x00, 0x3c, 0x00, 0x0e, 0xf0, 0x00, 0x7c,
    0x00, 0x1f, 0xf0, 0x00, 0x7e, 0x00, 0x1e, 0xf8, 0x00, 0xfe, 0x00, 0x1e, 0xf8, 0x00, 0xfe, 0x00,
    0x3e, 0x78, 0x00, 0xfe, 0x00, 0x3c, 0x78, 0x00, 0xff, 0x00, 0x3c, 0x7c, 0x01, 0xef, 0x00, 0x3c,
    0x3c, 0x01, 0xef, 0x00, 0x7c, 0x3c, 0x01, 0xef, 0x00, 0x78, 0x3c, 0x01, 0xe7, 0x80, 0x78, 0x3e,
    0x03, 0xc7, 0x80, 0x78, 0x1e, 0x03, 0xc7, 0x80, 0xf8, 0x1e, 0x03, 0xc7, 0x80, 0xf0, 0x1e, 0x03,
    0xc3, 0xc0, 0xf0, 0x1f, 0x07, 0x83, 0xc0, 0xf0, 0x0f, 0x07, 0x83, 0xc1, 0xe0, 0x0f, 0x07, 0x83,
    0xc1, 0xe0, 0x0f, 0x0f, 0x01, 0xe1, 0xe0, 0x0f, 0x8f, 0x01, 0xe1, 0xe0, 0x07, 0x8f, 0x01, 0xe3,
    0xc0, 0x07, 0x8f, 0x00, 0xe3, 0xc0, 0x07, 0x9e, 0x00, 0xf3, 0xc0, 0x03, 0xde, 0x00, 0xf3, 0xc0,
    0x03, 0xde, 0x00, 0xf7, 0x80, 0x03, 0xde, 0x00, 0x77, 0x80, 0x03, 0xfc, 0x00, 0x7f, 0x80, 0x01,
    0xfc, 0x00, 0x7f, 0x00, 0x01, 0xfc, 0x00, 0x7f, 0x00, 0x01, 0xf8, 0x00, 0x3f, 0x00, 0x01, 0xf8,
    0x00, 0x3f, 0x00, 0x00, 0xf8, 0x00, 0x3e, 0x00, 0x78, 0x00, 0x03, 0x80, 0x7c, 0x00, 0x07, 0x80,
    0x3c, 0x00, 0x0f, 0x80, 0x3e, 0x00, 0x1f, 0x00, 0x1f, 0x00, 0x3e, 0x00, 0x0f, 0x00, 0x3e, 0x00,
    0x0f, 0x80, 0x7c, 0x00, 0x07, 0xc0, 0xf8, 0x00, 0x03, 0xc0, 0xf8, 0x00, 0x03, 0xe1, 0xf0, 0x00,
    0x01, 0xf3, 0xe0, 0x00, 0x00, 0xf3, 0xe0, 0x00, 0x00, 0xff, 0xc0, 0x00, 0x00, 0x7f, 0x80, 0x00,
    0x00, 0x3f, 0x00, 0x00, 0x00, 0x3f, 0x00, 0x00, 0x00, 0x3f, 0x00, 0x00, 0x00, 0x3f, 0x80, 0x00,
    0x00, 0x7f, 0x80, 0x00, 0x00, 0xff, 0xc0, 0x00, 0x01, 0xf3, 0xe0, 0x00, 0x01, 0xf1, 0xf0, 0x00,
    0x03, 0xe1, 0xf0, 0x00, 0x07, 0xc0, 0xf8, 0x00, 0x07, 0x80, 0x7c, 0x00, 0x0f, 0x80, 0x7c, 0x00,
    0x1f, 0x00, 0x3e, 0x00, 0x1e, 0x00, 0x1f, 0x00, 0x3e, 0x00, 0x1f, 0x00, 0x7c, 0x00, 0x0f, 0x80,
    0xf8, 0x00, 0x07, 0xc0, 0xf8, 0x00, 0x07, 0xc0, 0xf0, 0x00, 0x03, 0xc0, 0xf8, 0x00, 0x07, 0xc0,
    0x7c, 0x00, 0x0f, 0x80, 0x7c, 0x00, 0x0f, 0x80, 0x3e, 0x00, 0x1f, 0x00, 0x1e, 0x00, 0x1e, 0x00,
    0x1f, 0x00, 0x3e, 0x00, 0x0f, 0x80, 0x7c, 0x00, 0x0f, 0x80, 0x7c, 0x00, 0x07, 0xc0, 0xf8, 0x00,
    0x03, 0xc0, 0xf0, 0x00, 0x03, 0xe1, 0xf0, 0x00, 0x01, 0xf3, 0xe0, 0x00, 0x01, 0xf3, 0xe0, 0x00,
    0x00, 0xff, 0xc0, 0x00, 0x00, 0x7f, 0x80, 0x00, 0x00, 0x7f, 0x80, 0x00, 0x00, 0x3f, 0x00, 0x00,
    0x00, 0x1e, 0x00, 0x00, 0x00, 0x1e, 0x00, 0x00, 0x00, 0x1e, 0x00, 0x00, 0x00, 0x1e, 0x00, 0x00,
    0x00, 0x1e, 0x00, 0x00, 0x00, 0x1e, 0x00, 0x00, 0x00, 0x1e, 0x00, 0x00, 0x00, 0x1e, 0x00, 0x00,
    0x00, 0x1e, 0x00, 0x00, 0x00, 0x1e, 0x00, 0x00, 0x00, 0x1e, 0x00, 0x00, 0x00, 0x1e, 0x00, 0x00,
    0x00, 0x1e, 0x00, 0x00, 0x00, 0x1e, 0x00, 0x00, 0x7f, 0xff, 0xff, 0x00, 0x7f, 0xff, 0xff, 0x00,
    0x7f, 0xff, 0xff, 0x00, 0x7f, 0xff, 0xff, 0x00, 0x00, 0x00, 0x1f, 0x00, 0x00, 0x00, 0x3e, 0x00,
    0x00, 0x00, 0x7c, 0x00, 0x00, 0x00, 0x7c, 0x00, 0x00, 0x00, 0xf8, 0x00, 0x00, 0x01, 0xf0, 0x00,
    0x00, 0x03, 0xe0, 0x00, 0x00, 0x07, 0xc0, 0x00, 0x00, 0x07, 0xc0, 0x00, 0x00, 0x0f, 0x80, 0x00,
    0x00, 0x1f, 0x00, 0x00, 0x00, 0x3e, 0x00, 0x00, 0x00, 0x3e, 0x00, 0x00, 0x00, 0x7c, 0x00, 0x00,
    0x00, 0xf8, 0x00, 0x00, 0x01, 0xf0, 0x00, 0x00, 0x03, 0xf0, 0x00, 0x00, 0x03, 0xe0, 0x00, 0x00,
    0x07, 0xc0, 0x00, 0x00, 0x0f, 0x80, 0x00, 0x00, 0x1f, 0x00, 0x00, 0x00, 0x1f, 0x00, 0x00, 0x00,
    0x3e, 0x00, 0x00, 0x00, 0x7c, 0x00, 0x00, 0x00, 0xff, 0xff, 0xff, 0x00, 0xff, 0xff, 0xff, 0x80,
    0xff, 0xff, 0xff, 0x80, 0xff, 0xff, 0xff, 0x80, 0xff, 0x00, 0xff, 0x80, 0xff, 0x80, 0xff, 0x00,
    0xf0, 0x00, 0xf0, 0x00, 0xf0, 0x00, 0xf0, 0x00, 0xf0, 0x00, 0xf0, 0x00, 0xf0, 0x00, 0xf0, 0x00,
    0xf0, 0x00, 0xf0, 0x00, 0xf0, 0x00, 0xf0, 0x00, 0xf0, 0x00, 0xf0, 0x00, 0xf0, 0x00, 0xf0, 0x00,
    0xf0, 0x00, 0xf0, 0x00, 0xf0, 0x00, 0xf0, 0x00, 0xf0, 0x00, 0xf0, 0x00, 0xf0, 0x00, 0xf0, 0x00,
    0xf0, 0x00, 0xf0, 0x00, 0xf0, 0x00, 0xf0, 0x00, 0xf0, 0x00, 0xf0, 0x00, 0xf0, 0x00, 0xf0, 0x00,
    0xff, 0x80, 0xff, 0x80, 0xff, 0x80, 0xf0, 0x00, 0x70, 0x00, 0x78, 0x00, 0x78, 0x00, 0x78, 0x00,
    0x38, 0x00, 0x3c, 0x00, 0x3c, 0x00, 0x3c, 0x00, 0x1c, 0x00, 0x1e, 0x00, 0x1e, 0x00, 0x0e, 0x00,
    0x0f, 0x00, 0x0f, 0x00, 0x0f, 0x00, 0x07, 0x00, 0x07, 0x80, 0x07, 0x80, 0x07, 0x80, 0x03, 0x80,
    0x03, 0xc0, 0x03, 0xc0, 0x03, 0xc0, 0x01, 0xc0, 0x01, 0xe0, 0x01, 0xe0, 0x00, 0xe0, 0x00, 0xf0,
    0x00, 0xf0, 0x00, 0xf0, 0x00, 0x70, 0x00, 0x78, 0x00, 0x78, 0x00, 0x78, 0x00, 0x38, 0x00, 0x3c,
    0x00, 0x3c, 0x7f, 0x80, 0xff, 0x80, 0xff, 0x80, 0x7f, 0x80, 0x07, 0x80, 0x07, 0x80, 0x07, 0x80,
    0x07, 0x80, 0x07, 0x80, 0x07, 0x80, 0x07, 0x80, 0x07, 0x80, 0x07, 0x80, 0x07, 0x80, 0x07, 0x80,
    0x07, 0x80, 0x07, 0x80, 0x07, 0x80, 0x07, 0x80, 0x07, 0x80, 0x07, 0x80, 0x07, 0x80, 0x07, 0x80,
    0x07, 0x80, 0x07, 0x80, 0x07, 0x80, 0x07, 0x80, 0x07, 0x80, 0x07, 0x80, 0x07, 0x80, 0x07, 0x80,
    0x07, 0x80, 0x07, 0x80, 0x07, 0x80, 0x07, 0x80, 0x07, 0x80, 0xff, 0x80, 0xff, 0x80, 0xff, 0x80,
    0x03, 0xe0, 0x00, 0x07, 0xf0, 0x00, 0x07, 0xf0, 0x00, 0x07, 0x70, 0x00, 0x0f, 0x78, 0x00, 0x0e,
    0x38, 0x00, 0x1e, 0x3c, 0x00, 0x1c, 0x1c, 0x00, 0x3c, 0x1e, 0x00, 0x38, 0x0e, 0x00, 0x78, 0x0f,
    0x00, 0x78, 0x0f, 0x00, 0xf0, 0x07, 0x80, 0xff, 0xff, 0xf0, 0xff, 0xff, 0xf0, 0xff, 0xff, 0xf0,
    0xff, 0xff, 0xe0, 0xf0, 0x78, 0x78, 0x3c, 0x1c, 0x1e, 0x01, 0xf8, 0x00, 0x07, 0xfe, 0x00, 0x1f,
    0xff, 0x80, 0x3f, 0xff, 0xc0, 0x3e, 0x07, 0xc0, 0x7c, 0x03, 0xe0, 0x78, 0x01, 0xe0, 0x78, 0x01,
    0xe0, 0x00, 0x01, 0xe0, 0x00, 0x0f, 0xe0, 0x03, 0xff, 0xe0, 0x1f, 0xff, 0xe0, 0x3f, 0xf9, 0xe0,
    0x7f, 0x01, 0xe0, 0x7c, 0x01, 0xe0, 0x78, 0x01, 0xe0, 0xf8, 0x03, 0xe0, 0x78, 0x03, 0xe0, 0x78,
    0x07, 0xe0, 0x7c, 0x0f, 0xe0, 0x3f, 0xff, 0xe0, 0x1f, 0xf9, 0xe0, 0x0f, 0xf1, 0xe0, 0x70, 0x00,
    0x00, 0xf8, 0x00, 0x00, 0xf8, 0x00, 0x00, 0xf8, 0x00, 0x00, 0xf8, 0x00, 0x00, 0xf8, 0x00, 0x00,
    0xf8, 0x00, 0x00, 0xf8, 0x00, 0x00, 0xf8, 0x00, 0x00, 0xf8, 0x7c, 0x00, 0xf9, 0xff, 0x00, 0xfb,
    0xff, 0x80, 0xff, 0xff, 0xc0, 0xff, 0x07, 0xe0, 0xfe, 0x01, 0xf0, 0xfc, 0x00, 0xf0, 0xf8, 0x00,
    0xf0, 0xf8, 0x00, 0xf8, 0xf8, 0x00, 0x78, 0xf0, 0x00, 0x78, 0xf0, 0x00, 0x78, 0xf0, 0x00, 0x78,
    0xf0, 0x00, 0x78, 0xf8, 0x00, 0x78, 0xf8, 0x00, 0xf8, 0xf8, 0x00, 0xf0, 0xfc, 0x01, 0xf0, 0xfe,
    0x01, 0xf0, 0xff, 0x07, 0xe0, 0xff, 0xff, 0xc0, 0xfb, 0xff, 0x80, 0xf9, 0xff, 0x00, 0x00, 0x10,
    0x00, 0x00, 0xf8, 0x00, 0x03, 0xff, 0x00, 0x0f, 0xff, 0x80, 0x1f, 0xff, 0xc0, 0x1f, 0x03, 0xe0,
    0x3e, 0x01, 0xf0, 0x7c, 0x00, 0xf0, 0x78, 0x00, 0xf0, 0x78, 0x00, 0x00, 0x78, 0x00, 0x00, 0x78,
    0x00, 0x00, 0xf8, 0x00, 0x00, 0xf8, 0x00, 0x00, 0x78, 0x00, 0x00, 0x78, 0x00, 0x00, 0x78, 0x00,
    0x00, 0x7c, 0x00, 0xf0, 0x3c, 0x00, 0xf0, 0x3e, 0x01, 0xf0, 0x1f, 0x87, 0xe0, 0x0f, 0xff, 0xc0,
    0x07, 0xff, 0x80, 0x03, 0xff, 0x00, 0x00, 0x30, 0x00, 0x00, 0x00, 0x78, 0x00, 0x00, 0x78, 0x00,
    0x00, 0x78, 0x00, 0x00, 0x78, 0x00, 0x00, 0x78, 0x00, 0x00, 0x78, 0x00, 0x00, 0x78, 0x00, 0x00,
    0x78, 0x00, 0x00, 0x78, 0x00, 0xf0, 0x78, 0x07, 0xfe, 0x78, 0x0f, 0xff, 0x78, 0x1f, 0xff, 0xf8,
    0x3f, 0x03, 0xf8, 0x3e, 0x01, 0xf8, 0x7c, 0x00, 0xf8, 0x78, 0x00, 0xf8, 0x78, 0x00, 0x78, 0x78,
    0x00, 0x78, 0x78, 0x00, 0x78, 0xf8, 0x00, 0x78, 0xf8, 0x00, 0x78, 0x78, 0x00, 0x78, 0x78, 0x00,
    0x78, 0x78, 0x00, 0x78, 0x78, 0x00, 0xf8, 0x7c, 0x00, 0xf8, 0x3e, 0x01, 0xf8, 0x1f, 0x87, 0xf8,
    0x1f, 0xff, 0xf8, 0x0f, 0xff, 0x78, 0x03, 0xfc, 0x78, 0x00, 0x60, 0x00, 0x00, 0xf8, 0x00, 0x03,
    0xff, 0x00, 0x0f, 0xff, 0x80, 0x1f, 0xff, 0xc0, 0x1f, 0x03, 0xe0, 0x3c, 0x01, 0xf0, 0x7c, 0x00,
    0xf0, 0x78, 0x00, 0xf0, 0x78, 0x00, 0x78, 0x78, 0x00, 0x78, 0x7f, 0xff, 0xf8, 0xff, 0xff, 0xf8,
    0xff, 0xff, 0xf8, 0x78, 0x00, 0x00, 0x78, 0x00, 0x00, 0x78, 0x00, 0x00, 0x78, 0x00, 0x70, 0x3c,
    0x00, 0xf0, 0x3e, 0x01, 0xf0, 0x1f, 0x87, 0xe0, 0x1f, 0xff, 0xc0, 0x07, 0xff, 0x80, 0x03, 0xff,
    0x00, 0x00, 0x30, 0x00, 0x00, 0x30, 0x03, 0xf8, 0x07, 0xf8, 0x07, 0xf8, 0x0f, 0x80, 0x0f, 0x00,
    0x0f, 0x00, 0x0f, 0x00, 0x0f, 0x00, 0x7f, 0xf0, 0xff, 0xf8, 0xff, 0xf8, 0xff, 0xf8, 0x0f, 0x00,
    0x0f, 0x00, 0x0f, 0x00, 0x0f, 0x00, 0x0f, 0x00, 0x0f, 0x00, 0x0f, 0x00, 0x0f, 0x00, 0x0f, 0x00,
    0x0f, 0x00, 0x0f, 0x00, 0x0f, 0x00, 0x0f, 0x00, 0x0f, 0x00, 0x0f, 0x00, 0x0f, 0x00, 0x0f, 0x00,
    0x0f, 0x00, 0x0f, 0x00, 0x00, 0xf0, 0x00, 0x07, 0xfe, 0x78, 0x0f, 0xff, 0x78, 0x1f, 0xff, 0xf8,
    0x3f, 0x03, 0xf8, 0x3e, 0x01, 0xf8, 0x7c, 0x00, 0xf8, 0x78, 0x00, 0xf8, 0x78, 0x00, 0x78, 0x78,
    0x00, 0x78, 0x78, 0x00, 0x78, 0xf8, 0x00, 0x78, 0xf8, 0x00, 0x78, 0x78, 0x00, 0x78, 0x78, 0x00,
    0x78, 0x78, 0x00, 0x78, 0x7c, 0x00, 0xf8, 0x3c, 0x00, 0xf8, 0x3e, 0x03, 0xf8, 0x1f, 0x8f, 0xf8,
    0x1f, 0xff, 0x78, 0x07, 0xfe, 0x78, 0x03, 0xfc, 0x78, 0x00, 0x00, 0x78, 0x00, 0x00, 0x78, 0x3c,
    0x00, 0xf8, 0x3c, 0x00, 0xf8, 0x3e, 0x01, 0xf0, 0x1f, 0xff, 0xe0, 0x0f, 0xff, 0xe0, 0x07, 0xff,
    0x80, 0x01, 0xfe, 0x00, 0x70, 0x00, 0x00, 0xf8, 0x00, 0x00, 0xf8, 0x00, 0x00, 0xf8, 0x00, 0x00,
    0xf8, 0x00, 0x00, 0xf8, 0x00, 0x00, 0xf8, 0x00, 0x00, 0xf8, 0x00, 0x00, 0xf8, 0x00, 0x00, 0xf8,
    0x7c, 0x00, 0xf9, 0xff, 0x00, 0xff, 0xff, 0x80, 0xff, 0xff, 0xc0, 0xfe, 0x07, 0xc0, 0xfc, 0x03,
    0xe0, 0xf8, 0x01, 0xe0, 0xf8, 0x01, 0xe0, 0xf8, 0x01, 0xe0, 0xf8, 0x01, 0xe0, 0xf8, 0x01, 0xe0,
    0xf8, 0x01, 0xe0, 0xf8, 0x01, 0xe0, 0xf8, 0x01, 0xe0, 0xf8, 0x01, 0xe0, 0xf8, 0x01, 0xe0, 0xf8,
    0x01, 0xe0, 0xf8, 0x01, 0xe0, 0xf8, 0x01, 0xe0, 0xf8, 0x01, 0xe0, 0xf8, 0x01, 0xe0, 0xf8, 0x01,
    0xe0, 0x70, 0x01, 0xe0, 0x20, 0x78, 0xf8, 0xf8, 0xf8, 0x70, 0x00, 0x00, 0x00, 0x00, 0xf8, 0xf8,
    0xf8, 0xf8, 0xf8, 0xf8, 0xf8, 0xf8, 0xf8, 0xf8, 0xf8, 0xf8, 0xf8, 0xf8, 0xf8, 0xf8, 0xf8, 0xf8,
    0xf8, 0xf8, 0xf8, 0xf8, 0x04, 0x0f, 0x1f, 0x1f, 0x1f, 0x0e, 0x00, 0x00, 0x00, 0x00, 0x1f, 0x1f,
    0x1f, 0x1f, 0x1f, 0x1f, 0x1f, 0x1f, 0x1f, 0x1f, 0x1f, 0x1f, 0x1f, 0x1f, 0x1f, 0x1f, 0x1f, 0x1f,
    0x1f, 0x1f, 0x1f, 0x1f, 0x1f, 0x1f, 0x1f, 0x1f, 0x1e, 0xfe, 0xfc, 0xfc, 0xf0, 0x70, 0x00, 0x00,
    0xf8, 0x00, 0x00, 0xf8, 0x00, 0x00, 0xf8, 0x00, 0x00, 0xf8, 0x00, 0x00, 0xf8, 0x00, 0x00, 0xf8,
    0x00, 0x00, 0xf8, 0x00, 0x00, 0xf8, 0x00, 0x00, 0xf8, 0x00, 0x00, 0xf8, 0x03, 0xe0, 0xf8, 0x07,
    0xc0, 0xf8, 0x0f, 0x80, 0xf8, 0x1f, 0x00, 0xf8, 0x3e, 0x00, 0xf8, 0x7c, 0x00, 0xf8, 0xf8, 0x00,
    0xf9, 0xf0, 0x00, 0xfb, 0xe0, 0x00, 0xff, 0xc0, 0x00, 0xff, 0xe0, 0x00, 0xff, 0xf0, 0x00, 0xfd,
    0xf8, 0x00, 0xf8, 0xf8, 0x00, 0xf8, 0x7c, 0x00, 0xf8, 0x3e, 0x00, 0xf8, 0x1f, 0x00, 0xf8, 0x0f,
    0x80, 0xf8, 0x0f, 0x80, 0xf8, 0x07, 0xc0, 0xf8, 0x03, 0xe0, 0xf8, 0x01, 0xf0, 0x70, 0xf8, 0xf8,
    0xf8, 0xf8, 0xf8, 0xf8, 0xf8, 0xf8, 0xf8, 0xf8, 0xf8, 0xf8, 0xf8, 0xf8, 0xf8, 0xf8, 0xf8, 0xf8,
    0xf8, 0xf8, 0xf8, 0xf8, 0xf8, 0xf8, 0xf8, 0xf8, 0xf8, 0xf8, 0xf8, 0xf8, 0xf8, 0x00, 0x30, 0x01,
    0xc0, 0xf1, 0xfe, 0x0f, 0xf0, 0xf3, 0xff, 0x1f, 0xfc, 0xff, 0xff, 0xbf, 0xfe, 0xff, 0x0f, 0xf8,
    0x7e, 0xfc, 0x07, 0xf0, 0x1e, 0xf8, 0x03, 0xe0, 0x1f, 0xf8, 0x03, 0xe0, 0x0f, 0xf8, 0x03, 0xc0,
    0x0f, 0xf8, 0x03, 0xc0, 0x0f, 0xf8, 0x03, 0xc0, 0x0f, 0xf8, 0x03, 0xc0, 0x0f, 0xf8, 0x03, 0xc0,
    0x0f, 0xf8, 0x03, 0xc0, 0x0f, 0xf8, 0x03, 0xc0, 0x0f, 0xf8, 0x03, 0xc0, 0x0f, 0xf8, 0x03, 0xc0,
    0x0f, 0xf8, 0x03, 0xc0, 0x0f, 0xf8, 0x03, 0xc0, 0x0f, 0xf8, 0x03, 0xc0, 0x0f, 0xf8, 0x03, 0xc0,
    0x0f, 0xf8, 0x03, 0xc0, 0x0f, 0xf8, 0x03, 0xc0, 0x0f, 0x00, 0x30, 0x00, 0xf9, 0xfe, 0x00, 0xfb,
    0xff, 0x80, 0xff, 0xff, 0xc0, 0xff, 0x0f, 0xc0, 0xfc, 0x03, 0xe0, 0xf8, 0x01, 0xe0, 0xf8, 0x01,
    0xe0, 0xf8, 0x01, 0xe0, 0xf8, 0x01, 0xe0, 0xf8, 0x01, 0xe0, 0xf8, 0x01, 0xe0, 0xf8, 0x01, 0xe0,
    0xf8, 0x01, 0xe0, 0xf8, 0x01, 0xe0, 0xf8, 0x01, 0xe0, 0xf8, 0x01, 0xe0, 0xf8, 0x01, 0xe0, 0xf8,
    0x01, 0xe0, 0xf8, 0x01, 0xe0, 0xf8, 0x01, 0xe0, 0xf8, 0x01, 0xe0, 0xf8, 0x01, 0xe0, 0x00, 0xf8,
    0x00, 0x03, 0xff, 0x00, 0x0f, 0xff, 0x80, 0x1f, 0xff, 0xc0, 0x1f, 0x03, 0xe0, 0x3e, 0x01, 0xf0,
    0x7c, 0x00, 0xf0, 0x78, 0x00, 0xf8, 0x78, 0x00, 0x78, 0x78, 0x00, 0x78, 0x78, 0x00, 0x78, 0xf8,
    0x00, 0x78, 0xf8, 0x00, 0x78, 0x78, 0x00, 0x78, 0x78, 0x00, 0x78, 0x78, 0x00, 0x78, 0x7c, 0x00,
    0xf8, 0x3c, 0x00, 0xf0, 0x3e, 0x01, 0xf0, 0x1f, 0x87, 0xe0, 0x0f, 0xff, 0xc0, 0x07, 0xff, 0x80,
    0x03, 0xff, 0x00, 0x00, 0x30, 0x00, 0x00, 0x7c, 0x00, 0xf1, 0xff, 0x00, 0xf3, 0xff, 0x80, 0xff,
    0xff, 0xc0, 0xff, 0x03, 0xe0, 0xfe, 0x01, 0xf0, 0xfc, 0x00, 0xf0, 0xf8, 0x00, 0xf0, 0xf8, 0x00,
    0xf8, 0xf8, 0x00, 0x78, 0xf0, 0x00, 0x78, 0xf0, 0x00, 0x78, 0xf0, 0x00, 0x78, 0xf0, 0x00, 0x78,
    0xf8, 0x00, 0x78, 0xf8, 0x00, 0xf8, 0xf8, 0x00, 0xf0, 0xfc, 0x01, 0xf0, 0xfe, 0x03, 0xe0, 0xff,
    0x8f, 0xe0, 0xff, 0xff, 0xc0, 0xfb, 0xff, 0x80, 0xf8, 0xfe, 0x00, 0xf8, 0x00, 0x00, 0xf8, 0x00,
    0x00, 0xf8, 0x00, 0x00, 0xf8, 0x00, 0x00, 0xf8, 0x00, 0x00, 0xf8, 0x00, 0x00, 0xf8, 0x00, 0x00,
    0xf8, 0x00, 0x00, 0x70, 0x00, 0x00, 0x00, 0xf0, 0x00, 0x07, 0xfe, 0x78, 0x0f, 0xff, 0x78, 0x1f,
    0xff, 0xf8, 0x3f, 0x03, 0xf8, 0x3e, 0x01, 0xf8, 0x7c, 0x00, 0xf8, 0x78, 0x00, 0xf8, 0x78, 0x00,
    0x78, 0x78, 0x00, 0x78, 0x78, 0x00, 0x78, 0xf8, 0x00, 0x78, 0xf8, 0x00, 0x78, 0x78, 0x00, 0x78,
    0x78, 0x00, 0x78, 0x78, 0x00, 0x78, 0x7c, 0x00, 0xf8, 0x3c, 0x00, 0xf8, 0x3e, 0x01, 0xf8, 0x1f,
    0x8f, 0xf8, 0x1f, 0xff, 0x78, 0x07, 0xfe, 0x78, 0x03, 0xfc, 0x78, 0x00, 0x00, 0x78, 0x00, 0x00,
    0x78, 0x00, 0x00, 0x78, 0x00, 0x00, 0x78, 0x00, 0x00, 0x78, 0x00, 0x00, 0x78, 0x00, 0x00, 0x78,
    0x00, 0x00, 0x78, 0x00, 0x00, 0x78, 0x00, 0x60, 0xf3, 0xe0, 0xf7, 0xe0, 0xff, 0xe0, 0xff, 0x00,
    0xfc, 0x00, 0xf8, 0x00, 0xf8, 0x00, 0xf8, 0x00, 0xf8, 0x00, 0xf8, 0x00, 0xf8, 0x00, 0xf8, 0x00,
    0xf8, 0x00, 0xf8, 0x00, 0xf8, 0x00, 0xf8, 0x00, 0xf8, 0x00, 0xf8, 0x00, 0xf8, 0x00, 0xf8, 0x00,
    0xf8, 0x00, 0xf8, 0x00, 0x03, 0xe0, 0x00, 0x1f, 0xf8, 0x00, 0x3f, 0xfe, 0x00, 0x7f, 0xff, 0x00,
    0xf8, 0x0f, 0x00, 0xf0, 0x0f, 0x80, 0xf0, 0x07, 0x80, 0xf0, 0x00, 0x00, 0xf8, 0x00, 0x00, 0x7e,
    0x00, 0x00, 0x7f, 0xe0, 0x00, 0x3f, 0xfc, 0x00, 0x0f, 0xfe, 0x00, 0x01, 0xff, 0x00, 0x00, 0x1f,
    0x80, 0x00, 0x07, 0x80, 0xe0, 0x07, 0x80, 0xf0, 0x07, 0x80, 0xf0, 0x07, 0x80, 0xf8, 0x0f, 0x80,
    0x7f, 0xff, 0x00, 0x3f, 0xfe, 0x00, 0x0f, 0xf8, 0x00, 0x00, 0x80, 0x00, 0x0f, 0x00, 0x0f, 0x00,
    0x0f, 0x00, 0x0f, 0x00, 0x0f, 0x00, 0x0f, 0x80, 0xff, 0xf8, 0xff, 0xf8, 0xff, 0xf8, 0x0f, 0x00,
    0x0f, 0x00, 0x0f, 0x00, 0x0f, 0x00, 0x0f, 0x00, 0x0f, 0x00, 0x0f, 0x00, 0x0f, 0x00, 0x0f, 0x00,
    0x0f, 0x00, 0x0f, 0x00, 0x0f, 0x00, 0x0f, 0x00, 0x0f, 0x00, 0x0f, 0x00, 0x0f, 0x80, 0x07, 0xf8,
    0x07, 0xf8, 0x01, 0xf8, 0xf8, 0x01, 0xe0, 0xf8, 0x01, 0xe0, 0xf8, 0x01, 0xe0, 0xf8, 0x01, 0xe0,
    0xf8, 0x01, 0xe0, 0xf8, 0x01, 0xe0, 0xf8, 0x01, 0xe0, 0xf8, 0x01, 0xe0, 0xf8, 0x01, 0xe0, 0xf8,
    0x01, 0xe0, 0xf8, 0x01, 0xe0, 0xf8, 0x01, 0xe0, 0xf8, 0x01, 0xe0, 0xf8, 0x01, 0xe0, 0xf8, 0x01,
    0xe0, 0x78, 0x01, 0xe0, 0x78, 0x03, 0xe0, 0x7c, 0x03, 0xe0, 0x3e, 0x0f, 0xe0, 0x3f, 0xff, 0xe0,
    0x1f, 0xfd, 0xe0, 0x0f, 0xf9, 0xe0, 0x00, 0x80, 0x00, 0xf0, 0x00, 0xf0, 0xf8, 0x00, 0xf0, 0x78,
    0x01, 0xf0, 0x78, 0x01, 0xe0, 0x7c, 0x01, 0xe0, 0x3c, 0x03, 0xe0, 0x3c, 0x03, 0xc0, 0x3e, 0x03,
    0xc0, 0x1e, 0x07, 0x80, 0x1e, 0x07, 0x80, 0x0f, 0x07, 0x80, 0x0f, 0x0f, 0x00, 0x0f, 0x8f, 0x00,
    0x07, 0x9f, 0x00, 0x07, 0x9e, 0x00, 0x03, 0xde, 0x00, 0x03, 0xfc, 0x00, 0x03, 0xfc, 0x00, 0x01,
    0xfc, 0x00, 0x01, 0xf8, 0x00, 0x01, 0xf8, 0x00, 0x00, 0xf0, 0x00, 0xf0, 0x07, 0xc0, 0x1e, 0xf0,
    0x07, 0xc0, 0x3e, 0xf8, 0x07, 0xc0, 0x3c, 0x78, 0x0f, 0xc0, 0x3c, 0x78, 0x0f, 0xe0, 0x3c, 0x78,
    0x0f, 0xe0, 0x7c, 0x3c, 0x0e, 0xe0, 0x78, 0x3c, 0x1e, 0xf0, 0x78, 0x3c, 0x1c, 0xf0, 0xf8, 0x1e,
    0x1c, 0x70, 0xf0, 0x1e, 0x3c, 0x70, 0xf0, 0x1e, 0x3c, 0x78, 0xf0, 0x1e, 0x38, 0x79, 0xe0, 0x0f,
    0x38, 0x39, 0xe0, 0x0f, 0x78, 0x39, 0xe0, 0x0f, 0x70, 0x3d, 0xc0, 0x07, 0x70, 0x1f, 0xc0, 0x07,
    0xf0, 0x1f, 0xc0, 0x07, 0xf0, 0x1f, 0x80, 0x03, 0xe0, 0x1f, 0x80, 0x03, 0xe0, 0x0f, 0x80, 0x03,
    0xe0, 0x0f, 0x80, 0x78, 0x01, 0xf0, 0x7c, 0x03, 0xe0, 0x3e, 0x03, 0xc0, 0x1e, 0x07, 0x80, 0x1f,
    0x0f, 0x80, 0x0f, 0x8f, 0x00, 0x07, 0x9e, 0x00, 0x03, 0xfe, 0x00, 0x03, 0xfc, 0x00, 0x01, 0xf8,
    0x00, 0x00, 0xf8, 0x00, 0x01, 0xf8, 0x00, 0x03, 0xfc, 0x00, 0x03, 0xfc, 0x00, 0x07, 0x9e, 0x00,
    0x0f, 0x9f, 0x00, 0x1f, 0x0f, 0x80, 0x1e, 0x07, 0x80, 0x3e, 0x07, 0xc0, 0x7c, 0x03, 0xe0, 0x78,
    0x01, 0xe0, 0xf8, 0x00, 0xf0, 0xf0, 0x00, 0xf0, 0xf8, 0x00, 0xf0, 0x78, 0x01, 0xf0, 0x78, 0x01,
    0xe0, 0x7c, 0x01, 0xe0, 0x3c, 0x03, 0xe0, 0x3c, 0x03, 0xc0, 0x1e, 0x03, 0xc0, 0x1e, 0x07, 0x80,
    0x1e, 0x07, 0x80, 0x0f, 0x07, 0x80, 0x0f, 0x0f, 0x00, 0x0f, 0x8f, 0x00, 0x07, 0x9e, 0x00, 0x07,
    0x9e, 0x00, 0x03, 0xde, 0x00, 0x03, 0xfc, 0x00, 0x03, 0xfc, 0x00, 0x01, 0xf8, 0x00, 0x01, 0xf8,
    0x00, 0x00, 0xf8, 0x00, 0x00, 0xf0, 0x00, 0x00, 0xf0, 0x00, 0x01, 0xf0, 0x00, 0x01, 0xe0, 0x00,
    0x01, 0xe0, 0x00, 0x03, 0xc0, 0x00, 0x3f, 0xc0, 0x00, 0x3f, 0x80, 0x00, 0x3f, 0x00, 0x00, 0x3c,
    0x00, 0x00, 0xff, 0xff, 0x80, 0xff, 0xff, 0x80, 0xff, 0xff, 0x80, 0x00, 0x1f, 0x00, 0x00, 0x1f,
    0x00, 0x00, 0x3e, 0x00, 0x00, 0x7c, 0x00, 0x00, 0x78, 0x00, 0x00, 0xf8, 0x00, 0x01, 0xf0, 0x00,
    0x03, 0xe0, 0x00, 0x03, 0xc0, 0x00, 0x07, 0xc0, 0x00, 0x0f, 0x80, 0x00, 0x1f, 0x00, 0x00, 0x1e,
    0x00, 0x00, 0x3e, 0x00, 0x00, 0x7c, 0x00, 0x00, 0xff, 0xff, 0x80, 0xff, 0xff, 0x80, 0xff, 0xff,
    0x80, 0xff, 0xff, 0x80, 0x00, 0x78, 0x01, 0xf8, 0x03, 0xf8, 0x03, 0xf0, 0x07, 0xc0, 0x07, 0x80,
    0x07, 0x80, 0x07, 0x80, 0x07, 0x80, 0x07, 0x80, 0x07, 0x80, 0x07, 0x80, 0x07, 0x80, 0x07, 0x80,
    0x07, 0x80, 0x07, 0x80, 0x0f, 0x80, 0x3f, 0x00, 0xfe, 0x00, 0xfc, 0x00, 0xfe, 0x00, 0x7f, 0x00,
    0x0f, 0x80, 0x0f, 0x80, 0x07, 0x80, 0x07, 0x80, 0x07, 0x80, 0x07, 0x80, 0x07, 0x80, 0x07, 0x80,
    0x07, 0x80, 0x07, 0x80, 0x07, 0x80, 0x07, 0x80, 0x07, 0xc0, 0x03, 0xe0, 0x03, 0xf8, 0x01, 0xf8,
    0x00, 0x78, 0xe0, 0xe0, 0xe0, 0xe0, 0xe0, 0xe0, 0xe0, 0xe0, 0xe0, 0xe0, 0xe0, 0xe0, 0xe0, 0xe0,
    0xe0, 0xe0, 0xe0, 0xe0, 0xe0, 0xe0, 0xe0, 0xe0, 0xe0, 0xe0, 0xe0, 0xe0, 0xe0, 0xe0, 0xe0, 0xe0,
    0xe0, 0xe0, 0xe0, 0xe0, 0xe0, 0xe0, 0xe0, 0xe0, 0xe0, 0xe0, 0xe0, 0xe0, 0xe0, 0xe0, 0xe0, 0xe0,
    0xe0, 0xe0, 0xe0, 0xe0, 0xe0, 0xe0, 0xf0, 0x00, 0xfc, 0x00, 0xfe, 0x00, 0x3f, 0x00, 0x0f, 0x00,
    0x07, 0x80, 0x07, 0x80, 0x07, 0x80, 0x07, 0x80, 0x07, 0x80, 0x07, 0x80, 0x07, 0x80, 0x07, 0x80,
    0x07, 0x80, 0x07, 0x80, 0x07, 0x80, 0x07, 0xc0, 0x03, 0xf0, 0x01, 0xfc, 0x00, 0xfc, 0x01, 0xfc,
    0x03, 0xf8, 0x07, 0xc0, 0x07, 0x80, 0x07, 0x80, 0x07, 0x80, 0x07, 0x80, 0x07, 0x80, 0x07, 0x80,
    0x07, 0x80, 0x07, 0x80, 0x07, 0x80, 0x07, 0x80, 0x07, 0x80, 0x0f, 0x00, 0x1f, 0x00, 0xff, 0x00,
    0xfe, 0x00, 0xf8, 0x00, 0x1f, 0x80, 0x38, 0x3f, 0xe0, 0x38, 0x7f, 0xf0, 0x78, 0xf9, 0xf8, 0x78,
    0xf0, 0x7f, 0xf0, 0xe0, 0x3f, 0xf0, 0xe0, 0x1f, 0xe0, 0x00, 0x07, 0x80,
};
static const Glyph kLargeGlyphs[] PROGMEM = {
    {0, 0, 0, 10, 0, 0}, //  32 ' '
    {0, 6, 32, 10, 2, -32}, //  33 '!'
    {32, 10, 11, 18, 4, -32}, //  34 '"'
    {54, 26, 32, 26, 0, -32}, //  35 '#'
    {182, 24, 41, 27, 1, -36}, //  36 '$'
    {305, 31, 33, 37, 3, -32}, //  37 '%'
    {437, 25, 33, 26, 1, -32}, //  38 '&'
    {569, 3, 11, 11, 4, -32}, //  39 "'"
    {580, 9, 39, 13, 3, -33}, //  40 '('
    {658, 9, 39, 13, 1, -33}, //  41 ')'
    {736, 16, 18, 21, 2, -32}, //  42 '*'
    {772, 21, 20, 27, 3, -22}, //  43 '+'
    {832, 6, 11, 10, 1, -5}, //  44 ','
    {843, 14, 4, 19, 2, -15}, //  45 '-'
    {851, 6, 5, 10, 2, -5}, //  46 '.'
    {856, 14, 38, 14, 0, -33}, //  47 '/'
    {932, 23, 33, 27, 2, -32}, //  48 '0'
    {1031, 12, 32, 16, 1, -32}, //  49 '1'
    {1095, 21, 32, 24, 2, -32}, //  50 '2'
    {1191, 22, 33, 26, 2, -32}, //  51 '3'
    {1290, 25, 32, 27, 1, -32}, //  52 '4'
    {1418, 21, 32, 25, 2, -32}, //  53 '5'
    {1514, 22, 33, 25, 2, -32}, //  54 '6'
    {1613, 20, 32, 22, 1, -32}, //  55 '7'
    {1709, 21, 33, 25, 2, -32}, //  56 '8'
    {1808, 22, 33, 25, 2, -32}, //  57 '9'
    {1907, 6, 22, 10, 2, -22}, //  58 ':'
    {1929, 7, 27, 10, 1, -21}, //  59 ';'
    {1956, 20, 22, 27, 3, -23}, //  60 '<'
    {2022, 19, 13, 27, 4, -19}, //  61 '='
    {2061, 20, 23, 27, 4, -24}, //  62 '>'
    {2130, 20, 32, 23, 1, -32}, //  63 '?'
    {2226, 38, 40, 42, 2, -31}, //  64 '@'
    {2426, 27, 32, 29, 1, -32}, //  65 'A'
    {2554, 23, 32, 27, 3, -32}, //  66 'B'
    {2650, 27, 33, 31, 2, -32}, //  67 'C'
    {2782, 25, 32, 30, 3, -32}, //  68 'D'
    {2910, 21, 32, 25, 3, -32}, //  69 'E'
    {3006, 20, 32, 24, 3, -32}, //  70 'F'
    {3102, 27, 33, 31, 2, -32}, //  71 'G'
    {3234, 25, 32, 30, 3, -32}, //  72 'H'
    {3362, 4, 32, 10, 3, -32}, //  73 'I'
    {3394, 19, 32, 23, 1, -32}, //  74 'J'
    {3490, 24, 32, 28, 3, -32}, //  75 'K'
    {3586, 19, 32, 23, 3, -32}, //  76 'L'
    {3682, 31, 32, 37, 3, -32}, //  77 'M'
    {3810, 25, 32, 31, 3, -32}, //  78 'N'
    {3938, 28, 33, 32, 2, -32}, //  79 'O'
    {4070, 22, 32, 26, 3, -32}, //  80 'P'
    {4166, 28, 35, 32, 2, -32}, //  81 'Q'
    {4306, 23, 32, 27, 3, -32}, //  82 'R'
    {4402, 24, 33, 27, 1, -32}, //  83 'S'
    {4501, 24, 32, 26, 1, -32}, //  84 'T'
    {4597, 24, 33, 30, 3, -32}, //  85 'U'
    {4696, 27, 32, 28, 1, -32}, //  86 'V'
    {4824, 40, 32, 41, 1, -32}, //  87 'W'
    {4984, 26, 32, 28, 1, -32}, //  88 'X'
    {5112, 26, 32, 28, 1, -32}, //  89 'Y'
    {5240, 25, 32, 27, 1, -32}, //  90 'Z'
    {5368, 9, 39, 13, 3, -33}, //  91 '['
    {5446, 14, 38, 14, 0, -33}, //  92 '\\'
    {5522, 9, 39, 13, 1, -33}, //  93 ']'
    {5600, 17, 13, 19, 1, -30}, //  94 '^'
    {5639, 20, 4, 20, 0, 0}, //  95 '_'
    {5651, 7, 6, 11, 2, -31}, //  96 '`'
    {5657, 19, 23, 23, 1, -23}, //  97 'a'
    {5726, 21, 33, 25, 2, -32}, //  98 'b'
    {5825, 20, 24, 23, 1, -23}, //  99 'c'
    {5897, 21, 33, 25, 1, -32}, // 100 'd'
    {5996, 21, 24, 23, 1, -23}, // 101 'e'
    {6068, 13, 32, 14, 0, -32}, // 102 'f'
    {6132, 21, 32, 25, 1, -23}, // 103 'g'
    {6228, 19, 32, 24, 2, -32}, // 104 'h'
    {6324, 5, 32, 9, 2, -32}, // 105 'i'
    {6356, 8, 41, 9, -1, -32}, // 106 'j'
    {6397, 20, 32, 22, 2, -32}, // 107 'k'
    {6493, 5, 32, 9, 2, -32}, // 108 'l'
    {6525, 32, 23, 36, 2, -23}, // 109 'm'
    {6617, 19, 23, 24, 2, -23}, // 110 'n'
    {6686, 21, 24, 24, 1, -23}, // 111 'o'
    {6758, 21, 32, 25, 2, -23}, // 112 'p'
    {6854, 21, 32, 25, 1, -23}, // 113 'q'
    {6950, 11, 23, 14, 2, -23}, // 114 'r'
    {6996, 17, 24, 21, 2, -23}, // 115 's'
    {7068, 13, 28, 14, 0, -28}, // 116 't'
    {7124, 19, 23, 24, 2, -22}, // 117 'u'
    {7193, 20, 22, 22, 1, -22}, // 118 'v'
    {7259, 31, 22, 33, 1, -22}, // 119 'w'
    {7347, 20, 22, 22, 1, -22}, // 120 'x'
    {7413, 20, 31, 22, 1, -22}, // 121 'y'
    {7506, 17, 22, 21, 2, -22}, // 122 'z'
    {7572, 13, 39, 17, 2, -33}, // 123 '{'
    {7650, 3, 52, 13, 5, -42}, // 124 '|'
    {7702, 14, 39, 17, 1, -33}, // 125 '}'
    {7780, 21, 8, 27, 3, -16}, // 126 '~'
};
static const KernPair kLargePairs[] PROGMEM = {
    {105, 6},
    {196, -1},
    {202, -4},
    {204, -4},
    {210, -3},
    {223, -3},
    {232, -7},
    {257, -2},
    {258, -2},
    {259, -2},
    {261, -2},
    {269, -2},
    {271, -2},
    {273, -1},
    {390, 6},
    {432, -1},
    {436, -1},
    {485, 6},
    {572, -1},
    {577, -1},
    {580, 6},
    {622, -2},
    {624, -3},
    {625, -2},
    {627, -3},
    {630, -3},
    {656, -1},
    {657, -1},
    {659, -1},
    {671, -1},
    {677, -4},
    {679, -4},
    {685, -3},
    {698, -3},
    {707, -7},
    {732, -2},
    {733, -2},
    {734, -2},
    {736, -2},
    {744, -2},
    {746, -2},
    {748, -1},
    {834, 1},
    {951, 6},
    {954, 6},
    {955, 6},
    {956, 6},
    {962, -6},
    {964, -6},
    {966, 6},
    {967, 6},
    {968, 6},
    {969, 6},
    {970, 6},
    {971, 6},
    {972, 6},
    {973, 6},
    {974, 6},
    {975, 6},
    {981, 6},
    {983, 4},
    {984, 6},
    {985, 6},
    {986, 6},
    {987, 6},
    {988, 6},
    {989, 6},
    {990, 6},
    {991, 6},
    {992, 6},
    {993, 6},
    {994, 6},
    {995, 6},
    {996, 6},
    {997, 6},
    {998, 6},
    {999, 6},
    {1000, 6},
    {1001, 6},
    {1002, 4},
    {1003, 6},
    {1004, 4},
    {1005, 6},
    {1006, 4},
    {1007, 4},
    {1008, 6},
    {1013, -3},
    {1042, 6},
    {1063, -1},
    {1068, -1},
    {1078, -1},
    {1087, -2},
    {1097, -3},
    {1099, -2},
    {1100, -2},
    {1101, -2},
    {1102, -3},
    {1105, -2},
    {1133, -1},
    {1142, -4},
    {1147, -4},
    {1156, -1},
    {1157, -4},
    {1161, -1},
    {1162, -1},
    {1163, -1},
    {1171, -6},
    {1172, -2},
    {1175, -2},
    {1179, -2},
    {1187, -2},
    {1189, -2},
    {1192, -1},
    {1197, -2},
    {1253, -1},
    {1258, -1},
    {1268, -1},
    {1277, -2},
    {1287, -3},
    {1289, -2},
    {1290, -2},
    {1291, -2},
    {1292, -3},
    {1295, -2},
    {1323, -1},
    {1332, -4},
    {1337, -4},
    {1346, -1},
    {1347, -4},
    {1351, -1},
    {1352, -1},
    {1353, -1},
    {1361, -6},
    {1362, -2},
    {1365, -2},
    {1369, -2},
    {1377, -2},
    {1379, -2},
    {1382, -1},
    {1387, -2},
    {1437, -2},
    {1439, -2},
    {1458, -1},
    {1467, -3},
    {1530, 6},
    {1532, -1},
    {1534, -1},
    {1543, -1},
    {1553, -1},
    {1574, -1},
    {1576, -2},
    {1577, -1},
    {1580, -1},
    {1583, -2},
    {1604, 1},
    {1625, 6},
    {1720, 6},
    {1730, -1},
    {1815, 6},
    {1817, -1},
    {1819, -1},
    {1861, -1},
    {1867, -1},
    {1910, 6},
    {1912, -1},
    {1914, -1},
    {1917, -2},
    {1923, -2},
    {1962, -2},
    {1984, -1},
    {2005, 6},
    {2007, -1},
    {2009, -1},
    {2012, -1},
    {2057, -1},
    {2079, -1},
    {2100, 6},
    {2102, -1},
    {2104, -1},
    {2153, -2},
    {2188, -2},
    {2191, -2},
    {2195, 6},
    {2197, -5},
    {2199, -5},
    {2201, -1},
    {2204, -1},
    {2205, -2},
    {2207, -1},
    {2208, 1},
    {2209, -1},
    {2211, -1},
    {2212, -1},
    {2218, -5},
    {2227, -4},
    {2247, 1},
    {2248, -7},
    {2250, -2},
    {2252, -2},
    {2253, -2},
    {2254, -2},
    {2256, -2},
    {2262, -2},
    {2263, -2},
    {2264, -2},
    {2265, -2},
    {2266, -2},
    {2267, -2},
    {2268, -3},
    {2290, 6},
    {2292, -1},
    {2294, -1},
    {2336, -1},
    {2342, -1},
    {2385, 6},
    {2387, -1},
    {2389, -1},
    {2398, -1},
    {2408, -1},
    {2429, -1},
    {2431, -2},
    {2432, -1},
    {2435, -1},
    {2438, -2},
    {2459, 1},
    {2530, -3},
    {2617, -1},
    {2619, -3},
    {2625, -3},
    {2788, -2},
    {2807, -2},
    {2809, -3},
    {2810, -3},
    {2811, -2},
    {2812, -4},
    {2815, -3},
    {2841, -2},
    {2843, -1},
    {2844, -2},
    {2910, -3},
    {2955, 6},
    {2978, -3},
    {3052, -2},
    {3054, -2},
    {3055, -2},
    {3100, -2},
    {3103, -2},
    {3137, -3},
    {3142, -3},
    {3145, 4},
    {3146, -1},
    {3148, -1},
    {3150, 1},
    {3151, -1},
    {3152, -4},
    {3157, -1},
    {3164, -2},
    {3166, -3},
    {3170, -1},
    {3174, -1},
    {3182, -1},
    {3184, -1},
    {3187, -4},
    {3188, -2},
    {3189, -4},
    {3190, -3},
    {3192, -5},
    {3195, -4},
    {3197, -4},
    {3202, -1},
    {3203, -1},
    {3204, -1},
    {3206, -1},
    {3214, -1},
    {3216, -1},
    {3219, -2},
    {3221, -3},
    {3222, -3},
    {3224, -3},
    {3229, -1},
    {3240, 6},
    {3282, -2},
    {3335, 6},
    {3358, -1},
    {3388, -2},
    {3430, 6},
    {3432, -2},
    {3434, -2},
    {3435, -2},
    {3453, -1},
    {3472, -2},
    {3474, -2},
    {3475, -1},
    {3476, -3},
    {3477, -2},
    {3480, -2},
    {3483, -2},
    {3525, 6},
    {3620, 6},
    {3622, -2},
    {3624, -1},
    {3625, -1},
    {3643, -4},
    {3652, -3},
    {3673, -1},
    {3675, -1},
    {3687, -1},
    {3688, -1},
    {3690, -1},
    {3692, -1},
    {3695, -1},
    {3696, -1},
    {3699, -1},
    {3700, -1},
    {3715, 6},
    {3738, -1},
    {3757, -1},
    {3759, -1},
    {3762, -1},
    {3765, -1},
    {3810, 6},
    {3905, 6},
    {4000, 6},
    {4002, -1},
    {4004, -1},
    {4005, -2},
    {4023, -2},
    {4053, -2},
    {4089, -1},
    {4095, 4},
    {4096, -4},
    {4098, -4},
    {4114, -1},
    {4120, -2},
    {4124, -2},
    {4132, -2},
    {4134, -2},
    {4136, -1},
    {4152, -2},
    {4153, -2},
    {4154, -2},
    {4156, -2},
    {4164, -2},
    {4166, -2},
    {4170, -1},
    {4171, -2},
    {4172, -3},
    {4174, -2},
    {4179, -4},
    {4182, -4},
    {4187, -4},
    {4190, 4},
    {4191, -4},
    {4193, -4},
    {4197, -2},
    {4211, -3},
    {4215, -1},
    {4219, -1},
    {4227, -1},
    {4229, -1},
    {4232, -4},
    {4234, -3},
    {4237, -6},
    {4240, -3},
    {4242, -6},
    {4264, -1},
    {4266, -3},
    {4269, -3},
    {4274, -4},
    {4285, 6},
    {4380, 6},
    {4475, 6},
    {4477, -2},
    {4479, -2},
    {4480, -2},
    {4498, -1},
    {4517, -2},
    {4519, -2},
    {4520, -1},
    {4521, -3},
    {4522, -2},
    {4525, -2},
    {4528, -2},
    {4566, -1},
    {4570, 6},
    {4571, -2},
    {4572, -2},
    {4573, -2},
    {4574, -1},
    {4593, -3},
    {4602, -4},
    {4625, -1},
    {4627, -1},
    {4628, -1},
    {4629, -1},
    {4631, -1},
    {4639, -1},
    {4641, -1},
    {4654, -2},
    {4665, 6},
    {4667, -2},
    {4669, -2},
    {4670, -2},
    {4688, -1},
    {4707, -2},
    {4709, -2},
    {4710, -1},
    {4711, -3},
    {4712, -2},
    {4715, -2},
    {4718, -2},
    {4760, 6},
    {4802, -1},
    {4804, -1},
    {4807, -1},
    {4810, -1},
    {4817, -1},
    {4818, -1},
    {4819, -1},
    {4821, -1},
    {4829, -1},
    {4831, -1},
    {4855, 6},
    {4897, -1},
    {4901, -1},
    {4946, -1},
    {4950, 4},
    {4951, -3},
    {4952, -1},
    {4953, -3},
    {4954, -1},
    {4955, -2},
    {4956, -1},
    {4960, -3},
    {4962, -1},
    {4963, -3},
    {4966, -2},
    {4967, -1},
    {4969, -1},
    {4973, -4},
    {4975, -2},
    {4979, -2},
    {4982, -4},
    {4987, -2},
    {4989, -2},
    {5003, -2},
    {5005, -5},
    {5007, -5},
    {5008, -5},
    {5009, -5},
    {5010, -1},
    {5011, -5},
    {5017, -4},
    {5018, -4},
    {5019, -5},
    {5020, -4},
    {5021, -5},
    {5022, -4},
    {5023, -5},
    {5024, -1},
    {5025, -4},
    {5026, -5},
    {5027, -4},
    {5028, -4},
    {5029, -5},
    {5030, -4},
    {5034, -3},
    {5045, 6},
    {5047, -1},
    {5049, -1},
    {5050, -2},
    {5068, -2},
    {5098, -2},
    {5136, -2},
    {5140, 4},
    {5141, -2},
    {5142, -4},
    {5143, -2},
    {5144, -4},
    {5145, -2},
    {5146, -1},
    {5150, -1},
    {5152, -1},
    {5156, -3},
    {5157, -3},
    {5159, -3},
    {5163, -4},
    {5165, -2},
    {5169, -2},
    {5172, -4},
    {5177, -2},
    {5179, -2},
    {5184, 1},
    {5190, 1},
    {5193, -3},
    {5195, -3},
    {5197, -3},
    {5198, -3},
    {5199, -3},
    {5201, -3},
    {5207, -2},
    {5208, -2},
    {5209, -3},
    {5210, -2},
    {5211, -3},
    {5212, -2},
    {5213, -2},
    {5224, -2},
    {5231, -2},
    {5235, 6},
    {5236, -2},
    {5237, -4},
    {5238, -2},
    {5239, -4},
    {5245, -1},
    {5251, -2},
    {5252, -2},
    {5254, -3},
    {5258, -3},
    {5260, -1},
    {5264, -1},
    {5267, -3},
    {5272, -1},
    {5274, -1},
    {5280, 1},
    {5290, -2},
    {5292, -2},
    {5293, -2},
    {5294, -2},
    {5296, -2},
    {5302, -1},
    {5303, -1},
    {5304, -2},
    {5305, -1},
    {5306, -2},
    {5307, -1},
    {5308, -1},
    {5319, -2},
    {5324, -1},
    {5330, 4},
    {5331, -2},
    {5333, -2},
    {5336, -2},
    {5339, -1},
    {5340, -2},
    {5342, -2},
    {5344, -1},
    {5349, -2},
    {5355, -3},
    {5359, -3},
    {5367, -3},
    {5369, -3},
    {5371, -1},
    {5385, -2},
    {5387, -1},
    {5388, -1},
    {5389, -1},
    {5391, -1},
    {5399, -1},
    {5401, -1},
    {5414, -2},
    {5421, -3},
    {5425, 4},
    {5426, -3},
    {5427, -2},
    {5428, -3},
    {5429, -2},
    {5435, -3},
    {5441, -3},
    {5442, -3},
    {5444, -4},
    {5448, -5},
    {5450, -2},
    {5454, -2},
    {5457, -1},
    {5462, -2},
    {5464, -2},
    {5480, -4},
    {5482, -4},
    {5483, -4},
    {5484, -4},
    {5486, -4},
    {5488, -1},
    {5492, -3},
    {5493, -3},
    {5494, -4},
    {5495, -3},
    {5496, -4},
    {5497, -3},
    {5498, -3},
    {5500, -2},
    {5509, -3},
    {5520, 6},
    {5521, -2},
    {5523, -2},
    {5545, -1},
    {5549, -1},
    {5557, -1},
    {5559, -1},
    {5604, -2},
    {5679, 1},
    {5702, -3},
    {5707, -3},
    {5710, -4},
    {5711, -1},
    {5713, -1},
    {5715, 1},
    {5716, -1},
    {5717, -4},
    {5722, -1},
    {5729, -2},
    {5731, -3},
    {5732, -1},
    {5735, -1},
    {5739, -1},
    {5747, -1},
    {5749, -1},
    {5752, -2},
    {5753, -2},
    {5754, -2},
    {5755, -3},
    {5757, -5},
    {5760, -2},
    {5762, -4},
    {5767, -1},
    {5768, -1},
    {5769, -1},
    {5771, -1},
    {5779, -1},
    {5781, -1},
    {5784, -2},
    {5786, -2},
    {5787, -3},
    {5789, -2},
    {5794, -1},
    {5896, -1},
    {5902, -6},
    {5904, -6},
    {5910, -2},
    {5923, -4},
    {5932, -4},
    {5953, -3},
    {5995, -3},
    {6001, -2},
    {6002, -5},
    {6004, -2},
    {6005, -2},
    {6006, -2},
    {6007, -2},
    {6009, -2},
    {6010, -2},
    {6017, -2},
    {6020, -2},
    {6024, -2},
    {6032, -2},
    {6034, -2},
    {6037, -2},
    {6038, -2},
    {6039, -3},
    {6045, -3},
    {6047, -3},
    {6059, 4},
    {6071, -3},
    {6074, -3},
    {6177, -2},
    {6182, -2},
    {6192, -2},
    {6227, -4},
    {6229, -2},
    {6230, -2},
    {6232, -3},
    {6235, -2},
    {6261, -1},
    {6264, -1},
    {6272, -2},
    {6277, -2},
    {6287, -1},
    {6303, -1},
    {6322, -5},
    {6324, -3},
    {6325, -2},
    {6326, -1},
    {6327, -4},
    {6330, -3},
    {6356, -1},
    {6357, -1},
    {6358, -1},
    {6359, -1},
    {6360, -1},
    {6367, -2},
    {6372, -2},
    {6382, -1},
    {6398, -1},
    {6417, -5},
    {6419, -3},
    {6420, -2},
    {6421, -1},
    {6422, -4},
    {6425, -3},
    {6451, -1},
    {6452, -1},
    {6453, -1},
    {6454, -1},
    {6455, -1},
    {6557, -2},
    {6562, -2},
    {6572, -1},
    {6588, -1},
    {6607, -5},
    {6609, -3},
    {6610, -2},
    {6611, -1},
    {6612, -4},
    {6615, -3},
    {6641, -1},
    {6642, -1},
    {6643, -1},
    {6644, -1},
    {6645, -1},
    {6661, -1},
    {6662, -2},
    {6663, -1},
    {6664, -2},
    {6665, -1},
    {6670, -3},
    {6683, -1},
    {6692, -3},
    {6713, -1},
    {6715, -1},
    {6720, -1},
    {6733, -1},
    {6734, -2},
    {6737, 1},
    {6744, -1},
    {6797, -2},
    {6842, -2},
    {6847, -2},
    {6857, -2},
    {6892, -4},
    {6894, -2},
    {6895, -2},
    {6897, -3},
    {6900, -2},
    {6926, -1},
    {6929, -1},
    {6944, 1},
    {6996, 1},
    {7028, 1},
    {7039, 1},
    {7091, 1},
    {7123, 1},
    {7136, -2},
    {7138, -2},
    {7145, -2},
    {7153, -4},
    {7177, -2},
    {7192, -1},
    {7193, -1},
    {7194, -1},
    {7196, -1},
    {7204, -1},
    {7206, -1},
    {7219, -2},
    {7317, -2},
    {7322, -2},
    {7332, -2},
    {7367, -4},
    {7369, -2},
    {7370, -2},
    {7372, -3},
    {7375, -2},
    {7401, -1},
    {7404, -1},
    {7412, -2},
    {7417, -2},
    {7427, -2},
    {7462, -4},
    {7464, -2},
    {7465, -2},
    {7467, -3},
    {7470, -2},
    {7496, -1},
    {7499, -1},
    {7507, -2},
    {7512, -2},
    {7522, -1},
    {7538, -1},
    {7557, -5},
    {7559, -3},
    {7560, -2},
    {7561, -1},
    {7562, -4},
    {7565, -3},
    {7591, -1},
    {7592, -1},
    {7593, -1},
    {7594, -1},
    {7595, -1},
    {7602, -2},
    {7607, -2},
    {7617, -1},
    {7633, -1},
    {7652, -5},
    {7654, -3},
    {7655, -2},
    {7656, -1},
    {7657, -4},
    {7660, -3},
    {7686, -1},
    {7687, -1},
    {7688, -1},
    {7689, -1},
    {7690, -1},
    {7747, -2},
    {7801, -2},
    {7802, -3},
    {7803, -2},
    {7804, -3},
    {7805, -1},
    {7818, -2},
    {7823, -2},
    {7832, -2},
    {7842, -2},
    {7848, -1},
    {7855, -1},
    {7860, 1},
    {7874, 1},
    {7884, -2},
    {7887, -1},
    {7892, -1},
    {7937, -3},
    {7939, -2},
    {7940, -1},
    {7942, -3},
    {7945, -2},
    {7971, -1},
    {7974, -1},
    {7991, -1},
    {7993, -1},
    {8000, -1},
    {8008, -1},
    {8032, -1},
    {8037, -1},
    {8045, 1},
    {8050, -1},
    {8064, -2},
    {8066, 1},
    {8067, 1},
    {8069, 1},
    {8074, -1},
    {8086, -2},
    {8088, -2},
    {8090, -1},
    {8103, -2},
    {8127, -2},
    {8132, -2},
    {8138, -1},
    {8169, -2},
    {8182, -3},
    {8184, -3},
    {8185, -2},
    {8198, -1},
    {8199, -2},
    {8203, -3},
    {8212, -3},
    {8222, -1},
    {8227, -1},
    {8233, -3},
    {8235, -1},
    {8237, -1},
    {8238, -1},
    {8239, -1},
    {8240, 1},
    {8241, -1},
    {8249, -1},
    {8251, -1},
    {8254, 1},
    {8271, -1},
    {8277, -3},
    {8279, -3},
    {8298, -3},
    {8307, -2},
    {8317, -2},
    {8323, -1},
    {8332, -1},
    {8333, -1},
    {8334, -1},
    {8336, -1},
    {8344, -1},
    {8346, -1},
    {8371, -1},
    {8373, -1},
    {8389, -1},
    {8412, -2},
    {8427, -1},
    {8428, -1},
    {8429, -1},
    {8430, 1},
    {8431, -1},
    {8439, -1},
    {8441, -1},
    {8444, 1},
    {8454, -1},
    {8467, -3},
    {8469, -3},
    {8470, -2},
    {8483, -1},
    {8484, -2},
    {8488, -3},
    {8497, -3},
    {8507, -1},
    {8512, -1},
    {8518, -3},
    {8520, -1},
    {8522, -1},
    {8523, -1},
    {8524, -1},
    {8525, 1},
    {8526, -1},
    {8534, -1},
    {8536, -1},
    {8539, 1},
    {8602, -1},
    {8617, -1},
    {8618, -1},
    {8619, -1},
    {8621, -1},
    {8629, -1},
    {8631, -1},
    {8719, 1},
    {8750, 6},
    {8948, -1},
    {8953, -1},
    {8963, -1},
    {8972, -2},
    {8982, -3},
    {8984, -2},
    {8985, -2},
    {8986, -2},
    {8987, -3},
    {8990, -2},
    {9018, -1},
};
static const Face Large = {kLargeGlyphs, kLargeBits, kLargePairs, 942};

inline int kern(const Face &face, unsigned char left, unsigned char right) {
    if (left < 32 || left > 126 || right < 32 || right > 126) return 0;
    const uint16_t key = (left - 32) * 95 + right - 32;
    int lo = 0, hi = face.pairCount;
    while (lo < hi) {
        const int mid = (lo + hi) >> 1;
        if (face.pairs[mid].key < key) lo = mid + 1;
        else hi = mid;
    }
    return lo < face.pairCount && face.pairs[lo].key == key ?
        face.pairs[lo].adjustment : 0;
}

// x is the left edge; baseline is the common baseline for all glyphs.
// scaleX corrects the narrow horizontal pixel aspect of PAL super mode.
template<class Display>
inline int draw(Display &display, int x, int baseline, const char *text,
                const Face &face = Small, bool white = true,
                int tracking = 1, int scaleX = 1) {
    if (scaleX < 1) scaleX = 1;
    unsigned char previous = 0;
    for (; *text; ++text) {
        const unsigned char code = static_cast<unsigned char>(*text);
        if (code < 32 || code > 126) { previous = 0; continue; }
        if (previous) x += kern(face, previous, code) * scaleX;
        const Glyph &g = face.glyphs[code - 32];
        const int stride = (g.width + 7) >> 3;
        for (int row = 0; row < g.height; ++row) {
            const int offset = g.offset + row * stride;
            for (int col = 0; col < g.width; ++col) {
                if (!(pgm_read_byte(face.bits + offset + (col >> 3)) &
                      (0x80u >> (col & 7)))) continue;
                const int px = x + (g.xOffset + col) * scaleX;
                const int py = baseline + g.yOffset + row;
                if (scaleX == 1) display.mono1Pixel(px, py, white);
                else display.mono1FillRect(px, py, scaleX, 1, white);
            }
        }
        x += (g.advance + tracking) * scaleX;
        previous = code;
    }
    return x;
}
inline int measure(const char *text, const Face &face = Small,
                   int tracking = 1, int scaleX = 1) {
    if (scaleX < 1) scaleX = 1;
    int width = 0;
    unsigned char previous = 0;
    for (; *text; ++text) {
        const unsigned char code = static_cast<unsigned char>(*text);
        if (code < 32 || code > 126) { previous = 0; continue; }
        if (previous) width += kern(face, previous, code) * scaleX;
        width += (face.glyphs[code - 32].advance + tracking) * scaleX;
        previous = code;
    }
    return width;
}
} // namespace CMonoFont
