esptool v5.1.0
Serial port COM4:
Connecting....
Connected to ESP32 on COM4:
Chip type:          ESP32-D0WD-V3 (revision v3.1)
Features:           Wi-Fi, BT, Dual Core + LP Core, 240MHz, Vref calibration in eFuse, Coding Scheme None
Crystal frequency:  40MHz
MAC:                88:13:bf:24:fa:c0

Changing baud rate to 460800...
Changed.

Enabling default SPI flash mode...
Configuring flash size...
Flash will be erased from 0x00010000 to 0x00135fff...
Erasing flash...
Took 3.36s to erase flash block.

Writing at 0x00010000 [                              ]   0.0% 0/1204112 bytes... 

Writing at 0x00010400 [                              ]   0.1% 1024/1204112 bytes... 

Writing at 0x00010800 [                              ]   0.2% 2048/1204112 bytes... 

Writing at 0x00010c00 [                              ]   0.3% 3072/1204112 bytes... 

Writing at 0x00011000 [                              ]   0.3% 4096/1204112 bytes... 

Writing at 0x00011400 [                              ]   0.4% 5120/1204112 bytes... 

Writing at 0x00011800 [                              ]   0.5% 6144/1204112 bytes... 

Writing at 0x00011c00 [                              ]   0.6% 7168/1204112 bytes... 

Writing at 0x00012000 [                              ]   0.7% 8192/1204112 bytes... 

Writing at 0x00012400 [                              ]   0.8% 9216/1204112 bytes... 

Writing at 0x00012800 [                              ]   0.9% 10240/1204112 bytes... 

Writing at 0x00012c00 [                              ]   0.9% 11264/1204112 bytes... 

Writing at 0x00013000 [                              ]   1.0% 12288/1204112 bytes... 

Writing at 0x00013400 [                              ]   1.1% 13312/1204112 bytes... 

Writing at 0x00013800 [                              ]   1.2% 14336/1204112 bytes... 

Writing at 0x00013c00 [                              ]   1.3% 15360/1204112 bytes... 

Writing at 0x00014000 [                              ]   1.4% 16384/1204112 bytes... 

Writing at 0x00014400 [                              ]   1.4% 17408/1204112 bytes... 

Writing at 0x00014800 [                              ]   1.5% 18432/1204112 bytes... 

Writing at 0x00014c00 [                              ]   1.6% 19456/1204112 bytes... 

Writing at 0x00015000 [                              ]   1.7% 20480/1204112 bytes... 

Writing at 0x00015400 [                              ]   1.8% 21504/1204112 bytes... 

Writing at 0x00015800 [                              ]   1.9% 22528/1204112 bytes... 

Writing at 0x00015c00 [                              ]   2.0% 23552/1204112 bytes... 

Writing at 0x00016000 [                              ]   2.0% 24576/1204112 bytes... 

Writing at 0x00016400 [                              ]   2.1% 25600/1204112 bytes... 

Writing at 0x00016800 [                              ]   2.2% 26624/1204112 bytes... 

Writing at 0x00016c00 [                              ]   2.3% 27648/1204112 bytes... 

Writing at 0x00017000 [                              ]   2.4% 28672/1204112 bytes... 

Writing at 0x00017400 [                              ]   2.5% 29696/1204112 bytes... 

Writing at 0x00017800 [                              ]   2.6% 30720/1204112 bytes... 

Writing at 0x00017c00 [                              ]   2.6% 31744/1204112 bytes... 

Writing at 0x00018000 [                              ]   2.7% 32768/1204112 bytes... 

Writing at 0x00018400 [                              ]   2.8% 33792/1204112 bytes... 

Writing at 0x00018800 [                              ]   2.9% 34816/1204112 bytes... 

Writing at 0x00018c00 [                              ]   3.0% 35840/1204112 bytes... 

Writing at 0x00019000 [                              ]   3.1% 36864/1204112 bytes... 

Writing at 0x00019400 [                              ]   3.1% 37888/1204112 bytes... 

Writing at 0x00019800 [                              ]   3.2% 38912/1204112 bytes... 

Writing at 0x00019c00 [                              ]   3.3% 39936/1204112 bytes... 

Writing at 0x0001a000 [>                             ]   3.4% 40960/1204112 bytes... 

Writing at 0x0001a400 [>                             ]   3.5% 41984/1204112 bytes... 

Writing at 0x0001a800 [>                             ]   3.6% 43008/1204112 bytes... 

Writing at 0x0001ac00 [>                             ]   3.7% 44032/1204112 bytes... 

Writing at 0x0001b000 [>                             ]   3.7% 45056/1204112 bytes... 

Writing at 0x0001b400 [>                             ]   3.8% 46080/1204112 bytes... 

Writing at 0x0001b800 [>                             ]   3.9% 47104/1204112 bytes... 

Writing at 0x0001bc00 [>                             ]   4.0% 48128/1204112 bytes... 

Writing at 0x0001c000 [>                             ]   4.1% 49152/1204112 bytes... 

Writing at 0x0001c400 [>                             ]   4.2% 50176/1204112 bytes... 

Writing at 0x0001c800 [>                             ]   4.3% 51200/1204112 bytes... 

Writing at 0x0001cc00 [>                             ]   4.3% 52224/1204112 bytes... 

Writing at 0x0001d000 [>                             ]   4.4% 53248/1204112 bytes... 

Writing at 0x0001d400 [>                             ]   4.5% 54272/1204112 bytes... 

Writing at 0x0001d800 [>                             ]   4.6% 55296/1204112 bytes... 

Writing at 0x0001dc00 [>                             ]   4.7% 56320/1204112 bytes... 

Writing at 0x0001e000 [>                             ]   4.8% 57344/1204112 bytes... 

Writing at 0x0001e400 [>                             ]   4.8% 58368/1204112 bytes... 

Writing at 0x0001e800 [>                             ]   4.9% 59392/1204112 bytes... 

Writing at 0x0001ec00 [>                             ]   5.0% 60416/1204112 bytes... 

Writing at 0x0001f000 [>                             ]   5.1% 61440/1204112 bytes... 

Writing at 0x0001f400 [>                             ]   5.2% 62464/1204112 bytes... 

Writing at 0x0001f800 [>                             ]   5.3% 63488/1204112 bytes... 

Writing at 0x0001fc00 [>                             ]   5.4% 64512/1204112 bytes... 

Writing at 0x00020000 [>                             ]   5.4% 65536/1204112 bytes... 

Writing at 0x00020400 [>                             ]   5.5% 66560/1204112 bytes... 

Writing at 0x00020800 [>                             ]   5.6% 67584/1204112 bytes... 

Writing at 0x00020c00 [>                             ]   5.7% 68608/1204112 bytes... 

Writing at 0x00021000 [>                             ]   5.8% 69632/1204112 bytes... 

Writing at 0x00021400 [>                             ]   5.9% 70656/1204112 bytes... 

Writing at 0x00021800 [>                             ]   6.0% 71680/1204112 bytes... 

Writing at 0x00021c00 [>                             ]   6.0% 72704/1204112 bytes... 

Writing at 0x00022000 [>                             ]   6.1% 73728/1204112 bytes... 

Writing at 0x00022400 [>                             ]   6.2% 74752/1204112 bytes... 

Writing at 0x00022800 [>                             ]   6.3% 75776/1204112 bytes... 

Writing at 0x00022c00 [>                             ]   6.4% 76800/1204112 bytes... 

Writing at 0x00023000 [>                             ]   6.5% 77824/1204112 bytes... 

Writing at 0x00023400 [>                             ]   6.5% 78848/1204112 bytes... 

Writing at 0x00023800 [>                             ]   6.6% 79872/1204112 bytes... 

Writing at 0x00023c00 [=>                            ]   6.7% 80896/1204112 bytes... 

Writing at 0x00024000 [=>                            ]   6.8% 81920/1204112 bytes... 

Writing at 0x00024400 [=>                            ]   6.9% 82944/1204112 bytes... 

Writing at 0x00024800 [=>                            ]   7.0% 83968/1204112 bytes... 

Writing at 0x00024c00 [=>                            ]   7.1% 84992/1204112 bytes... 

Writing at 0x00025000 [=>                            ]   7.1% 86016/1204112 bytes... 

Writing at 0x00025400 [=>                            ]   7.2% 87040/1204112 bytes... 

Writing at 0x00025800 [=>                            ]   7.3% 88064/1204112 bytes... 

Writing at 0x00025c00 [=>                            ]   7.4% 89088/1204112 bytes... 

Writing at 0x00026000 [=>                            ]   7.5% 90112/1204112 bytes... 

Writing at 0x00026400 [=>                            ]   7.6% 91136/1204112 bytes... 

Writing at 0x00026800 [=>                            ]   7.7% 92160/1204112 bytes... 

Writing at 0x00026c00 [=>                            ]   7.7% 93184/1204112 bytes... 

Writing at 0x00027000 [=>                            ]   7.8% 94208/1204112 bytes... 

Writing at 0x00027400 [=>                            ]   7.9% 95232/1204112 bytes... 

Writing at 0x00027800 [=>                            ]   8.0% 96256/1204112 bytes... 

Writing at 0x00027c00 [=>                            ]   8.1% 97280/1204112 bytes... 

Writing at 0x00028000 [=>                            ]   8.2% 98304/1204112 bytes... 

Writing at 0x00028400 [=>                            ]   8.2% 99328/1204112 bytes... 

Writing at 0x00028800 [=>                            ]   8.3% 100352/1204112 bytes... 

Writing at 0x00028c00 [=>                            ]   8.4% 101376/1204112 bytes... 

Writing at 0x00029000 [=>                            ]   8.5% 102400/1204112 bytes... 

Writing at 0x00029400 [=>                            ]   8.6% 103424/1204112 bytes... 

Writing at 0x00029800 [=>                            ]   8.7% 104448/1204112 bytes... 

Writing at 0x00029c00 [=>                            ]   8.8% 105472/1204112 bytes... 

Writing at 0x0002a000 [=>                            ]   8.8% 106496/1204112 bytes... 

Writing at 0x0002a400 [=>                            ]   8.9% 107520/1204112 bytes... 

Writing at 0x0002a800 [=>                            ]   9.0% 108544/1204112 bytes... 

Writing at 0x0002ac00 [=>                            ]   9.1% 109568/1204112 bytes... 

Writing at 0x0002b000 [=>                            ]   9.2% 110592/1204112 bytes... 

Writing at 0x0002b400 [=>                            ]   9.3% 111616/1204112 bytes... 

Writing at 0x0002b800 [=>                            ]   9.4% 112640/1204112 bytes... 

Writing at 0x0002bc00 [=>                            ]   9.4% 113664/1204112 bytes... 

Writing at 0x0002c000 [=>                            ]   9.5% 114688/1204112 bytes... 

Writing at 0x0002c400 [=>                            ]   9.6% 115712/1204112 bytes... 

Writing at 0x0002c800 [=>                            ]   9.7% 116736/1204112 bytes... 

Writing at 0x0002cc00 [=>                            ]   9.8% 117760/1204112 bytes... 

Writing at 0x0002d000 [=>                            ]   9.9% 118784/1204112 bytes... 

Writing at 0x0002d400 [=>                            ]   9.9% 119808/1204112 bytes... 

Writing at 0x0002d800 [==>                           ]  10.0% 120832/1204112 bytes... 

Writing at 0x0002dc00 [==>                           ]  10.1% 121856/1204112 bytes... 

Writing at 0x0002e000 [==>                           ]  10.2% 122880/1204112 bytes... 

Writing at 0x0002e400 [==>                           ]  10.3% 123904/1204112 bytes... 

Writing at 0x0002e800 [==>                           ]  10.4% 124928/1204112 bytes... 

Writing at 0x0002ec00 [==>                           ]  10.5% 125952/1204112 bytes... 

Writing at 0x0002f000 [==>                           ]  10.5% 126976/1204112 bytes... 

Writing at 0x0002f400 [==>                           ]  10.6% 128000/1204112 bytes... 

Writing at 0x0002f800 [==>                           ]  10.7% 129024/1204112 bytes... 

Writing at 0x0002fc00 [==>                           ]  10.8% 130048/1204112 bytes... 

Writing at 0x00030000 [==>                           ]  10.9% 131072/1204112 bytes... 

Writing at 0x00030400 [==>                           ]  11.0% 132096/1204112 bytes... 

Writing at 0x00030800 [==>                           ]  11.1% 133120/1204112 bytes... 

Writing at 0x00030c00 [==>                           ]  11.1% 134144/1204112 bytes... 

Writing at 0x00031000 [==>                           ]  11.2% 135168/1204112 bytes... 

Writing at 0x00031400 [==>                           ]  11.3% 136192/1204112 bytes... 

Writing at 0x00031800 [==>                           ]  11.4% 137216/1204112 bytes... 

Writing at 0x00031c00 [==>                           ]  11.5% 138240/1204112 bytes... 

Writing at 0x00032000 [==>                           ]  11.6% 139264/1204112 bytes... 

Writing at 0x00032400 [==>                           ]  11.7% 140288/1204112 bytes... 

Writing at 0x00032800 [==>                           ]  11.7% 141312/1204112 bytes... 

Writing at 0x00032c00 [==>                           ]  11.8% 142336/1204112 bytes... 

Writing at 0x00033000 [==>                           ]  11.9% 143360/1204112 bytes... 

Writing at 0x00033400 [==>                           ]  12.0% 144384/1204112 bytes... 

Writing at 0x00033800 [==>                           ]  12.1% 145408/1204112 bytes... 

Writing at 0x00033c00 [==>                           ]  12.2% 146432/1204112 bytes... 

Writing at 0x00034000 [==>                           ]  12.2% 147456/1204112 bytes... 

Writing at 0x00034400 [==>                           ]  12.3% 148480/1204112 bytes... 

Writing at 0x00034800 [==>                           ]  12.4% 149504/1204112 bytes... 

Writing at 0x00034c00 [==>                           ]  12.5% 150528/1204112 bytes... 

Writing at 0x00035000 [==>                           ]  12.6% 151552/1204112 bytes... 

Writing at 0x00035400 [==>                           ]  12.7% 152576/1204112 bytes... 

Writing at 0x00035800 [==>                           ]  12.8% 153600/1204112 bytes... 

Writing at 0x00035c00 [==>                           ]  12.8% 154624/1204112 bytes... 

Writing at 0x00036000 [==>                           ]  12.9% 155648/1204112 bytes... 

Writing at 0x00036400 [==>                           ]  13.0% 156672/1204112 bytes... 

Writing at 0x00036800 [==>                           ]  13.1% 157696/1204112 bytes... 

Writing at 0x00036c00 [==>                           ]  13.2% 158720/1204112 bytes... 

Writing at 0x00037000 [==>                           ]  13.3% 159744/1204112 bytes... 

Writing at 0x00037400 [===>                          ]  13.4% 160768/1204112 bytes... 

Writing at 0x00037800 [===>                          ]  13.4% 161792/1204112 bytes... 

Writing at 0x00037c00 [===>                          ]  13.5% 162816/1204112 bytes... 

Writing at 0x00038000 [===>                          ]  13.6% 163840/1204112 bytes... 

Writing at 0x00038400 [===>                          ]  13.7% 164864/1204112 bytes... 

Writing at 0x00038800 [===>                          ]  13.8% 165888/1204112 bytes... 

Writing at 0x00038c00 [===>                          ]  13.9% 166912/1204112 bytes... 

Writing at 0x00039000 [===>                          ]  13.9% 167936/1204112 bytes... 

Writing at 0x00039400 [===>                          ]  14.0% 168960/1204112 bytes... 

Writing at 0x00039800 [===>                          ]  14.1% 169984/1204112 bytes... 

Writing at 0x00039c00 [===>                          ]  14.2% 171008/1204112 bytes... 

Writing at 0x0003a000 [===>                          ]  14.3% 172032/1204112 bytes... 

Writing at 0x0003a400 [===>                          ]  14.4% 173056/1204112 bytes... 

Writing at 0x0003a800 [===>                          ]  14.5% 174080/1204112 bytes... 

Writing at 0x0003ac00 [===>                          ]  14.5% 175104/1204112 bytes... 

Writing at 0x0003b000 [===>                          ]  14.6% 176128/1204112 bytes... 

Writing at 0x0003b400 [===>                          ]  14.7% 177152/1204112 bytes... 

Writing at 0x0003b800 [===>                          ]  14.8% 178176/1204112 bytes... 

Writing at 0x0003bc00 [===>                          ]  14.9% 179200/1204112 bytes... 

Writing at 0x0003c000 [===>                          ]  15.0% 180224/1204112 bytes... 

Writing at 0x0003c400 [===>                          ]  15.1% 181248/1204112 bytes... 

Writing at 0x0003c800 [===>                          ]  15.1% 182272/1204112 bytes... 

Writing at 0x0003cc00 [===>                          ]  15.2% 183296/1204112 bytes... 

Writing at 0x0003d000 [===>                          ]  15.3% 184320/1204112 bytes... 

Writing at 0x0003d400 [===>                          ]  15.4% 185344/1204112 bytes... 

Writing at 0x0003d800 [===>                          ]  15.5% 186368/1204112 bytes... 

Writing at 0x0003dc00 [===>                          ]  15.6% 187392/1204112 bytes... 

Writing at 0x0003e000 [===>                          ]  15.6% 188416/1204112 bytes... 

Writing at 0x0003e400 [===>                          ]  15.7% 189440/1204112 bytes... 

Writing at 0x0003e800 [===>                          ]  15.8% 190464/1204112 bytes... 

Writing at 0x0003ec00 [===>                          ]  15.9% 191488/1204112 bytes... 

Writing at 0x0003f000 [===>                          ]  16.0% 192512/1204112 bytes... 

Writing at 0x0003f400 [===>                          ]  16.1% 193536/1204112 bytes... 

Writing at 0x0003f800 [===>                          ]  16.2% 194560/1204112 bytes... 

Writing at 0x0003fc00 [===>                          ]  16.2% 195584/1204112 bytes... 

Writing at 0x00040000 [===>                          ]  16.3% 196608/1204112 bytes... 

Writing at 0x00040400 [===>                          ]  16.4% 197632/1204112 bytes... 

Writing at 0x00040800 [===>                          ]  16.5% 198656/1204112 bytes... 

Writing at 0x00040c00 [===>                          ]  16.6% 199680/1204112 bytes... 

Writing at 0x00041000 [====>                         ]  16.7% 200704/1204112 bytes... 

Writing at 0x00041400 [====>                         ]  16.8% 201728/1204112 bytes... 

Writing at 0x00041800 [====>                         ]  16.8% 202752/1204112 bytes... 

Writing at 0x00041c00 [====>                         ]  16.9% 203776/1204112 bytes... 

Writing at 0x00042000 [====>                         ]  17.0% 204800/1204112 bytes... 

Writing at 0x00042400 [====>                         ]  17.1% 205824/1204112 bytes... 

Writing at 0x00042800 [====>                         ]  17.2% 206848/1204112 bytes... 

Writing at 0x00042c00 [====>                         ]  17.3% 207872/1204112 bytes... 

Writing at 0x00043000 [====>                         ]  17.3% 208896/1204112 bytes... 

Writing at 0x00043400 [====>                         ]  17.4% 209920/1204112 bytes... 

Writing at 0x00043800 [====>                         ]  17.5% 210944/1204112 bytes... 

Writing at 0x00043c00 [====>                         ]  17.6% 211968/1204112 bytes... 

Writing at 0x00044000 [====>                         ]  17.7% 212992/1204112 bytes... 

Writing at 0x00044400 [====>                         ]  17.8% 214016/1204112 bytes... 

Writing at 0x00044800 [====>                         ]  17.9% 215040/1204112 bytes... 

Writing at 0x00044c00 [====>                         ]  17.9% 216064/1204112 bytes... 

Writing at 0x00045000 [====>                         ]  18.0% 217088/1204112 bytes... 

Writing at 0x00045400 [====>                         ]  18.1% 218112/1204112 bytes... 

Writing at 0x00045800 [====>                         ]  18.2% 219136/1204112 bytes... 

Writing at 0x00045c00 [====>                         ]  18.3% 220160/1204112 bytes... 

Writing at 0x00046000 [====>                         ]  18.4% 221184/1204112 bytes... 

Writing at 0x00046400 [====>                         ]  18.5% 222208/1204112 bytes... 

Writing at 0x00046800 [====>                         ]  18.5% 223232/1204112 bytes... 

Writing at 0x00046c00 [====>                         ]  18.6% 224256/1204112 bytes... 

Writing at 0x00047000 [====>                         ]  18.7% 225280/1204112 bytes... 

Writing at 0x00047400 [====>                         ]  18.8% 226304/1204112 bytes... 

Writing at 0x00047800 [====>                         ]  18.9% 227328/1204112 bytes... 

Writing at 0x00047c00 [====>                         ]  19.0% 228352/1204112 bytes... 

Writing at 0x00048000 [====>                         ]  19.0% 229376/1204112 bytes... 

Writing at 0x00048400 [====>                         ]  19.1% 230400/1204112 bytes... 

Writing at 0x00048800 [====>                         ]  19.2% 231424/1204112 bytes... 

Writing at 0x00048c00 [====>                         ]  19.3% 232448/1204112 bytes... 

Writing at 0x00049000 [====>                         ]  19.4% 233472/1204112 bytes... 

Writing at 0x00049400 [====>                         ]  19.5% 234496/1204112 bytes... 

Writing at 0x00049800 [====>                         ]  19.6% 235520/1204112 bytes... 

Writing at 0x00049c00 [====>                         ]  19.6% 236544/1204112 bytes... 

Writing at 0x0004a000 [====>                         ]  19.7% 237568/1204112 bytes... 

Writing at 0x0004a400 [====>                         ]  19.8% 238592/1204112 bytes... 

Writing at 0x0004a800 [====>                         ]  19.9% 239616/1204112 bytes... 

Writing at 0x0004ac00 [====>                         ]  20.0% 240640/1204112 bytes... 

Writing at 0x0004b000 [=====>                        ]  20.1% 241664/1204112 bytes... 

Writing at 0x0004b400 [=====>                        ]  20.2% 242688/1204112 bytes... 

Writing at 0x0004b800 [=====>                        ]  20.2% 243712/1204112 bytes... 

Writing at 0x0004bc00 [=====>                        ]  20.3% 244736/1204112 bytes... 

Writing at 0x0004c000 [=====>                        ]  20.4% 245760/1204112 bytes... 

Writing at 0x0004c400 [=====>                        ]  20.5% 246784/1204112 bytes... 

Writing at 0x0004c800 [=====>                        ]  20.6% 247808/1204112 bytes... 

Writing at 0x0004cc00 [=====>                        ]  20.7% 248832/1204112 bytes... 

Writing at 0x0004d000 [=====>                        ]  20.8% 249856/1204112 bytes... 

Writing at 0x0004d400 [=====>                        ]  20.8% 250880/1204112 bytes... 

Writing at 0x0004d800 [=====>                        ]  20.9% 251904/1204112 bytes... 

Writing at 0x0004dc00 [=====>                        ]  21.0% 252928/1204112 bytes... 

Writing at 0x0004e000 [=====>                        ]  21.1% 253952/1204112 bytes... 

Writing at 0x0004e400 [=====>                        ]  21.2% 254976/1204112 bytes... 

Writing at 0x0004e800 [=====>                        ]  21.3% 256000/1204112 bytes... 

Writing at 0x0004ec00 [=====>                        ]  21.3% 257024/1204112 bytes... 

Writing at 0x0004f000 [=====>                        ]  21.4% 258048/1204112 bytes... 

Writing at 0x0004f400 [=====>                        ]  21.5% 259072/1204112 bytes... 

Writing at 0x0004f800 [=====>                        ]  21.6% 260096/1204112 bytes... 

Writing at 0x0004fc00 [=====>                        ]  21.7% 261120/1204112 bytes... 

Writing at 0x00050000 [=====>                        ]  21.8% 262144/1204112 bytes... 

Writing at 0x00050400 [=====>                        ]  21.9% 263168/1204112 bytes... 

Writing at 0x00050800 [=====>                        ]  21.9% 264192/1204112 bytes... 

Writing at 0x00050c00 [=====>                        ]  22.0% 265216/1204112 bytes... 

Writing at 0x00051000 [=====>                        ]  22.1% 266240/1204112 bytes... 

Writing at 0x00051400 [=====>                        ]  22.2% 267264/1204112 bytes... 

Writing at 0x00051800 [=====>                        ]  22.3% 268288/1204112 bytes... 

Writing at 0x00051c00 [=====>                        ]  22.4% 269312/1204112 bytes... 

Writing at 0x00052000 [=====>                        ]  22.5% 270336/1204112 bytes... 

Writing at 0x00052400 [=====>                        ]  22.5% 271360/1204112 bytes... 

Writing at 0x00052800 [=====>                        ]  22.6% 272384/1204112 bytes... 

Writing at 0x00052c00 [=====>                        ]  22.7% 273408/1204112 bytes... 

Writing at 0x00053000 [=====>                        ]  22.8% 274432/1204112 bytes... 

Writing at 0x00053400 [=====>                        ]  22.9% 275456/1204112 bytes... 

Writing at 0x00053800 [=====>                        ]  23.0% 276480/1204112 bytes... 

Writing at 0x00053c00 [=====>                        ]  23.0% 277504/1204112 bytes... 

Writing at 0x00054000 [=====>                        ]  23.1% 278528/1204112 bytes... 

Writing at 0x00054400 [=====>                        ]  23.2% 279552/1204112 bytes... 

Writing at 0x00054800 [=====>                        ]  23.3% 280576/1204112 bytes... 

Writing at 0x00054c00 [======>                       ]  23.4% 281600/1204112 bytes... 

Writing at 0x00055000 [======>                       ]  23.5% 282624/1204112 bytes... 

Writing at 0x00055400 [======>                       ]  23.6% 283648/1204112 bytes... 

Writing at 0x00055800 [======>                       ]  23.6% 284672/1204112 bytes... 

Writing at 0x00055c00 [======>                       ]  23.7% 285696/1204112 bytes... 

Writing at 0x00056000 [======>                       ]  23.8% 286720/1204112 bytes... 

Writing at 0x00056400 [======>                       ]  23.9% 287744/1204112 bytes... 

Writing at 0x00056800 [======>                       ]  24.0% 288768/1204112 bytes... 

Writing at 0x00056c00 [======>                       ]  24.1% 289792/1204112 bytes... 

Writing at 0x00057000 [======>                       ]  24.2% 290816/1204112 bytes... 

Writing at 0x00057400 [======>                       ]  24.2% 291840/1204112 bytes... 

Writing at 0x00057800 [======>                       ]  24.3% 292864/1204112 bytes... 

Writing at 0x00057c00 [======>                       ]  24.4% 293888/1204112 bytes... 

Writing at 0x00058000 [======>                       ]  24.5% 294912/1204112 bytes... 

Writing at 0x00058400 [======>                       ]  24.6% 295936/1204112 bytes... 

Writing at 0x00058800 [======>                       ]  24.7% 296960/1204112 bytes... 

Writing at 0x00058c00 [======>                       ]  24.7% 297984/1204112 bytes... 

Writing at 0x00059000 [======>                       ]  24.8% 299008/1204112 bytes... 

Writing at 0x00059400 [======>                       ]  24.9% 300032/1204112 bytes... 

Writing at 0x00059800 [======>                       ]  25.0% 301056/1204112 bytes... 

Writing at 0x00059c00 [======>                       ]  25.1% 302080/1204112 bytes... 

Writing at 0x0005a000 [======>                       ]  25.2% 303104/1204112 bytes... 

Writing at 0x0005a400 [======>                       ]  25.3% 304128/1204112 bytes... 

Writing at 0x0005a800 [======>                       ]  25.3% 305152/1204112 bytes... 

Writing at 0x0005ac00 [======>                       ]  25.4% 306176/1204112 bytes... 

Writing at 0x0005b000 [======>                       ]  25.5% 307200/1204112 bytes... 

Writing at 0x0005b400 [======>                       ]  25.6% 308224/1204112 bytes... 

Writing at 0x0005b800 [======>                       ]  25.7% 309248/1204112 bytes... 

Writing at 0x0005bc00 [======>                       ]  25.8% 310272/1204112 bytes... 

Writing at 0x0005c000 [======>                       ]  25.9% 311296/1204112 bytes... 

Writing at 0x0005c400 [======>                       ]  25.9% 312320/1204112 bytes... 

Writing at 0x0005c800 [======>                       ]  26.0% 313344/1204112 bytes... 

Writing at 0x0005cc00 [======>                       ]  26.1% 314368/1204112 bytes... 

Writing at 0x0005d000 [======>                       ]  26.2% 315392/1204112 bytes... 

Writing at 0x0005d400 [======>                       ]  26.3% 316416/1204112 bytes... 

Writing at 0x0005d800 [======>                       ]  26.4% 317440/1204112 bytes... 

Writing at 0x0005dc00 [======>                       ]  26.4% 318464/1204112 bytes... 

Writing at 0x0005e000 [======>                       ]  26.5% 319488/1204112 bytes... 

Writing at 0x0005e400 [======>                       ]  26.6% 320512/1204112 bytes... 

Writing at 0x0005e800 [=======>                      ]  26.7% 321536/1204112 bytes... 

Writing at 0x0005ec00 [=======>                      ]  26.8% 322560/1204112 bytes... 

Writing at 0x0005f000 [=======>                      ]  26.9% 323584/1204112 bytes... 

Writing at 0x0005f400 [=======>                      ]  27.0% 324608/1204112 bytes... 

Writing at 0x0005f800 [=======>                      ]  27.0% 325632/1204112 bytes... 

Writing at 0x0005fc00 [=======>                      ]  27.1% 326656/1204112 bytes... 

Writing at 0x00060000 [=======>                      ]  27.2% 327680/1204112 bytes... 

Writing at 0x00060400 [=======>                      ]  27.3% 328704/1204112 bytes... 

Writing at 0x00060800 [=======>                      ]  27.4% 329728/1204112 bytes... 

Writing at 0x00060c00 [=======>                      ]  27.5% 330752/1204112 bytes... 

Writing at 0x00061000 [=======>                      ]  27.6% 331776/1204112 bytes... 

Writing at 0x00061400 [=======>                      ]  27.6% 332800/1204112 bytes... 

Writing at 0x00061800 [=======>                      ]  27.7% 333824/1204112 bytes... 

Writing at 0x00061c00 [=======>                      ]  27.8% 334848/1204112 bytes... 

Writing at 0x00062000 [=======>                      ]  27.9% 335872/1204112 bytes... 

Writing at 0x00062400 [=======>                      ]  28.0% 336896/1204112 bytes... 

Writing at 0x00062800 [=======>                      ]  28.1% 337920/1204112 bytes... 

Writing at 0x00062c00 [=======>                      ]  28.1% 338944/1204112 bytes... 

Writing at 0x00063000 [=======>                      ]  28.2% 339968/1204112 bytes... 

Writing at 0x00063400 [=======>                      ]  28.3% 340992/1204112 bytes... 

Writing at 0x00063800 [=======>                      ]  28.4% 342016/1204112 bytes... 

Writing at 0x00063c00 [=======>                      ]  28.5% 343040/1204112 bytes... 

Writing at 0x00064000 [=======>                      ]  28.6% 344064/1204112 bytes... 

Writing at 0x00064400 [=======>                      ]  28.7% 345088/1204112 bytes... 

Writing at 0x00064800 [=======>                      ]  28.7% 346112/1204112 bytes... 

Writing at 0x00064c00 [=======>                      ]  28.8% 347136/1204112 bytes... 

Writing at 0x00065000 [=======>                      ]  28.9% 348160/1204112 bytes... 

Writing at 0x00065400 [=======>                      ]  29.0% 349184/1204112 bytes... 

Writing at 0x00065800 [=======>                      ]  29.1% 350208/1204112 bytes... 

Writing at 0x00065c00 [=======>                      ]  29.2% 351232/1204112 bytes... 

Writing at 0x00066000 [=======>                      ]  29.3% 352256/1204112 bytes... 

Writing at 0x00066400 [=======>                      ]  29.3% 353280/1204112 bytes... 

Writing at 0x00066800 [=======>                      ]  29.4% 354304/1204112 bytes... 

Writing at 0x00066c00 [=======>                      ]  29.5% 355328/1204112 bytes... 

Writing at 0x00067000 [=======>                      ]  29.6% 356352/1204112 bytes... 

Writing at 0x00067400 [=======>                      ]  29.7% 357376/1204112 bytes... 

Writing at 0x00067800 [=======>                      ]  29.8% 358400/1204112 bytes... 

Writing at 0x00067c00 [=======>                      ]  29.8% 359424/1204112 bytes... 

Writing at 0x00068000 [=======>                      ]  29.9% 360448/1204112 bytes... 

Writing at 0x00068400 [========>                     ]  30.0% 361472/1204112 bytes... 

Writing at 0x00068800 [========>                     ]  30.1% 362496/1204112 bytes... 

Writing at 0x00068c00 [========>                     ]  30.2% 363520/1204112 bytes... 

Writing at 0x00069000 [========>                     ]  30.3% 364544/1204112 bytes... 

Writing at 0x00069400 [========>                     ]  30.4% 365568/1204112 bytes... 

Writing at 0x00069800 [========>                     ]  30.4% 366592/1204112 bytes... 

Writing at 0x00069c00 [========>                     ]  30.5% 367616/1204112 bytes... 

Writing at 0x0006a000 [========>                     ]  30.6% 368640/1204112 bytes... 

Writing at 0x0006a400 [========>                     ]  30.7% 369664/1204112 bytes... 

Writing at 0x0006a800 [========>                     ]  30.8% 370688/1204112 bytes... 

Writing at 0x0006ac00 [========>                     ]  30.9% 371712/1204112 bytes... 

Writing at 0x0006b000 [========>                     ]  31.0% 372736/1204112 bytes... 

Writing at 0x0006b400 [========>                     ]  31.0% 373760/1204112 bytes... 

Writing at 0x0006b800 [========>                     ]  31.1% 374784/1204112 bytes... 

Writing at 0x0006bc00 [========>                     ]  31.2% 375808/1204112 bytes... 

Writing at 0x0006c000 [========>                     ]  31.3% 376832/1204112 bytes... 

Writing at 0x0006c400 [========>                     ]  31.4% 377856/1204112 bytes... 

Writing at 0x0006c800 [========>                     ]  31.5% 378880/1204112 bytes... 

Writing at 0x0006cc00 [========>                     ]  31.6% 379904/1204112 bytes... 

Writing at 0x0006d000 [========>                     ]  31.6% 380928/1204112 bytes... 

Writing at 0x0006d400 [========>                     ]  31.7% 381952/1204112 bytes... 

Writing at 0x0006d800 [========>                     ]  31.8% 382976/1204112 bytes... 

Writing at 0x0006dc00 [========>                     ]  31.9% 384000/1204112 bytes... 

Writing at 0x0006e000 [========>                     ]  32.0% 385024/1204112 bytes... 

Writing at 0x0006e400 [========>                     ]  32.1% 386048/1204112 bytes... 

Writing at 0x0006e800 [========>                     ]  32.1% 387072/1204112 bytes... 

Writing at 0x0006ec00 [========>                     ]  32.2% 388096/1204112 bytes... 

Writing at 0x0006f000 [========>                     ]  32.3% 389120/1204112 bytes... 

Writing at 0x0006f400 [========>                     ]  32.4% 390144/1204112 bytes... 

Writing at 0x0006f800 [========>                     ]  32.5% 391168/1204112 bytes... 

Writing at 0x0006fc00 [========>                     ]  32.6% 392192/1204112 bytes... 

Writing at 0x00070000 [========>                     ]  32.7% 393216/1204112 bytes... 

Writing at 0x00070400 [========>                     ]  32.7% 394240/1204112 bytes... 

Writing at 0x00070800 [========>                     ]  32.8% 395264/1204112 bytes... 

Writing at 0x00070c00 [========>                     ]  32.9% 396288/1204112 bytes... 

Writing at 0x00071000 [========>                     ]  33.0% 397312/1204112 bytes... 

Writing at 0x00071400 [========>                     ]  33.1% 398336/1204112 bytes... 

Writing at 0x00071800 [========>                     ]  33.2% 399360/1204112 bytes... 

Writing at 0x00071c00 [========>                     ]  33.3% 400384/1204112 bytes... 

Writing at 0x00072000 [=========>                    ]  33.3% 401408/1204112 bytes... 

Writing at 0x00072400 [=========>                    ]  33.4% 402432/1204112 bytes... 

Writing at 0x00072800 [=========>                    ]  33.5% 403456/1204112 bytes... 

Writing at 0x00072c00 [=========>                    ]  33.6% 404480/1204112 bytes... 

Writing at 0x00073000 [=========>                    ]  33.7% 405504/1204112 bytes... 

Writing at 0x00073400 [=========>                    ]  33.8% 406528/1204112 bytes... 

Writing at 0x00073800 [=========>                    ]  33.8% 407552/1204112 bytes... 

Writing at 0x00073c00 [=========>                    ]  33.9% 408576/1204112 bytes... 

Writing at 0x00074000 [=========>                    ]  34.0% 409600/1204112 bytes... 

Writing at 0x00074400 [=========>                    ]  34.1% 410624/1204112 bytes... 

Writing at 0x00074800 [=========>                    ]  34.2% 411648/1204112 bytes... 

Writing at 0x00074c00 [=========>                    ]  34.3% 412672/1204112 bytes... 

Writing at 0x00075000 [=========>                    ]  34.4% 413696/1204112 bytes... 

Writing at 0x00075400 [=========>                    ]  34.4% 414720/1204112 bytes... 

Writing at 0x00075800 [=========>                    ]  34.5% 415744/1204112 bytes... 

Writing at 0x00075c00 [=========>                    ]  34.6% 416768/1204112 bytes... 

Writing at 0x00076000 [=========>                    ]  34.7% 417792/1204112 bytes... 

Writing at 0x00076400 [=========>                    ]  34.8% 418816/1204112 bytes... 

Writing at 0x00076800 [=========>                    ]  34.9% 419840/1204112 bytes... 

Writing at 0x00076c00 [=========>                    ]  35.0% 420864/1204112 bytes... 

Writing at 0x00077000 [=========>                    ]  35.0% 421888/1204112 bytes... 

Writing at 0x00077400 [=========>                    ]  35.1% 422912/1204112 bytes... 

Writing at 0x00077800 [=========>                    ]  35.2% 423936/1204112 bytes... 

Writing at 0x00077c00 [=========>                    ]  35.3% 424960/1204112 bytes... 

Writing at 0x00078000 [=========>                    ]  35.4% 425984/1204112 bytes... 

Writing at 0x00078400 [=========>                    ]  35.5% 427008/1204112 bytes... 

Writing at 0x00078800 [=========>                    ]  35.5% 428032/1204112 bytes... 

Writing at 0x00078c00 [=========>                    ]  35.6% 429056/1204112 bytes... 

Writing at 0x00079000 [=========>                    ]  35.7% 430080/1204112 bytes... 

Writing at 0x00079400 [=========>                    ]  35.8% 431104/1204112 bytes... 

Writing at 0x00079800 [=========>                    ]  35.9% 432128/1204112 bytes... 

Writing at 0x00079c00 [=========>                    ]  36.0% 433152/1204112 bytes... 

Writing at 0x0007a000 [=========>                    ]  36.1% 434176/1204112 bytes... 

Writing at 0x0007a400 [=========>                    ]  36.1% 435200/1204112 bytes... 

Writing at 0x0007a800 [=========>                    ]  36.2% 436224/1204112 bytes... 

Writing at 0x0007ac00 [=========>                    ]  36.3% 437248/1204112 bytes... 

Writing at 0x0007b000 [=========>                    ]  36.4% 438272/1204112 bytes... 

Writing at 0x0007b400 [=========>                    ]  36.5% 439296/1204112 bytes... 

Writing at 0x0007b800 [=========>                    ]  36.6% 440320/1204112 bytes... 

Writing at 0x0007bc00 [=========>                    ]  36.7% 441344/1204112 bytes... 

Writing at 0x0007c000 [==========>                   ]  36.7% 442368/1204112 bytes... 

Writing at 0x0007c400 [==========>                   ]  36.8% 443392/1204112 bytes... 

Writing at 0x0007c800 [==========>                   ]  36.9% 444416/1204112 bytes... 

Writing at 0x0007cc00 [==========>                   ]  37.0% 445440/1204112 bytes... 

Writing at 0x0007d000 [==========>                   ]  37.1% 446464/1204112 bytes... 

Writing at 0x0007d400 [==========>                   ]  37.2% 447488/1204112 bytes... 

Writing at 0x0007d800 [==========>                   ]  37.2% 448512/1204112 bytes... 

Writing at 0x0007dc00 [==========>                   ]  37.3% 449536/1204112 bytes... 

Writing at 0x0007e000 [==========>                   ]  37.4% 450560/1204112 bytes... 

Writing at 0x0007e400 [==========>                   ]  37.5% 451584/1204112 bytes... 

Writing at 0x0007e800 [==========>                   ]  37.6% 452608/1204112 bytes... 

Writing at 0x0007ec00 [==========>                   ]  37.7% 453632/1204112 bytes... 

Writing at 0x0007f000 [==========>                   ]  37.8% 454656/1204112 bytes... 

Writing at 0x0007f400 [==========>                   ]  37.8% 455680/1204112 bytes... 

Writing at 0x0007f800 [==========>                   ]  37.9% 456704/1204112 bytes... 

Writing at 0x0007fc00 [==========>                   ]  38.0% 457728/1204112 bytes... 

Writing at 0x00080000 [==========>                   ]  38.1% 458752/1204112 bytes... 

Writing at 0x00080400 [==========>                   ]  38.2% 459776/1204112 bytes... 

Writing at 0x00080800 [==========>                   ]  38.3% 460800/1204112 bytes... 

Writing at 0x00080c00 [==========>                   ]  38.4% 461824/1204112 bytes... 

Writing at 0x00081000 [==========>                   ]  38.4% 462848/1204112 bytes... 

Writing at 0x00081400 [==========>                   ]  38.5% 463872/1204112 bytes... 

Writing at 0x00081800 [==========>                   ]  38.6% 464896/1204112 bytes... 

Writing at 0x00081c00 [==========>                   ]  38.7% 465920/1204112 bytes... 

Writing at 0x00082000 [==========>                   ]  38.8% 466944/1204112 bytes... 

Writing at 0x00082400 [==========>                   ]  38.9% 467968/1204112 bytes... 

Writing at 0x00082800 [==========>                   ]  38.9% 468992/1204112 bytes... 

Writing at 0x00082c00 [==========>                   ]  39.0% 470016/1204112 bytes... 

Writing at 0x00083000 [==========>                   ]  39.1% 471040/1204112 bytes... 

Writing at 0x00083400 [==========>                   ]  39.2% 472064/1204112 bytes... 

Writing at 0x00083800 [==========>                   ]  39.3% 473088/1204112 bytes... 

Writing at 0x00083c00 [==========>                   ]  39.4% 474112/1204112 bytes... 

Writing at 0x00084000 [==========>                   ]  39.5% 475136/1204112 bytes... 

Writing at 0x00084400 [==========>                   ]  39.5% 476160/1204112 bytes... 

Writing at 0x00084800 [==========>                   ]  39.6% 477184/1204112 bytes... 

Writing at 0x00084c00 [==========>                   ]  39.7% 478208/1204112 bytes... 

Writing at 0x00085000 [==========>                   ]  39.8% 479232/1204112 bytes... 

Writing at 0x00085400 [==========>                   ]  39.9% 480256/1204112 bytes... 

Writing at 0x00085800 [==========>                   ]  40.0% 481280/1204112 bytes... 

Writing at 0x00085c00 [===========>                  ]  40.1% 482304/1204112 bytes... 

Writing at 0x00086000 [===========>                  ]  40.1% 483328/1204112 bytes... 

Writing at 0x00086400 [===========>                  ]  40.2% 484352/1204112 bytes... 

Writing at 0x00086800 [===========>                  ]  40.3% 485376/1204112 bytes... 

Writing at 0x00086c00 [===========>                  ]  40.4% 486400/1204112 bytes... 

Writing at 0x00087000 [===========>                  ]  40.5% 487424/1204112 bytes... 

Writing at 0x00087400 [===========>                  ]  40.6% 488448/1204112 bytes... 

Writing at 0x00087800 [===========>                  ]  40.7% 489472/1204112 bytes... 

Writing at 0x00087c00 [===========>                  ]  40.7% 490496/1204112 bytes... 

Writing at 0x00088000 [===========>                  ]  40.8% 491520/1204112 bytes... 

Writing at 0x00088400 [===========>                  ]  40.9% 492544/1204112 bytes... 

Writing at 0x00088800 [===========>                  ]  41.0% 493568/1204112 bytes... 

Writing at 0x00088c00 [===========>                  ]  41.1% 494592/1204112 bytes... 

Writing at 0x00089000 [===========>                  ]  41.2% 495616/1204112 bytes... 

Writing at 0x00089400 [===========>                  ]  41.2% 496640/1204112 bytes... 

Writing at 0x00089800 [===========>                  ]  41.3% 497664/1204112 bytes... 

Writing at 0x00089c00 [===========>                  ]  41.4% 498688/1204112 bytes... 

Writing at 0x0008a000 [===========>                  ]  41.5% 499712/1204112 bytes... 

Writing at 0x0008a400 [===========>                  ]  41.6% 500736/1204112 bytes... 

Writing at 0x0008a800 [===========>                  ]  41.7% 501760/1204112 bytes... 

Writing at 0x0008ac00 [===========>                  ]  41.8% 502784/1204112 bytes... 

Writing at 0x0008b000 [===========>                  ]  41.8% 503808/1204112 bytes... 

Writing at 0x0008b400 [===========>                  ]  41.9% 504832/1204112 bytes... 

Writing at 0x0008b800 [===========>                  ]  42.0% 505856/1204112 bytes... 

Writing at 0x0008bc00 [===========>                  ]  42.1% 506880/1204112 bytes... 

Writing at 0x0008c000 [===========>                  ]  42.2% 507904/1204112 bytes... 

Writing at 0x0008c400 [===========>                  ]  42.3% 508928/1204112 bytes... 

Writing at 0x0008c800 [===========>                  ]  42.4% 509952/1204112 bytes... 

Writing at 0x0008cc00 [===========>                  ]  42.4% 510976/1204112 bytes... 

Writing at 0x0008d000 [===========>                  ]  42.5% 512000/1204112 bytes... 

Writing at 0x0008d400 [===========>                  ]  42.6% 513024/1204112 bytes... 

Writing at 0x0008d800 [===========>                  ]  42.7% 514048/1204112 bytes... 

Writing at 0x0008dc00 [===========>                  ]  42.8% 515072/1204112 bytes... 

Writing at 0x0008e000 [===========>                  ]  42.9% 516096/1204112 bytes... 

Writing at 0x0008e400 [===========>                  ]  42.9% 517120/1204112 bytes... 

Writing at 0x0008e800 [===========>                  ]  43.0% 518144/1204112 bytes... 

Writing at 0x0008ec00 [===========>                  ]  43.1% 519168/1204112 bytes... 

Writing at 0x0008f000 [===========>                  ]  43.2% 520192/1204112 bytes... 

Writing at 0x0008f400 [===========>                  ]  43.3% 521216/1204112 bytes... 

Writing at 0x0008f800 [============>                 ]  43.4% 522240/1204112 bytes... 

Writing at 0x0008fc00 [============>                 ]  43.5% 523264/1204112 bytes... 

Writing at 0x00090000 [============>                 ]  43.5% 524288/1204112 bytes... 

Writing at 0x00090400 [============>                 ]  43.6% 525312/1204112 bytes... 

Writing at 0x00090800 [============>                 ]  43.7% 526336/1204112 bytes... 

Writing at 0x00090c00 [============>                 ]  43.8% 527360/1204112 bytes... 

Writing at 0x00091000 [============>                 ]  43.9% 528384/1204112 bytes... 

Writing at 0x00091400 [============>                 ]  44.0% 529408/1204112 bytes... 

Writing at 0x00091800 [============>                 ]  44.1% 530432/1204112 bytes... 

Writing at 0x00091c00 [============>                 ]  44.1% 531456/1204112 bytes... 

Writing at 0x00092000 [============>                 ]  44.2% 532480/1204112 bytes... 

Writing at 0x00092400 [============>                 ]  44.3% 533504/1204112 bytes... 

Writing at 0x00092800 [============>                 ]  44.4% 534528/1204112 bytes... 

Writing at 0x00092c00 [============>                 ]  44.5% 535552/1204112 bytes... 

Writing at 0x00093000 [============>                 ]  44.6% 536576/1204112 bytes... 

Writing at 0x00093400 [============>                 ]  44.6% 537600/1204112 bytes... 

Writing at 0x00093800 [============>                 ]  44.7% 538624/1204112 bytes... 

Writing at 0x00093c00 [============>                 ]  44.8% 539648/1204112 bytes... 

Writing at 0x00094000 [============>                 ]  44.9% 540672/1204112 bytes... 

Writing at 0x00094400 [============>                 ]  45.0% 541696/1204112 bytes... 

Writing at 0x00094800 [============>                 ]  45.1% 542720/1204112 bytes... 

Writing at 0x00094c00 [============>                 ]  45.2% 543744/1204112 bytes... 

Writing at 0x00095000 [============>                 ]  45.2% 544768/1204112 bytes... 

Writing at 0x00095400 [============>                 ]  45.3% 545792/1204112 bytes... 

Writing at 0x00095800 [============>                 ]  45.4% 546816/1204112 bytes... 

Writing at 0x00095c00 [============>                 ]  45.5% 547840/1204112 bytes... 

Writing at 0x00096000 [============>                 ]  45.6% 548864/1204112 bytes... 

Writing at 0x00096400 [============>                 ]  45.7% 549888/1204112 bytes... 

Writing at 0x00096800 [============>                 ]  45.8% 550912/1204112 bytes... 

Writing at 0x00096c00 [============>                 ]  45.8% 551936/1204112 bytes... 

Writing at 0x00097000 [============>                 ]  45.9% 552960/1204112 bytes... 

Writing at 0x00097400 [============>                 ]  46.0% 553984/1204112 bytes... 

Writing at 0x00097800 [============>                 ]  46.1% 555008/1204112 bytes... 

Writing at 0x00097c00 [============>                 ]  46.2% 556032/1204112 bytes... 

Writing at 0x00098000 [============>                 ]  46.3% 557056/1204112 bytes... 

Writing at 0x00098400 [============>                 ]  46.3% 558080/1204112 bytes... 

Writing at 0x00098800 [============>                 ]  46.4% 559104/1204112 bytes... 

Writing at 0x00098c00 [============>                 ]  46.5% 560128/1204112 bytes... 

Writing at 0x00099000 [============>                 ]  46.6% 561152/1204112 bytes... 

Writing at 0x00099400 [=============>                ]  46.7% 562176/1204112 bytes... 

Writing at 0x00099800 [=============>                ]  46.8% 563200/1204112 bytes... 

Writing at 0x00099c00 [=============>                ]  46.9% 564224/1204112 bytes... 

Writing at 0x0009a000 [=============>                ]  46.9% 565248/1204112 bytes... 

Writing at 0x0009a400 [=============>                ]  47.0% 566272/1204112 bytes... 

Writing at 0x0009a800 [=============>                ]  47.1% 567296/1204112 bytes... 

Writing at 0x0009ac00 [=============>                ]  47.2% 568320/1204112 bytes... 

Writing at 0x0009b000 [=============>                ]  47.3% 569344/1204112 bytes... 

Writing at 0x0009b400 [=============>                ]  47.4% 570368/1204112 bytes... 

Writing at 0x0009b800 [=============>                ]  47.5% 571392/1204112 bytes... 

Writing at 0x0009bc00 [=============>                ]  47.5% 572416/1204112 bytes... 

Writing at 0x0009c000 [=============>                ]  47.6% 573440/1204112 bytes... 

Writing at 0x0009c400 [=============>                ]  47.7% 574464/1204112 bytes... 

Writing at 0x0009c800 [=============>                ]  47.8% 575488/1204112 bytes... 

Writing at 0x0009cc00 [=============>                ]  47.9% 576512/1204112 bytes... 

Writing at 0x0009d000 [=============>                ]  48.0% 577536/1204112 bytes... 

Writing at 0x0009d400 [=============>                ]  48.0% 578560/1204112 bytes... 

Writing at 0x0009d800 [=============>                ]  48.1% 579584/1204112 bytes... 

Writing at 0x0009dc00 [=============>                ]  48.2% 580608/1204112 bytes... 

Writing at 0x0009e000 [=============>                ]  48.3% 581632/1204112 bytes... 

Writing at 0x0009e400 [=============>                ]  48.4% 582656/1204112 bytes... 

Writing at 0x0009e800 [=============>                ]  48.5% 583680/1204112 bytes... 

Writing at 0x0009ec00 [=============>                ]  48.6% 584704/1204112 bytes... 

Writing at 0x0009f000 [=============>                ]  48.6% 585728/1204112 bytes... 

Writing at 0x0009f400 [=============>                ]  48.7% 586752/1204112 bytes... 

Writing at 0x0009f800 [=============>                ]  48.8% 587776/1204112 bytes... 

Writing at 0x0009fc00 [=============>                ]  48.9% 588800/1204112 bytes... 

Writing at 0x000a0000 [=============>                ]  49.0% 589824/1204112 bytes... 

Writing at 0x000a0400 [=============>                ]  49.1% 590848/1204112 bytes... 

Writing at 0x000a0800 [=============>                ]  49.2% 591872/1204112 bytes... 

Writing at 0x000a0c00 [=============>                ]  49.2% 592896/1204112 bytes... 

Writing at 0x000a1000 [=============>                ]  49.3% 593920/1204112 bytes... 

Writing at 0x000a1400 [=============>                ]  49.4% 594944/1204112 bytes... 

Writing at 0x000a1800 [=============>                ]  49.5% 595968/1204112 bytes... 

Writing at 0x000a1c00 [=============>                ]  49.6% 596992/1204112 bytes... 

Writing at 0x000a2000 [=============>                ]  49.7% 598016/1204112 bytes... 

Writing at 0x000a2400 [=============>                ]  49.7% 599040/1204112 bytes... 

Writing at 0x000a2800 [=============>                ]  49.8% 600064/1204112 bytes... 

Writing at 0x000a2c00 [=============>                ]  49.9% 601088/1204112 bytes... 

Writing at 0x000a3000 [==============>               ]  50.0% 602112/1204112 bytes... 

Writing at 0x000a3400 [==============>               ]  50.1% 603136/1204112 bytes... 

Writing at 0x000a3800 [==============>               ]  50.2% 604160/1204112 bytes... 

Writing at 0x000a3c00 [==============>               ]  50.3% 605184/1204112 bytes... 

Writing at 0x000a4000 [==============>               ]  50.3% 606208/1204112 bytes... 

Writing at 0x000a4400 [==============>               ]  50.4% 607232/1204112 bytes... 

Writing at 0x000a4800 [==============>               ]  50.5% 608256/1204112 bytes... 

Writing at 0x000a4c00 [==============>               ]  50.6% 609280/1204112 bytes... 

Writing at 0x000a5000 [==============>               ]  50.7% 610304/1204112 bytes... 

Writing at 0x000a5400 [==============>               ]  50.8% 611328/1204112 bytes... 

Writing at 0x000a5800 [==============>               ]  50.9% 612352/1204112 bytes... 

Writing at 0x000a5c00 [==============>               ]  50.9% 613376/1204112 bytes... 

Writing at 0x000a6000 [==============>               ]  51.0% 614400/1204112 bytes... 

Writing at 0x000a6400 [==============>               ]  51.1% 615424/1204112 bytes... 

Writing at 0x000a6800 [==============>               ]  51.2% 616448/1204112 bytes... 

Writing at 0x000a6c00 [==============>               ]  51.3% 617472/1204112 bytes... 

Writing at 0x000a7000 [==============>               ]  51.4% 618496/1204112 bytes... 

Writing at 0x000a7400 [==============>               ]  51.5% 619520/1204112 bytes... 

Writing at 0x000a7800 [==============>               ]  51.5% 620544/1204112 bytes... 

Writing at 0x000a7c00 [==============>               ]  51.6% 621568/1204112 bytes... 

Writing at 0x000a8000 [==============>               ]  51.7% 622592/1204112 bytes... 

Writing at 0x000a8400 [==============>               ]  51.8% 623616/1204112 bytes... 

Writing at 0x000a8800 [==============>               ]  51.9% 624640/1204112 bytes... 

Writing at 0x000a8c00 [==============>               ]  52.0% 625664/1204112 bytes... 

Writing at 0x000a9000 [==============>               ]  52.0% 626688/1204112 bytes... 

Writing at 0x000a9400 [==============>               ]  52.1% 627712/1204112 bytes... 

Writing at 0x000a9800 [==============>               ]  52.2% 628736/1204112 bytes... 

Writing at 0x000a9c00 [==============>               ]  52.3% 629760/1204112 bytes... 

Writing at 0x000aa000 [==============>               ]  52.4% 630784/1204112 bytes... 

Writing at 0x000aa400 [==============>               ]  52.5% 631808/1204112 bytes... 

Writing at 0x000aa800 [==============>               ]  52.6% 632832/1204112 bytes... 

Writing at 0x000aac00 [==============>               ]  52.6% 633856/1204112 bytes... 

Writing at 0x000ab000 [==============>               ]  52.7% 634880/1204112 bytes... 

Writing at 0x000ab400 [==============>               ]  52.8% 635904/1204112 bytes... 

Writing at 0x000ab800 [==============>               ]  52.9% 636928/1204112 bytes... 

Writing at 0x000abc00 [==============>               ]  53.0% 637952/1204112 bytes... 

Writing at 0x000ac000 [==============>               ]  53.1% 638976/1204112 bytes... 

Writing at 0x000ac400 [==============>               ]  53.2% 640000/1204112 bytes... 

Writing at 0x000ac800 [==============>               ]  53.2% 641024/1204112 bytes... 

Writing at 0x000acc00 [==============>               ]  53.3% 642048/1204112 bytes... 

Writing at 0x000ad000 [===============>              ]  53.4% 643072/1204112 bytes... 

Writing at 0x000ad400 [===============>              ]  53.5% 644096/1204112 bytes... 

Writing at 0x000ad800 [===============>              ]  53.6% 645120/1204112 bytes... 

Writing at 0x000adc00 [===============>              ]  53.7% 646144/1204112 bytes... 

Writing at 0x000ae000 [===============>              ]  53.7% 647168/1204112 bytes... 

Writing at 0x000ae400 [===============>              ]  53.8% 648192/1204112 bytes... 

Writing at 0x000ae800 [===============>              ]  53.9% 649216/1204112 bytes... 

Writing at 0x000aec00 [===============>              ]  54.0% 650240/1204112 bytes... 

Writing at 0x000af000 [===============>              ]  54.1% 651264/1204112 bytes... 

Writing at 0x000af400 [===============>              ]  54.2% 652288/1204112 bytes... 

Writing at 0x000af800 [===============>              ]  54.3% 653312/1204112 bytes... 

Writing at 0x000afc00 [===============>              ]  54.3% 654336/1204112 bytes... 

Writing at 0x000b0000 [===============>              ]  54.4% 655360/1204112 bytes... 

Writing at 0x000b0400 [===============>              ]  54.5% 656384/1204112 bytes... 

Writing at 0x000b0800 [===============>              ]  54.6% 657408/1204112 bytes... 

Writing at 0x000b0c00 [===============>              ]  54.7% 658432/1204112 bytes... 

Writing at 0x000b1000 [===============>              ]  54.8% 659456/1204112 bytes... 

Writing at 0x000b1400 [===============>              ]  54.9% 660480/1204112 bytes... 

Writing at 0x000b1800 [===============>              ]  54.9% 661504/1204112 bytes... 

Writing at 0x000b1c00 [===============>              ]  55.0% 662528/1204112 bytes... 

Writing at 0x000b2000 [===============>              ]  55.1% 663552/1204112 bytes... 

Writing at 0x000b2400 [===============>              ]  55.2% 664576/1204112 bytes... 

Writing at 0x000b2800 [===============>              ]  55.3% 665600/1204112 bytes... 

Writing at 0x000b2c00 [===============>              ]  55.4% 666624/1204112 bytes... 

Writing at 0x000b3000 [===============>              ]  55.4% 667648/1204112 bytes... 

Writing at 0x000b3400 [===============>              ]  55.5% 668672/1204112 bytes... 

Writing at 0x000b3800 [===============>              ]  55.6% 669696/1204112 bytes... 

Writing at 0x000b3c00 [===============>              ]  55.7% 670720/1204112 bytes... 

Writing at 0x000b4000 [===============>              ]  55.8% 671744/1204112 bytes... 

Writing at 0x000b4400 [===============>              ]  55.9% 672768/1204112 bytes... 

Writing at 0x000b4800 [===============>              ]  56.0% 673792/1204112 bytes... 

Writing at 0x000b4c00 [===============>              ]  56.0% 674816/1204112 bytes... 

Writing at 0x000b5000 [===============>              ]  56.1% 675840/1204112 bytes... 

Writing at 0x000b5400 [===============>              ]  56.2% 676864/1204112 bytes... 

Writing at 0x000b5800 [===============>              ]  56.3% 677888/1204112 bytes... 

Writing at 0x000b5c00 [===============>              ]  56.4% 678912/1204112 bytes... 

Writing at 0x000b6000 [===============>              ]  56.5% 679936/1204112 bytes... 

Writing at 0x000b6400 [===============>              ]  56.6% 680960/1204112 bytes... 

Writing at 0x000b6800 [===============>              ]  56.6% 681984/1204112 bytes... 

Writing at 0x000b6c00 [================>             ]  56.7% 683008/1204112 bytes... 

Writing at 0x000b7000 [================>             ]  56.8% 684032/1204112 bytes... 

Writing at 0x000b7400 [================>             ]  56.9% 685056/1204112 bytes... 

Writing at 0x000b7800 [================>             ]  57.0% 686080/1204112 bytes... 

Writing at 0x000b7c00 [================>             ]  57.1% 687104/1204112 bytes... 

Writing at 0x000b8000 [================>             ]  57.1% 688128/1204112 bytes... 

Writing at 0x000b8400 [================>             ]  57.2% 689152/1204112 bytes... 

Writing at 0x000b8800 [================>             ]  57.3% 690176/1204112 bytes... 

Writing at 0x000b8c00 [================>             ]  57.4% 691200/1204112 bytes... 

Writing at 0x000b9000 [================>             ]  57.5% 692224/1204112 bytes... 

Writing at 0x000b9400 [================>             ]  57.6% 693248/1204112 bytes... 

Writing at 0x000b9800 [================>             ]  57.7% 694272/1204112 bytes... 

Writing at 0x000b9c00 [================>             ]  57.7% 695296/1204112 bytes... 

Writing at 0x000ba000 [================>             ]  57.8% 696320/1204112 bytes... 

Writing at 0x000ba400 [================>             ]  57.9% 697344/1204112 bytes... 

Writing at 0x000ba800 [================>             ]  58.0% 698368/1204112 bytes... 

Writing at 0x000bac00 [================>             ]  58.1% 699392/1204112 bytes... 

Writing at 0x000bb000 [================>             ]  58.2% 700416/1204112 bytes... 

Writing at 0x000bb400 [================>             ]  58.3% 701440/1204112 bytes... 

Writing at 0x000bb800 [================>             ]  58.3% 702464/1204112 bytes... 

Writing at 0x000bbc00 [================>             ]  58.4% 703488/1204112 bytes... 

Writing at 0x000bc000 [================>             ]  58.5% 704512/1204112 bytes... 

Writing at 0x000bc400 [================>             ]  58.6% 705536/1204112 bytes... 

Writing at 0x000bc800 [================>             ]  58.7% 706560/1204112 bytes... 

Writing at 0x000bcc00 [================>             ]  58.8% 707584/1204112 bytes... 

Writing at 0x000bd000 [================>             ]  58.8% 708608/1204112 bytes... 

Writing at 0x000bd400 [================>             ]  58.9% 709632/1204112 bytes... 

Writing at 0x000bd800 [================>             ]  59.0% 710656/1204112 bytes... 

Writing at 0x000bdc00 [================>             ]  59.1% 711680/1204112 bytes... 

Writing at 0x000be000 [================>             ]  59.2% 712704/1204112 bytes... 

Writing at 0x000be400 [================>             ]  59.3% 713728/1204112 bytes... 

Writing at 0x000be800 [================>             ]  59.4% 714752/1204112 bytes... 

Writing at 0x000bec00 [================>             ]  59.4% 715776/1204112 bytes... 

Writing at 0x000bf000 [================>             ]  59.5% 716800/1204112 bytes... 

Writing at 0x000bf400 [================>             ]  59.6% 717824/1204112 bytes... 

Writing at 0x000bf800 [================>             ]  59.7% 718848/1204112 bytes... 

Writing at 0x000bfc00 [================>             ]  59.8% 719872/1204112 bytes... 

Writing at 0x000c0000 [================>             ]  59.9% 720896/1204112 bytes... 

Writing at 0x000c0400 [================>             ]  60.0% 721920/1204112 bytes... 

Writing at 0x000c0800 [=================>            ]  60.0% 722944/1204112 bytes... 

Writing at 0x000c0c00 [=================>            ]  60.1% 723968/1204112 bytes... 

Writing at 0x000c1000 [=================>            ]  60.2% 724992/1204112 bytes... 

Writing at 0x000c1400 [=================>            ]  60.3% 726016/1204112 bytes... 

Writing at 0x000c1800 [=================>            ]  60.4% 727040/1204112 bytes... 

Writing at 0x000c1c00 [=================>            ]  60.5% 728064/1204112 bytes... 

Writing at 0x000c2000 [=================>            ]  60.5% 729088/1204112 bytes... 

Writing at 0x000c2400 [=================>            ]  60.6% 730112/1204112 bytes... 

Writing at 0x000c2800 [=================>            ]  60.7% 731136/1204112 bytes... 

Writing at 0x000c2c00 [=================>            ]  60.8% 732160/1204112 bytes... 

Writing at 0x000c3000 [=================>            ]  60.9% 733184/1204112 bytes... 

Writing at 0x000c3400 [=================>            ]  61.0% 734208/1204112 bytes... 

Writing at 0x000c3800 [=================>            ]  61.1% 735232/1204112 bytes... 

Writing at 0x000c3c00 [=================>            ]  61.1% 736256/1204112 bytes... 

Writing at 0x000c4000 [=================>            ]  61.2% 737280/1204112 bytes... 

Writing at 0x000c4400 [=================>            ]  61.3% 738304/1204112 bytes... 

Writing at 0x000c4800 [=================>            ]  61.4% 739328/1204112 bytes... 

Writing at 0x000c4c00 [=================>            ]  61.5% 740352/1204112 bytes... 

Writing at 0x000c5000 [=================>            ]  61.6% 741376/1204112 bytes... 

Writing at 0x000c5400 [=================>            ]  61.7% 742400/1204112 bytes... 

Writing at 0x000c5800 [=================>            ]  61.7% 743424/1204112 bytes... 

Writing at 0x000c5c00 [=================>            ]  61.8% 744448/1204112 bytes... 

Writing at 0x000c6000 [=================>            ]  61.9% 745472/1204112 bytes... 

Writing at 0x000c6400 [=================>            ]  62.0% 746496/1204112 bytes... 

Writing at 0x000c6800 [=================>            ]  62.1% 747520/1204112 bytes... 

Writing at 0x000c6c00 [=================>            ]  62.2% 748544/1204112 bytes... 

Writing at 0x000c7000 [=================>            ]  62.3% 749568/1204112 bytes... 

Writing at 0x000c7400 [=================>            ]  62.3% 750592/1204112 bytes... 

Writing at 0x000c7800 [=================>            ]  62.4% 751616/1204112 bytes... 

Writing at 0x000c7c00 [=================>            ]  62.5% 752640/1204112 bytes... 

Writing at 0x000c8000 [=================>            ]  62.6% 753664/1204112 bytes... 

Writing at 0x000c8400 [=================>            ]  62.7% 754688/1204112 bytes... 

Writing at 0x000c8800 [=================>            ]  62.8% 755712/1204112 bytes... 

Writing at 0x000c8c00 [=================>            ]  62.8% 756736/1204112 bytes... 

Writing at 0x000c9000 [=================>            ]  62.9% 757760/1204112 bytes... 

Writing at 0x000c9400 [=================>            ]  63.0% 758784/1204112 bytes... 

Writing at 0x000c9800 [=================>            ]  63.1% 759808/1204112 bytes... 

Writing at 0x000c9c00 [=================>            ]  63.2% 760832/1204112 bytes... 

Writing at 0x000ca000 [=================>            ]  63.3% 761856/1204112 bytes... 

Writing at 0x000ca400 [==================>           ]  63.4% 762880/1204112 bytes... 

Writing at 0x000ca800 [==================>           ]  63.4% 763904/1204112 bytes... 

Writing at 0x000cac00 [==================>           ]  63.5% 764928/1204112 bytes... 

Writing at 0x000cb000 [==================>           ]  63.6% 765952/1204112 bytes... 

Writing at 0x000cb400 [==================>           ]  63.7% 766976/1204112 bytes... 

Writing at 0x000cb800 [==================>           ]  63.8% 768000/1204112 bytes... 

Writing at 0x000cbc00 [==================>           ]  63.9% 769024/1204112 bytes... 

Writing at 0x000cc000 [==================>           ]  64.0% 770048/1204112 bytes... 

Writing at 0x000cc400 [==================>           ]  64.0% 771072/1204112 bytes... 

Writing at 0x000cc800 [==================>           ]  64.1% 772096/1204112 bytes... 

Writing at 0x000ccc00 [==================>           ]  64.2% 773120/1204112 bytes... 

Writing at 0x000cd000 [==================>           ]  64.3% 774144/1204112 bytes... 

Writing at 0x000cd400 [==================>           ]  64.4% 775168/1204112 bytes... 

Writing at 0x000cd800 [==================>           ]  64.5% 776192/1204112 bytes... 

Writing at 0x000cdc00 [==================>           ]  64.5% 777216/1204112 bytes... 

Writing at 0x000ce000 [==================>           ]  64.6% 778240/1204112 bytes... 

Writing at 0x000ce400 [==================>           ]  64.7% 779264/1204112 bytes... 

Writing at 0x000ce800 [==================>           ]  64.8% 780288/1204112 bytes... 

Writing at 0x000cec00 [==================>           ]  64.9% 781312/1204112 bytes... 

Writing at 0x000cf000 [==================>           ]  65.0% 782336/1204112 bytes... 

Writing at 0x000cf400 [==================>           ]  65.1% 783360/1204112 bytes... 

Writing at 0x000cf800 [==================>           ]  65.1% 784384/1204112 bytes... 

Writing at 0x000cfc00 [==================>           ]  65.2% 785408/1204112 bytes... 

Writing at 0x000d0000 [==================>           ]  65.3% 786432/1204112 bytes... 

Writing at 0x000d0400 [==================>           ]  65.4% 787456/1204112 bytes... 

Writing at 0x000d0800 [==================>           ]  65.5% 788480/1204112 bytes... 

Writing at 0x000d0c00 [==================>           ]  65.6% 789504/1204112 bytes... 

Writing at 0x000d1000 [==================>           ]  65.7% 790528/1204112 bytes... 

Writing at 0x000d1400 [==================>           ]  65.7% 791552/1204112 bytes... 

Writing at 0x000d1800 [==================>           ]  65.8% 792576/1204112 bytes... 

Writing at 0x000d1c00 [==================>           ]  65.9% 793600/1204112 bytes... 

Writing at 0x000d2000 [==================>           ]  66.0% 794624/1204112 bytes... 

Writing at 0x000d2400 [==================>           ]  66.1% 795648/1204112 bytes... 

Writing at 0x000d2800 [==================>           ]  66.2% 796672/1204112 bytes... 

Writing at 0x000d2c00 [==================>           ]  66.2% 797696/1204112 bytes... 

Writing at 0x000d3000 [==================>           ]  66.3% 798720/1204112 bytes... 

Writing at 0x000d3400 [==================>           ]  66.4% 799744/1204112 bytes... 

Writing at 0x000d3800 [==================>           ]  66.5% 800768/1204112 bytes... 

Writing at 0x000d3c00 [==================>           ]  66.6% 801792/1204112 bytes... 

Writing at 0x000d4000 [===================>          ]  66.7% 802816/1204112 bytes... 

Writing at 0x000d4400 [===================>          ]  66.8% 803840/1204112 bytes... 

Writing at 0x000d4800 [===================>          ]  66.8% 804864/1204112 bytes... 

Writing at 0x000d4c00 [===================>          ]  66.9% 805888/1204112 bytes... 

Writing at 0x000d5000 [===================>          ]  67.0% 806912/1204112 bytes... 

Writing at 0x000d5400 [===================>          ]  67.1% 807936/1204112 bytes... 

Writing at 0x000d5800 [===================>          ]  67.2% 808960/1204112 bytes... 

Writing at 0x000d5c00 [===================>          ]  67.3% 809984/1204112 bytes... 

Writing at 0x000d6000 [===================>          ]  67.4% 811008/1204112 bytes... 

Writing at 0x000d6400 [===================>          ]  67.4% 812032/1204112 bytes... 

Writing at 0x000d6800 [===================>          ]  67.5% 813056/1204112 bytes... 

Writing at 0x000d6c00 [===================>          ]  67.6% 814080/1204112 bytes... 

Writing at 0x000d7000 [===================>          ]  67.7% 815104/1204112 bytes... 

Writing at 0x000d7400 [===================>          ]  67.8% 816128/1204112 bytes... 

Writing at 0x000d7800 [===================>          ]  67.9% 817152/1204112 bytes... 

Writing at 0x000d7c00 [===================>          ]  67.9% 818176/1204112 bytes... 

Writing at 0x000d8000 [===================>          ]  68.0% 819200/1204112 bytes... 

Writing at 0x000d8400 [===================>          ]  68.1% 820224/1204112 bytes... 

Writing at 0x000d8800 [===================>          ]  68.2% 821248/1204112 bytes... 

Writing at 0x000d8c00 [===================>          ]  68.3% 822272/1204112 bytes... 

Writing at 0x000d9000 [===================>          ]  68.4% 823296/1204112 bytes... 

Writing at 0x000d9400 [===================>          ]  68.5% 824320/1204112 bytes... 

Writing at 0x000d9800 [===================>          ]  68.5% 825344/1204112 bytes... 

Writing at 0x000d9c00 [===================>          ]  68.6% 826368/1204112 bytes... 

Writing at 0x000da000 [===================>          ]  68.7% 827392/1204112 bytes... 

Writing at 0x000da400 [===================>          ]  68.8% 828416/1204112 bytes... 

Writing at 0x000da800 [===================>          ]  68.9% 829440/1204112 bytes... 

Writing at 0x000dac00 [===================>          ]  69.0% 830464/1204112 bytes... 

Writing at 0x000db000 [===================>          ]  69.1% 831488/1204112 bytes... 

Writing at 0x000db400 [===================>          ]  69.1% 832512/1204112 bytes... 

Writing at 0x000db800 [===================>          ]  69.2% 833536/1204112 bytes... 

Writing at 0x000dbc00 [===================>          ]  69.3% 834560/1204112 bytes... 

Writing at 0x000dc000 [===================>          ]  69.4% 835584/1204112 bytes... 

Writing at 0x000dc400 [===================>          ]  69.5% 836608/1204112 bytes... 

Writing at 0x000dc800 [===================>          ]  69.6% 837632/1204112 bytes... 

Writing at 0x000dcc00 [===================>          ]  69.6% 838656/1204112 bytes... 

Writing at 0x000dd000 [===================>          ]  69.7% 839680/1204112 bytes... 

Writing at 0x000dd400 [===================>          ]  69.8% 840704/1204112 bytes... 

Writing at 0x000dd800 [===================>          ]  69.9% 841728/1204112 bytes... 

Writing at 0x000ddc00 [===================>          ]  70.0% 842752/1204112 bytes... 

Writing at 0x000de000 [====================>         ]  70.1% 843776/1204112 bytes... 

Writing at 0x000de400 [====================>         ]  70.2% 844800/1204112 bytes... 

Writing at 0x000de800 [====================>         ]  70.2% 845824/1204112 bytes... 

Writing at 0x000dec00 [====================>         ]  70.3% 846848/1204112 bytes... 

Writing at 0x000df000 [====================>         ]  70.4% 847872/1204112 bytes... 

Writing at 0x000df400 [====================>         ]  70.5% 848896/1204112 bytes... 

Writing at 0x000df800 [====================>         ]  70.6% 849920/1204112 bytes... 

Writing at 0x000dfc00 [====================>         ]  70.7% 850944/1204112 bytes... 

Writing at 0x000e0000 [====================>         ]  70.8% 851968/1204112 bytes... 

Writing at 0x000e0400 [====================>         ]  70.8% 852992/1204112 bytes... 

Writing at 0x000e0800 [====================>         ]  70.9% 854016/1204112 bytes... 

Writing at 0x000e0c00 [====================>         ]  71.0% 855040/1204112 bytes... 

Writing at 0x000e1000 [====================>         ]  71.1% 856064/1204112 bytes... 

Writing at 0x000e1400 [====================>         ]  71.2% 857088/1204112 bytes... 

Writing at 0x000e1800 [====================>         ]  71.3% 858112/1204112 bytes... 

Writing at 0x000e1c00 [====================>         ]  71.4% 859136/1204112 bytes... 

Writing at 0x000e2000 [====================>         ]  71.4% 860160/1204112 bytes... 

Writing at 0x000e2400 [====================>         ]  71.5% 861184/1204112 bytes... 

Writing at 0x000e2800 [====================>         ]  71.6% 862208/1204112 bytes... 

Writing at 0x000e2c00 [====================>         ]  71.7% 863232/1204112 bytes... 

Writing at 0x000e3000 [====================>         ]  71.8% 864256/1204112 bytes... 

Writing at 0x000e3400 [====================>         ]  71.9% 865280/1204112 bytes... 

Writing at 0x000e3800 [====================>         ]  71.9% 866304/1204112 bytes... 

Writing at 0x000e3c00 [====================>         ]  72.0% 867328/1204112 bytes... 

Writing at 0x000e4000 [====================>         ]  72.1% 868352/1204112 bytes... 

Writing at 0x000e4400 [====================>         ]  72.2% 869376/1204112 bytes... 

Writing at 0x000e4800 [====================>         ]  72.3% 870400/1204112 bytes... 

Writing at 0x000e4c00 [====================>         ]  72.4% 871424/1204112 bytes... 

Writing at 0x000e5000 [====================>         ]  72.5% 872448/1204112 bytes... 

Writing at 0x000e5400 [====================>         ]  72.5% 873472/1204112 bytes... 

Writing at 0x000e5800 [====================>         ]  72.6% 874496/1204112 bytes... 

Writing at 0x000e5c00 [====================>         ]  72.7% 875520/1204112 bytes... 

Writing at 0x000e6000 [====================>         ]  72.8% 876544/1204112 bytes... 

Writing at 0x000e6400 [====================>         ]  72.9% 877568/1204112 bytes... 

Writing at 0x000e6800 [====================>         ]  73.0% 878592/1204112 bytes... 

Writing at 0x000e6c00 [====================>         ]  73.1% 879616/1204112 bytes... 

Writing at 0x000e7000 [====================>         ]  73.1% 880640/1204112 bytes... 

Writing at 0x000e7400 [====================>         ]  73.2% 881664/1204112 bytes... 

Writing at 0x000e7800 [====================>         ]  73.3% 882688/1204112 bytes... 

Writing at 0x000e7c00 [=====================>        ]  73.4% 883712/1204112 bytes... 

Writing at 0x000e8000 [=====================>        ]  73.5% 884736/1204112 bytes... 

Writing at 0x000e8400 [=====================>        ]  73.6% 885760/1204112 bytes... 

Writing at 0x000e8800 [=====================>        ]  73.6% 886784/1204112 bytes... 

Writing at 0x000e8c00 [=====================>        ]  73.7% 887808/1204112 bytes... 

Writing at 0x000e9000 [=====================>        ]  73.8% 888832/1204112 bytes... 

Writing at 0x000e9400 [=====================>        ]  73.9% 889856/1204112 bytes... 

Writing at 0x000e9800 [=====================>        ]  74.0% 890880/1204112 bytes... 

Writing at 0x000e9c00 [=====================>        ]  74.1% 891904/1204112 bytes... 

Writing at 0x000ea000 [=====================>        ]  74.2% 892928/1204112 bytes... 

Writing at 0x000ea400 [=====================>        ]  74.2% 893952/1204112 bytes... 

Writing at 0x000ea800 [=====================>        ]  74.3% 894976/1204112 bytes... 

Writing at 0x000eac00 [=====================>        ]  74.4% 896000/1204112 bytes... 

Writing at 0x000eb000 [=====================>        ]  74.5% 897024/1204112 bytes... 

Writing at 0x000eb400 [=====================>        ]  74.6% 898048/1204112 bytes... 

Writing at 0x000eb800 [=====================>        ]  74.7% 899072/1204112 bytes... 

Writing at 0x000ebc00 [=====================>        ]  74.8% 900096/1204112 bytes... 

Writing at 0x000ec000 [=====================>        ]  74.8% 901120/1204112 bytes... 

Writing at 0x000ec400 [=====================>        ]  74.9% 902144/1204112 bytes... 

Writing at 0x000ec800 [=====================>        ]  75.0% 903168/1204112 bytes... 

Writing at 0x000ecc00 [=====================>        ]  75.1% 904192/1204112 bytes... 

Writing at 0x000ed000 [=====================>        ]  75.2% 905216/1204112 bytes... 

Writing at 0x000ed400 [=====================>        ]  75.3% 906240/1204112 bytes... 

Writing at 0x000ed800 [=====================>        ]  75.3% 907264/1204112 bytes... 

Writing at 0x000edc00 [=====================>        ]  75.4% 908288/1204112 bytes... 

Writing at 0x000ee000 [=====================>        ]  75.5% 909312/1204112 bytes... 

Writing at 0x000ee400 [=====================>        ]  75.6% 910336/1204112 bytes... 

Writing at 0x000ee800 [=====================>        ]  75.7% 911360/1204112 bytes... 

Writing at 0x000eec00 [=====================>        ]  75.8% 912384/1204112 bytes... 

Writing at 0x000ef000 [=====================>        ]  75.9% 913408/1204112 bytes... 

Writing at 0x000ef400 [=====================>        ]  75.9% 914432/1204112 bytes... 

Writing at 0x000ef800 [=====================>        ]  76.0% 915456/1204112 bytes... 

Writing at 0x000efc00 [=====================>        ]  76.1% 916480/1204112 bytes... 

Writing at 0x000f0000 [=====================>        ]  76.2% 917504/1204112 bytes... 

Writing at 0x000f0400 [=====================>        ]  76.3% 918528/1204112 bytes... 

Writing at 0x000f0800 [=====================>        ]  76.4% 919552/1204112 bytes... 

Writing at 0x000f0c00 [=====================>        ]  76.5% 920576/1204112 bytes... 

Writing at 0x000f1000 [=====================>        ]  76.5% 921600/1204112 bytes... 

Writing at 0x000f1400 [=====================>        ]  76.6% 922624/1204112 bytes... 

Writing at 0x000f1800 [======================>       ]  76.7% 923648/1204112 bytes... 

Writing at 0x000f1c00 [======================>       ]  76.8% 924672/1204112 bytes... 

Writing at 0x000f2000 [======================>       ]  76.9% 925696/1204112 bytes... 

Writing at 0x000f2400 [======================>       ]  77.0% 926720/1204112 bytes... 

Writing at 0x000f2800 [======================>       ]  77.0% 927744/1204112 bytes... 

Writing at 0x000f2c00 [======================>       ]  77.1% 928768/1204112 bytes... 

Writing at 0x000f3000 [======================>       ]  77.2% 929792/1204112 bytes... 

Writing at 0x000f3400 [======================>       ]  77.3% 930816/1204112 bytes... 

Writing at 0x000f3800 [======================>       ]  77.4% 931840/1204112 bytes... 

Writing at 0x000f3c00 [======================>       ]  77.5% 932864/1204112 bytes... 

Writing at 0x000f4000 [======================>       ]  77.6% 933888/1204112 bytes... 

Writing at 0x000f4400 [======================>       ]  77.6% 934912/1204112 bytes... 

Writing at 0x000f4800 [======================>       ]  77.7% 935936/1204112 bytes... 

Writing at 0x000f4c00 [======================>       ]  77.8% 936960/1204112 bytes... 

Writing at 0x000f5000 [======================>       ]  77.9% 937984/1204112 bytes... 

Writing at 0x000f5400 [======================>       ]  78.0% 939008/1204112 bytes... 

Writing at 0x000f5800 [======================>       ]  78.1% 940032/1204112 bytes... 

Writing at 0x000f5c00 [======================>       ]  78.2% 941056/1204112 bytes... 

Writing at 0x000f6000 [======================>       ]  78.2% 942080/1204112 bytes... 

Writing at 0x000f6400 [======================>       ]  78.3% 943104/1204112 bytes... 

Writing at 0x000f6800 [======================>       ]  78.4% 944128/1204112 bytes... 

Writing at 0x000f6c00 [======================>       ]  78.5% 945152/1204112 bytes... 

Writing at 0x000f7000 [======================>       ]  78.6% 946176/1204112 bytes... 

Writing at 0x000f7400 [======================>       ]  78.7% 947200/1204112 bytes... 

Writing at 0x000f7800 [======================>       ]  78.7% 948224/1204112 bytes... 

Writing at 0x000f7c00 [======================>       ]  78.8% 949248/1204112 bytes... 

Writing at 0x000f8000 [======================>       ]  78.9% 950272/1204112 bytes... 

Writing at 0x000f8400 [======================>       ]  79.0% 951296/1204112 bytes... 

Writing at 0x000f8800 [======================>       ]  79.1% 952320/1204112 bytes... 

Writing at 0x000f8c00 [======================>       ]  79.2% 953344/1204112 bytes... 

Writing at 0x000f9000 [======================>       ]  79.3% 954368/1204112 bytes... 

Writing at 0x000f9400 [======================>       ]  79.3% 955392/1204112 bytes... 

Writing at 0x000f9800 [======================>       ]  79.4% 956416/1204112 bytes... 

Writing at 0x000f9c00 [======================>       ]  79.5% 957440/1204112 bytes... 

Writing at 0x000fa000 [======================>       ]  79.6% 958464/1204112 bytes... 

Writing at 0x000fa400 [======================>       ]  79.7% 959488/1204112 bytes... 

Writing at 0x000fa800 [======================>       ]  79.8% 960512/1204112 bytes... 

Writing at 0x000fac00 [======================>       ]  79.9% 961536/1204112 bytes... 

Writing at 0x000fb000 [======================>       ]  79.9% 962560/1204112 bytes... 

Writing at 0x000fb400 [=======================>      ]  80.0% 963584/1204112 bytes... 

Writing at 0x000fb800 [=======================>      ]  80.1% 964608/1204112 bytes... 

Writing at 0x000fbc00 [=======================>      ]  80.2% 965632/1204112 bytes... 

Writing at 0x000fc000 [=======================>      ]  80.3% 966656/1204112 bytes... 

Writing at 0x000fc400 [=======================>      ]  80.4% 967680/1204112 bytes... 

Writing at 0x000fc800 [=======================>      ]  80.4% 968704/1204112 bytes... 

Writing at 0x000fcc00 [=======================>      ]  80.5% 969728/1204112 bytes... 

Writing at 0x000fd000 [=======================>      ]  80.6% 970752/1204112 bytes... 

Writing at 0x000fd400 [=======================>      ]  80.7% 971776/1204112 bytes... 

Writing at 0x000fd800 [=======================>      ]  80.8% 972800/1204112 bytes... 

Writing at 0x000fdc00 [=======================>      ]  80.9% 973824/1204112 bytes... 

Writing at 0x000fe000 [=======================>      ]  81.0% 974848/1204112 bytes... 

Writing at 0x000fe400 [=======================>      ]  81.0% 975872/1204112 bytes... 

Writing at 0x000fe800 [=======================>      ]  81.1% 976896/1204112 bytes... 

Writing at 0x000fec00 [=======================>      ]  81.2% 977920/1204112 bytes... 

Writing at 0x000ff000 [=======================>      ]  81.3% 978944/1204112 bytes... 

Writing at 0x000ff400 [=======================>      ]  81.4% 979968/1204112 bytes... 

Writing at 0x000ff800 [=======================>      ]  81.5% 980992/1204112 bytes... 

Writing at 0x000ffc00 [=======================>      ]  81.6% 982016/1204112 bytes... 

Writing at 0x00100000 [=======================>      ]  81.6% 983040/1204112 bytes... 

Writing at 0x00100400 [=======================>      ]  81.7% 984064/1204112 bytes... 

Writing at 0x00100800 [=======================>      ]  81.8% 985088/1204112 bytes... 

Writing at 0x00100c00 [=======================>      ]  81.9% 986112/1204112 bytes... 

Writing at 0x00101000 [=======================>      ]  82.0% 987136/1204112 bytes... 

Writing at 0x00101400 [=======================>      ]  82.1% 988160/1204112 bytes... 

Writing at 0x00101800 [=======================>      ]  82.2% 989184/1204112 bytes... 

Writing at 0x00101c00 [=======================>      ]  82.2% 990208/1204112 bytes... 

Writing at 0x00102000 [=======================>      ]  82.3% 991232/1204112 bytes... 

Writing at 0x00102400 [=======================>      ]  82.4% 992256/1204112 bytes... 

Writing at 0x00102800 [=======================>      ]  82.5% 993280/1204112 bytes... 

Writing at 0x00102c00 [=======================>      ]  82.6% 994304/1204112 bytes... 

Writing at 0x00103000 [=======================>      ]  82.7% 995328/1204112 bytes... 

Writing at 0x00103400 [=======================>      ]  82.7% 996352/1204112 bytes... 

Writing at 0x00103800 [=======================>      ]  82.8% 997376/1204112 bytes... 

Writing at 0x00103c00 [=======================>      ]  82.9% 998400/1204112 bytes... 

Writing at 0x00104000 [=======================>      ]  83.0% 999424/1204112 bytes... 

Writing at 0x00104400 [=======================>      ]  83.1% 1000448/1204112 bytes... 

Writing at 0x00104800 [=======================>      ]  83.2% 1001472/1204112 bytes... 

Writing at 0x00104c00 [=======================>      ]  83.3% 1002496/1204112 bytes... 

Writing at 0x00105000 [========================>     ]  83.3% 1003520/1204112 bytes... 

Writing at 0x00105400 [========================>     ]  83.4% 1004544/1204112 bytes... 

Writing at 0x00105800 [========================>     ]  83.5% 1005568/1204112 bytes... 

Writing at 0x00105c00 [========================>     ]  83.6% 1006592/1204112 bytes... 

Writing at 0x00106000 [========================>     ]  83.7% 1007616/1204112 bytes... 

Writing at 0x00106400 [========================>     ]  83.8% 1008640/1204112 bytes... 

Writing at 0x00106800 [========================>     ]  83.9% 1009664/1204112 bytes... 

Writing at 0x00106c00 [========================>     ]  83.9% 1010688/1204112 bytes... 

Writing at 0x00107000 [========================>     ]  84.0% 1011712/1204112 bytes... 

Writing at 0x00107400 [========================>     ]  84.1% 1012736/1204112 bytes... 

Writing at 0x00107800 [========================>     ]  84.2% 1013760/1204112 bytes... 

Writing at 0x00107c00 [========================>     ]  84.3% 1014784/1204112 bytes... 

Writing at 0x00108000 [========================>     ]  84.4% 1015808/1204112 bytes... 

Writing at 0x00108400 [========================>     ]  84.4% 1016832/1204112 bytes... 

Writing at 0x00108800 [========================>     ]  84.5% 1017856/1204112 bytes... 

Writing at 0x00108c00 [========================>     ]  84.6% 1018880/1204112 bytes... 

Writing at 0x00109000 [========================>     ]  84.7% 1019904/1204112 bytes... 

Writing at 0x00109400 [========================>     ]  84.8% 1020928/1204112 bytes... 

Writing at 0x00109800 [========================>     ]  84.9% 1021952/1204112 bytes... 

Writing at 0x00109c00 [========================>     ]  85.0% 1022976/1204112 bytes... 

Writing at 0x0010a000 [========================>     ]  85.0% 1024000/1204112 bytes... 

Writing at 0x0010a400 [========================>     ]  85.1% 1025024/1204112 bytes... 

Writing at 0x0010a800 [========================>     ]  85.2% 1026048/1204112 bytes... 

Writing at 0x0010ac00 [========================>     ]  85.3% 1027072/1204112 bytes... 

Writing at 0x0010b000 [========================>     ]  85.4% 1028096/1204112 bytes... 

Writing at 0x0010b400 [========================>     ]  85.5% 1029120/1204112 bytes... 

Writing at 0x0010b800 [========================>     ]  85.6% 1030144/1204112 bytes... 

Writing at 0x0010bc00 [========================>     ]  85.6% 1031168/1204112 bytes... 

Writing at 0x0010c000 [========================>     ]  85.7% 1032192/1204112 bytes... 

Writing at 0x0010c400 [========================>     ]  85.8% 1033216/1204112 bytes... 

Writing at 0x0010c800 [========================>     ]  85.9% 1034240/1204112 bytes... 

Writing at 0x0010cc00 [========================>     ]  86.0% 1035264/1204112 bytes... 

Writing at 0x0010d000 [========================>     ]  86.1% 1036288/1204112 bytes... 

Writing at 0x0010d400 [========================>     ]  86.1% 1037312/1204112 bytes... 

Writing at 0x0010d800 [========================>     ]  86.2% 1038336/1204112 bytes... 

Writing at 0x0010dc00 [========================>     ]  86.3% 1039360/1204112 bytes... 

Writing at 0x0010e000 [========================>     ]  86.4% 1040384/1204112 bytes... 

Writing at 0x0010e400 [========================>     ]  86.5% 1041408/1204112 bytes... 

Writing at 0x0010e800 [========================>     ]  86.6% 1042432/1204112 bytes... 

Writing at 0x0010ec00 [========================>     ]  86.7% 1043456/1204112 bytes... 

Writing at 0x0010f000 [=========================>    ]  86.7% 1044480/1204112 bytes... 

Writing at 0x0010f400 [=========================>    ]  86.8% 1045504/1204112 bytes... 

Writing at 0x0010f800 [=========================>    ]  86.9% 1046528/1204112 bytes... 

Writing at 0x0010fc00 [=========================>    ]  87.0% 1047552/1204112 bytes... 

Writing at 0x00110000 [=========================>    ]  87.1% 1048576/1204112 bytes... 

Writing at 0x00110400 [=========================>    ]  87.2% 1049600/1204112 bytes... 

Writing at 0x00110800 [=========================>    ]  87.3% 1050624/1204112 bytes... 

Writing at 0x00110c00 [=========================>    ]  87.3% 1051648/1204112 bytes... 

Writing at 0x00111000 [=========================>    ]  87.4% 1052672/1204112 bytes... 

Writing at 0x00111400 [=========================>    ]  87.5% 1053696/1204112 bytes... 

Writing at 0x00111800 [=========================>    ]  87.6% 1054720/1204112 bytes... 

Writing at 0x00111c00 [=========================>    ]  87.7% 1055744/1204112 bytes... 

Writing at 0x00112000 [=========================>    ]  87.8% 1056768/1204112 bytes... 

Writing at 0x00112400 [=========================>    ]  87.8% 1057792/1204112 bytes... 

Writing at 0x00112800 [=========================>    ]  87.9% 1058816/1204112 bytes... 

Writing at 0x00112c00 [=========================>    ]  88.0% 1059840/1204112 bytes... 

Writing at 0x00113000 [=========================>    ]  88.1% 1060864/1204112 bytes... 

Writing at 0x00113400 [=========================>    ]  88.2% 1061888/1204112 bytes... 

Writing at 0x00113800 [=========================>    ]  88.3% 1062912/1204112 bytes... 

Writing at 0x00113c00 [=========================>    ]  88.4% 1063936/1204112 bytes... 

Writing at 0x00114000 [=========================>    ]  88.4% 1064960/1204112 bytes... 

Writing at 0x00114400 [=========================>    ]  88.5% 1065984/1204112 bytes... 

Writing at 0x00114800 [=========================>    ]  88.6% 1067008/1204112 bytes... 

Writing at 0x00114c00 [=========================>    ]  88.7% 1068032/1204112 bytes... 

Writing at 0x00115000 [=========================>    ]  88.8% 1069056/1204112 bytes... 

Writing at 0x00115400 [=========================>    ]  88.9% 1070080/1204112 bytes... 

Writing at 0x00115800 [=========================>    ]  89.0% 1071104/1204112 bytes... 

Writing at 0x00115c00 [=========================>    ]  89.0% 1072128/1204112 bytes... 

Writing at 0x00116000 [=========================>    ]  89.1% 1073152/1204112 bytes... 

Writing at 0x00116400 [=========================>    ]  89.2% 1074176/1204112 bytes... 

Writing at 0x00116800 [=========================>    ]  89.3% 1075200/1204112 bytes... 

Writing at 0x00116c00 [=========================>    ]  89.4% 1076224/1204112 bytes... 

Writing at 0x00117000 [=========================>    ]  89.5% 1077248/1204112 bytes... 

Writing at 0x00117400 [=========================>    ]  89.5% 1078272/1204112 bytes... 

Writing at 0x00117800 [=========================>    ]  89.6% 1079296/1204112 bytes... 

Writing at 0x00117c00 [=========================>    ]  89.7% 1080320/1204112 bytes... 

Writing at 0x00118000 [=========================>    ]  89.8% 1081344/1204112 bytes... 

Writing at 0x00118400 [=========================>    ]  89.9% 1082368/1204112 bytes... 

Writing at 0x00118800 [=========================>    ]  90.0% 1083392/1204112 bytes... 

Writing at 0x00118c00 [==========================>   ]  90.1% 1084416/1204112 bytes... 

Writing at 0x00119000 [==========================>   ]  90.1% 1085440/1204112 bytes... 

Writing at 0x00119400 [==========================>   ]  90.2% 1086464/1204112 bytes... 

Writing at 0x00119800 [==========================>   ]  90.3% 1087488/1204112 bytes... 

Writing at 0x00119c00 [==========================>   ]  90.4% 1088512/1204112 bytes... 

Writing at 0x0011a000 [==========================>   ]  90.5% 1089536/1204112 bytes... 

Writing at 0x0011a400 [==========================>   ]  90.6% 1090560/1204112 bytes... 

Writing at 0x0011a800 [==========================>   ]  90.7% 1091584/1204112 bytes... 

Writing at 0x0011ac00 [==========================>   ]  90.7% 1092608/1204112 bytes... 

Writing at 0x0011b000 [==========================>   ]  90.8% 1093632/1204112 bytes... 

Writing at 0x0011b400 [==========================>   ]  90.9% 1094656/1204112 bytes... 

Writing at 0x0011b800 [==========================>   ]  91.0% 1095680/1204112 bytes... 

Writing at 0x0011bc00 [==========================>   ]  91.1% 1096704/1204112 bytes... 

Writing at 0x0011c000 [==========================>   ]  91.2% 1097728/1204112 bytes... 

Writing at 0x0011c400 [==========================>   ]  91.2% 1098752/1204112 bytes... 

Writing at 0x0011c800 [==========================>   ]  91.3% 1099776/1204112 bytes... 

Writing at 0x0011cc00 [==========================>   ]  91.4% 1100800/1204112 bytes... 

Writing at 0x0011d000 [==========================>   ]  91.5% 1101824/1204112 bytes... 

Writing at 0x0011d400 [==========================>   ]  91.6% 1102848/1204112 bytes... 

Writing at 0x0011d800 [==========================>   ]  91.7% 1103872/1204112 bytes... 

Writing at 0x0011dc00 [==========================>   ]  91.8% 1104896/1204112 bytes... 

Writing at 0x0011e000 [==========================>   ]  91.8% 1105920/1204112 bytes... 

Writing at 0x0011e400 [==========================>   ]  91.9% 1106944/1204112 bytes... 

Writing at 0x0011e800 [==========================>   ]  92.0% 1107968/1204112 bytes... 

Writing at 0x0011ec00 [==========================>   ]  92.1% 1108992/1204112 bytes... 

Writing at 0x0011f000 [==========================>   ]  92.2% 1110016/1204112 bytes... 

Writing at 0x0011f400 [==========================>   ]  92.3% 1111040/1204112 bytes... 

Writing at 0x0011f800 [==========================>   ]  92.4% 1112064/1204112 bytes... 

Writing at 0x0011fc00 [==========================>   ]  92.4% 1113088/1204112 bytes... 

Writing at 0x00120000 [==========================>   ]  92.5% 1114112/1204112 bytes... 

Writing at 0x00120400 [==========================>   ]  92.6% 1115136/1204112 bytes... 

Writing at 0x00120800 [==========================>   ]  92.7% 1116160/1204112 bytes... 

Writing at 0x00120c00 [==========================>   ]  92.8% 1117184/1204112 bytes... 

Writing at 0x00121000 [==========================>   ]  92.9% 1118208/1204112 bytes... 

Writing at 0x00121400 [==========================>   ]  93.0% 1119232/1204112 bytes... 

Writing at 0x00121800 [==========================>   ]  93.0% 1120256/1204112 bytes... 

Writing at 0x00121c00 [==========================>   ]  93.1% 1121280/1204112 bytes... 

Writing at 0x00122000 [==========================>   ]  93.2% 1122304/1204112 bytes... 

Writing at 0x00122400 [==========================>   ]  93.3% 1123328/1204112 bytes... 

Writing at 0x00122800 [===========================>  ]  93.4% 1124352/1204112 bytes... 

Writing at 0x00122c00 [===========================>  ]  93.5% 1125376/1204112 bytes... 

Writing at 0x00123000 [===========================>  ]  93.5% 1126400/1204112 bytes... 

Writing at 0x00123400 [===========================>  ]  93.6% 1127424/1204112 bytes... 

Writing at 0x00123800 [===========================>  ]  93.7% 1128448/1204112 bytes... 

Writing at 0x00123c00 [===========================>  ]  93.8% 1129472/1204112 bytes... 

Writing at 0x00124000 [===========================>  ]  93.9% 1130496/1204112 bytes... 

Writing at 0x00124400 [===========================>  ]  94.0% 1131520/1204112 bytes... 

Writing at 0x00124800 [===========================>  ]  94.1% 1132544/1204112 bytes... 

Writing at 0x00124c00 [===========================>  ]  94.1% 1133568/1204112 bytes... 

Writing at 0x00125000 [===========================>  ]  94.2% 1134592/1204112 bytes... 

Writing at 0x00125400 [===========================>  ]  94.3% 1135616/1204112 bytes... 

Writing at 0x00125800 [===========================>  ]  94.4% 1136640/1204112 bytes... 

Writing at 0x00125c00 [===========================>  ]  94.5% 1137664/1204112 bytes... 

Writing at 0x00126000 [===========================>  ]  94.6% 1138688/1204112 bytes... 

Writing at 0x00126400 [===========================>  ]  94.7% 1139712/1204112 bytes... 

Writing at 0x00126800 [===========================>  ]  94.7% 1140736/1204112 bytes... 

Writing at 0x00126c00 [===========================>  ]  94.8% 1141760/1204112 bytes... 

Writing at 0x00127000 [===========================>  ]  94.9% 1142784/1204112 bytes... 

Writing at 0x00127400 [===========================>  ]  95.0% 1143808/1204112 bytes... 

Writing at 0x00127800 [===========================>  ]  95.1% 1144832/1204112 bytes... 

Writing at 0x00127c00 [===========================>  ]  95.2% 1145856/1204112 bytes... 

Writing at 0x00128000 [===========================>  ]  95.2% 1146880/1204112 bytes... 

Writing at 0x00128400 [===========================>  ]  95.3% 1147904/1204112 bytes... 

Writing at 0x00128800 [===========================>  ]  95.4% 1148928/1204112 bytes... 

Writing at 0x00128c00 [===========================>  ]  95.5% 1149952/1204112 bytes... 

Writing at 0x00129000 [===========================>  ]  95.6% 1150976/1204112 bytes... 

Writing at 0x00129400 [===========================>  ]  95.7% 1152000/1204112 bytes... 

Writing at 0x00129800 [===========================>  ]  95.8% 1153024/1204112 bytes... 

Writing at 0x00129c00 [===========================>  ]  95.8% 1154048/1204112 bytes... 

Writing at 0x0012a000 [===========================>  ]  95.9% 1155072/1204112 bytes... 

Writing at 0x0012a400 [===========================>  ]  96.0% 1156096/1204112 bytes... 

Writing at 0x0012a800 [===========================>  ]  96.1% 1157120/1204112 bytes... 

Writing at 0x0012ac00 [===========================>  ]  96.2% 1158144/1204112 bytes... 

Writing at 0x0012b000 [===========================>  ]  96.3% 1159168/1204112 bytes... 

Writing at 0x0012b400 [===========================>  ]  96.4% 1160192/1204112 bytes... 

Writing at 0x0012b800 [===========================>  ]  96.4% 1161216/1204112 bytes... 

Writing at 0x0012bc00 [===========================>  ]  96.5% 1162240/1204112 bytes... 

Writing at 0x0012c000 [===========================>  ]  96.6% 1163264/1204112 bytes... 

Writing at 0x0012c400 [============================> ]  96.7% 1164288/1204112 bytes... 

Writing at 0x0012c800 [============================> ]  96.8% 1165312/1204112 bytes... 

Writing at 0x0012cc00 [============================> ]  96.9% 1166336/1204112 bytes... 

Writing at 0x0012d000 [============================> ]  96.9% 1167360/1204112 bytes... 

Writing at 0x0012d400 [============================> ]  97.0% 1168384/1204112 bytes... 

Writing at 0x0012d800 [============================> ]  97.1% 1169408/1204112 bytes... 

Writing at 0x0012dc00 [============================> ]  97.2% 1170432/1204112 bytes... 

Writing at 0x0012e000 [============================> ]  97.3% 1171456/1204112 bytes... 

Writing at 0x0012e400 [============================> ]  97.4% 1172480/1204112 bytes... 

Writing at 0x0012e800 [============================> ]  97.5% 1173504/1204112 bytes... 

Writing at 0x0012ec00 [============================> ]  97.5% 1174528/1204112 bytes... 

Writing at 0x0012f000 [============================> ]  97.6% 1175552/1204112 bytes... 

Writing at 0x0012f400 [============================> ]  97.7% 1176576/1204112 bytes... 

Writing at 0x0012f800 [============================> ]  97.8% 1177600/1204112 bytes... 

Writing at 0x0012fc00 [============================> ]  97.9% 1178624/1204112 bytes... 

Writing at 0x00130000 [============================> ]  98.0% 1179648/1204112 bytes... 

Writing at 0x00130400 [============================> ]  98.1% 1180672/1204112 bytes... 

Writing at 0x00130800 [============================> ]  98.1% 1181696/1204112 bytes... 

Writing at 0x00130c00 [============================> ]  98.2% 1182720/1204112 bytes... 

Writing at 0x00131000 [============================> ]  98.3% 1183744/1204112 bytes... 

Writing at 0x00131400 [============================> ]  98.4% 1184768/1204112 bytes... 

Writing at 0x00131800 [============================> ]  98.5% 1185792/1204112 bytes... 

Writing at 0x00131c00 [============================> ]  98.6% 1186816/1204112 bytes... 

Writing at 0x00132000 [============================> ]  98.6% 1187840/1204112 bytes... 

Writing at 0x00132400 [============================> ]  98.7% 1188864/1204112 bytes... 

Writing at 0x00132800 [============================> ]  98.8% 1189888/1204112 bytes... 

Writing at 0x00132c00 [============================> ]  98.9% 1190912/1204112 bytes... 

Writing at 0x00133000 [============================> ]  99.0% 1191936/1204112 bytes... 

Writing at 0x00133400 [============================> ]  99.1% 1192960/1204112 bytes... 

Writing at 0x00133800 [============================> ]  99.2% 1193984/1204112 bytes... 

Writing at 0x00133c00 [============================> ]  99.2% 1195008/1204112 bytes... 

Writing at 0x00134000 [============================> ]  99.3% 1196032/1204112 bytes... 

Writing at 0x00134400 [============================> ]  99.4% 1197056/1204112 bytes... 

Writing at 0x00134800 [============================> ]  99.5% 1198080/1204112 bytes... 

Writing at 0x00134c00 [============================> ]  99.6% 1199104/1204112 bytes... 

Writing at 0x00135000 [============================> ]  99.7% 1200128/1204112 bytes... 

Writing at 0x00135400 [============================> ]  99.8% 1201152/1204112 bytes... 

Writing at 0x00135800 [============================> ]  99.8% 1202176/1204112 bytes... 

Writing at 0x00135c00 [============================> ]  99.9% 1203200/1204112 bytes... 

Writing at 0x00136000 [==============================] 100.0% 1204224/1204112 bytes... 
Wrote 1204224 bytes at 0x00010000 in 41.1 seconds (234.5 kbit/s).
Hash of data verified.

Hard resetting via RTS pin...
