VDM CONTROLLER 1
VDM1 1 56B9 H 376 288;P 0 FF000000FF080808FF101010FF191919FF212121FF292929FF313131FF3A3A3A;P 8 FF424242FF4A4A4AFF525252FF5A5A5AFF636363FF6B6B6BFF737373FF7B7B7B;
VDM1 2 D62A P 16 FF848484FF8C8C8CFF949494FF9C9C9CFFA5A5A5FFADADADFFB5B5B5FFBDBDBD;P 24 FFC5C5C5FFCECECEFFD6D6D6FFDEDEDEFFE6E6E6FFEFEFEFFFF7F7F7FFFFFFFF;
VDM1 3 B13A P 32 FF000000FF550000FFAA0000FFFF0000FF002400FF552400FFAA2400FFFF2400;P 40 FF004900FF554900FFAA4900FFFF4900FF006D00FF556D00FFAA6D00FFFF6D00;
VDM1 4 17A6 P 48 FF009200FF559200FFAA9200FFFF9200FF00B600FF55B600FFAAB600FFFFB600;P 56 FF00DB00FF55DB00FFAADB00FFFFDB00FF00FF00FF55FF00FFAAFF00FFFFFF00;
VDM1 5 3DDD P 64 FF00002BFF55002BFFAA002BFFFF002BFF00242BFF55242BFFAA242BFFFF242B;P 72 FF00492BFF55492BFFAA492BFFFF492BFF006D2BFF556D2BFFAA6D2BFFFF6D2B;
VDM1 6 1B45 P 80 FF00922BFF55922BFFAA922BFFFF922BFF00B62BFF55B62BFFAAB62BFFFFB62B;P 88 FF00DB2BFF55DB2BFFAADB2BFFFFDB2BFF00FF2BFF55FF2BFFAAFF2BFFFFFF2B;
VDM1 7 1E96 P 96 FF000055FF550055FFAA0055FFFF0055FF002455FF552455FFAA2455FFFF2455;P 104 FF004955FF554955FFAA4955FFFF4955FF006D55FF556D55FFAA6D55FFFF6D55;
VDM1 8 FA6B P 112 FF009255FF559255FFAA9255FFFF9255FF00B655FF55B655FFAAB655FFFFB655;P 120 FF00DB55FF55DB55FFAADB55FFFFDB55FF00FF55FF55FF55FFAAFF55FFFFFF55;
VDM1 9 4274 P 128 FF000080FF550080FFAA0080FFFF0080FF002480FF552480FFAA2480FFFF2480;P 136 FF004980FF554980FFAA4980FFFF4980FF006D80FF556D80FFAA6D80FFFF6D80;
VDM1 10 7F7B P 144 FF009280FF559280FFAA9280FFFF9280FF00B680FF55B680FFAAB680FFFFB680;P 152 FF00DB80FF55DB80FFAADB80FFFFDB80FF00FF80FF55FF80FFAAFF80FFFFFF80;
VDM1 11 E813 P 160 FF0000AAFF5500AAFFAA00AAFFFF00AAFF0024AAFF5524AAFFAA24AAFFFF24AA;P 168 FF0049AAFF5549AAFFAA49AAFFFF49AAFF006DAAFF556DAAFFAA6DAAFFFF6DAA;
VDM1 12 3E74 P 176 FF0092AAFF5592AAFFAA92AAFFFF92AAFF00B6AAFF55B6AAFFAAB6AAFFFFB6AA;P 184 FF00DBAAFF55DBAAFFAADBAAFFFFDBAAFF00FFAAFF55FFAAFFAAFFAAFFFFFFAA;
VDM1 13 497D P 192 FF0000D5FF5500D5FFAA00D5FFFF00D5FF0024D5FF5524D5FFAA24D5FFFF24D5;P 200 FF0049D5FF5549D5FFAA49D5FFFF49D5FF006DD5FF556DD5FFAA6DD5FFFF6DD5;
VDM1 14 5D86 P 208 FF0092D5FF5592D5FFAA92D5FFFF92D5FF00B6D5FF55B6D5FFAAB6D5FFFFB6D5;P 216 FF00DBD5FF55DBD5FFAADBD5FFFFDBD5FF00FFD5FF55FFD5FFAAFFD5FFFFFFD5;
VDM1 15 A42B P 224 FF0000FFFF5500FFFFAA00FFFFFF00FFFF0024FFFF5524FFFFAA24FFFFFF24FF;P 232 FF0049FFFF5549FFFFAA49FFFFFF49FFFF006DFFFF556DFFFFAA6DFFFFFF6DFF;
VDM1 16 1521 P 240 FF0092FFFF5592FFFFAA92FFFFFF92FFFF00B6FFFF55B6FFFFAAB6FFFFFFB6FF;P 248 FF00DBFFFF55DBFFFFAADBFFFFFFDBFFFF00FFFFFF55FFFFFFAAFFFFFFFFFFFF;R 0 0 48 110;
VDM1 17 90E1 R 48 0 48 110;R 96 0 48 110;R 144 0 48 110;D 192 0 2E6E0272;D 240 0 0E720B9201960BB602B701B603B705D7;D 288 0 12D71EDB;D 336 0 05DB23FB;R 0 1 48 110;
VDM1 18 8FDE R 48 1 48 110;R 96 1 48 110;R 144 1 48 110;D 192 1 2E6E0272;D 240 1 0E720B9201960BB602B701B603B705D7;D 288 1 12D71EDB;D 336 1 05DB23FB;R 0 2 48 110;
VDM1 19 A1E2 R 48 2 48 110;R 96 2 48 110;R 144 2 48 110;D 192 2 2F6E0172;D 240 2 0E720A92019612B602B703D7;D 288 2 16D71ADB;D 336 2 06DB22FB;R 0 3 48 110;R 48 3 48 110;
VDM1 20 E961 R 96 3 48 110;R 144 3 48 110;D 192 3 2F6E0172;D 240 3 0E720992029614B602B701D7;D 288 3 19D717DB;D 336 3 07DB21FB;R 0 4 48 110;R 48 4 48 110;R 96 4 48 110;
VDM1 21 4D1B R 144 4 48 110;D 192 4 2F6E0172;D 240 4 0D720A92029617B6;D 288 4 03B717D716DB;D 336 4 08DB20FB;R 0 5 48 110;R 48 5 48 110;R 96 5 48 110;R 144 5 48 110;
VDM1 22 99C5 D 192 5 2F6E0172;D 240 5 0D720A92029617B6;D 288 5 03B717D716DB;D 336 5 08DB20FB;R 0 6 48 110;R 48 6 48 110;R 96 6 48 110;R 144 6 48 110;D 192 6 2F6E0172;
VDM1 23 DDE1 D 240 6 0D720992029618B6;D 288 6 02B603B701D701B714D715DB;D 336 6 09DB1FFB;R 0 7 48 110;R 48 7 48 110;R 96 7 48 110;R 144 7 48 110;R 192 7 48 110;
VDM1 24 07D3 D 240 7 0C720A92029618B6;D 288 7 05B605B712D714DB;D 336 7 09DB1FFB;R 0 8 48 110;R 48 8 48 110;R 96 8 48 110;R 144 8 48 110;R 192 8 48 110;
VDM1 25 7125 D 240 8 0C720A92029618B6;D 288 8 0AB602B713D711DB;D 336 8 0ADB1EFB;R 0 9 48 110;R 48 9 48 110;R 96 9 48 110;R 144 9 48 110;R 192 9 48 110;
VDM1 26 4EE5 D 240 9 0B720A92029619B6;D 288 9 0BB602B703B610D710DB;D 336 9 0BDB1DFB;R 0 10 48 110;R 48 10 48 110;R 96 10 48 110;R 144 10 48 110;R 192 10 48 110;
VDM1 27 52C6 D 240 10 0B720A92029619B6;D 288 10 0BB602B703B610D710DB;D 336 10 0BDB1DFB;R 0 11 48 110;R 48 11 48 110;R 96 11 48 110;R 144 11 48 110;R 192 11 48 110;
VDM1 28 710E D 240 11 0B720A92029619B6;D 288 11 0FB602B70FD710DB;D 336 11 0BDB1DFB;R 0 12 48 110;R 48 12 48 110;R 96 12 48 110;R 144 12 48 110;R 192 12 48 110;
VDM1 29 ECD8 D 240 12 016E09720B92029619B6;D 288 12 11B602B70DD701DB01D70EDB;D 336 12 0CDB1CFB;R 0 13 48 110;R 48 13 48 110;R 96 13 48 110;R 144 13 48 110;R 192 13 48 110;
VDM1 30 D80E D 240 13 016E08720C92029619B6;D 288 13 12B604B70DD70DDB;D 336 13 0CDB1CFB;R 0 14 48 110;R 48 14 48 110;R 96 14 48 110;R 144 14 48 110;D 192 14 2F6E0172;
VDM1 31 F550 D 240 14 08720D92029619B6;D 288 14 15B602B70DD70CDB;D 336 14 0DDB1BFB;R 0 15 48 110;R 48 15 48 110;R 96 15 48 110;R 144 15 48 110;D 192 15 2F6E0172;
VDM1 32 F78D D 240 15 08720D92029619B6;D 288 15 15B602B70DD70CDB;D 336 15 0DDB1BFB;R 0 16 48 110;R 48 16 48 110;R 96 16 48 110;R 144 16 48 110;D 192 16 2F6E0172;
VDM1 33 9583 D 240 16 07720E92029619B6;D 288 16 17B602B70CD70BDB;D 336 16 0EDB1AFB;R 0 17 48 110;R 48 17 48 110;R 96 17 48 110;R 144 17 48 110;D 192 17 2F6E0172;
VDM1 34 7FFD D 240 17 06720F92029619B6;D 288 17 18B602B70CD70ADB;D 336 17 0FDB19FB;D 0 18 0B6E02FB186E02FB096E;R 48 18 48 110;R 96 18 48 110;R 144 18 48 110;
VDM1 35 D001 D 192 18 2E6E0272;D 240 18 06720E92039619B6;D 288 18 13B607FB06D710B2;D 336 18 1AB20EFB;D 0 19 0B6E02FB186E02FB036E06FB;R 48 19 48 251;D 96 19 08FB286E;
VDM1 36 14B2 R 144 19 48 110;D 192 19 2D6E0372;D 240 19 05720F92039619B6;D 288 19 12B602FB05B602FB05D701FB02B201FB0CB2;D 336 19 08B203FB04B202FB03B201FB03B201FB01B20EFB;
VDM1 37 1500 D 0 20 0B6E02FB186E02FB036E06FB;R 48 20 48 251;D 96 20 08FB286E;R 144 20 48 110;D 192 20 2D6E0372;D 240 20 05720F92039619B6;
VDM1 38 909F D 288 20 12B601FB07B601FB05D701FB02B201FB03B202FB04B202FB01B2;D 336 20 02B203FB03B201FB02B201FB02B201FB02B201FB02B202FB01B202FB01B20EFB;
VDM1 39 A9E1 D 0 21 0B6E02FB186E02FB036E06FB;R 48 21 48 251;D 96 21 08FB286E;R 144 21 48 110;D 192 21 2B6E0572;D 240 21 04721092049618B6;
VDM1 40 9397 D 288 21 12B601FB07B601FB02B703D704FB02B201FB01B202FB02B201FB02B201FB;D 336 21 02B201FB02B201FB02B203FB03B204FB02B201FB01B201FB01B201FB01B20EFB;
VDM1 41 A108 D 0 22 0B6E02FB066E018E04D6026E04D6018E066E02FB036E06FB;R 48 22 48 251;D 96 22 08FB286E;R 144 22 48 110;D 192 22 2B6E0572;D 240 22 04720E9201960192049618B6;
VDM1 42 6F8D D 288 22 11B602FB07B602FB01B703D701FB02B201FB02B202FB04B201FB02B201FB;D 336 22 02B201FB02B201FB02B201FB02B201FB02B201FB02B201FB02B201FB03B201FB01B20EFB;
VDM1 43 DC0D D 0 23 0B6E02FB066E01D604FB026E04FB01D6066E02FB036E06FB;R 48 23 48 251;D 96 23 08FB286E;R 144 23 48 110;D 192 23 2A6E0672;D 240 23 03720F9201960192059617B6;
VDM1 44 F3F4 D 288 23 11B601FB09B601FB01B602B701D701FB02B201FB03B203FB03B203FB;D 336 23 01FB01B203FB03B201FB02B201FB02B201FB02B201FB02B201FB03B201FB01B20EFB;
VDM1 45 31E2 D 0 24 0B6E02FB066E01D604FB026E04FB01D6066E02FB036E04FB010001FB;D 48 24 01FB010003FB010005FB010005FB010005FB010005FB010005FB01000CFB;D 96 24 08FB286E;
VDM1 46 FBA1 R 144 24 48 110;D 192 24 2A6E0672;D 240 24 03720F9201960192059617B6;D 288 24 11B602FB07B602FB01B602B701D710B2;D 336 24 02B201FB17B20EFB;
VDM1 47 5F65 D 0 25 0B6E02FB066E01D604FB026E04FB01D6066E02FB036E04FB010001FB;D 48 25 01FB010002FB03000AFB01000AFB03000AFB020005FB;D 96 25 020006FB286E;R 144 25 48 110;
VDM1 48 56E1 D 192 25 296E0772;D 240 25 0272109201960192059617B6;D 288 25 12B601FB07B601FB03B602B710B2;D 336 25 02B201FB17B20EFB;
VDM1 49 F292 D 0 26 0B6E02FB066E01D604FB026E04FB01D6066E02FB036E04FB010001FB;D 48 26 01FB010003FB010005FB010005FB010005FB010005FB010005FB010004FB010001FB020003FB0100;
Auto-reconnect failed
Hard-resetting BLE client: auto reconnect failed
Next reconnect attempt in 2032 ms
VDM1 50 B503 D 96 26 010007FB286E;R 144 26 48 110;D 192 26 296E0772;D 240 26 0172119201960192069616B6;D 288 26 12B601FB07B601FB04B601B710B2;D 336 26 1AB20EFB;
CBTIME 2000-01-01 00:00:00
VDM1 51 9875 D 0 27 0B6E02FB106E0169076E02FB036E04FB010001FB;D 48 27 01FB010003FB010005FB010005FB010005FB010005FB010005FB010004FB020006FB;D 96 27 01FB010006FB286E;
VDM1 52 F85E R 144 27 48 110;D 192 27 276E0972;D 240 27 129201960292059616B6;D 288 27 12B602FB05B602FB05B602B202FB04B201FB07B2;
VDM1 53 76D4 D 336 27 03B203FB03B202FB03B201FB02B201FB02B203FB03B20EFB;D 0 28 0B6E02FB186E02FB036E05FB0100;
VDM1 54 5F53 D 48 28 010005FB010005FB010005FB010005FB010005FB010005FB010004FB030003FB0100;D 96 28 010007FB286E;R 144 28 48 110;D 192 28 266E09720192;
VDM1 55 751C D 240 28 129201960292069615B6;D 288 28 13B607FB06B601B201FB05B202FB07B2;D 336 28 05B201FB05B201FB02B201FB02B201FB02B201FB02B201FB02B20EFB;
VDM1 56 2860 D 0 29 0B6E02FB066E01D604FB0169036E01D7086E02FB036E06FB;R 48 29 48 251;D 96 29 08FB286E;R 144 29 48 110;D 192 29 266E09720192;D 240 29 129201960292069615B6;
VDM1 57 FAD4 D 288 29 20B601B202FB05B201FB07B2;D 336 29 05B201FB04B201FB03B203FB03B203FB03B20EFB;D 0 30 0B6E02FB066E01D604FB036E018E01D7086E02FB036E06FB;R 48 30 48 251;
VDM1 58 D8B9 D 96 30 08FB286E;R 144 30 48 110;D 192 30 256E0A720192;D 240 30 1692059615B6;D 288 30 20B601B201FB01B201FB04B201FB07B2;
VDM1 59 8B17 D 336 30 04B201FB06B201FB02B201FB02B201FB02B201FB02B201FB02B20EFB;D 0 31 0B6E02FB066E01D604FB026E02D701FB01D7018E066E02FB036E06FB;R 48 31 48 251;
VDM1 60 08BB D 96 31 08FB286E;R 144 31 48 110;D 192 31 246E0A720292;D 240 31 1692079613B6;D 288 31 20B602B201FB04B203FB04B201FB01B2;
VDM1 61 0FD3 D 336 31 04B201FB04B202FB03B201FB02B201FB02B203FB03B20EFB;D 0 32 0B6E02FB066E01D604FB0169036E01D7086E02FB036E06FB;R 48 32 48 251;D 96 32 08FB286E;
VDM1 62 5AB7 R 144 32 48 110;D 192 32 236E0B720292;D 240 32 1692089612B6;D 288 32 20B610B2;D 336 32 1AB20EFB;D 0 33 0B6E02FB066E018E01D601B602D6046E018E086E02FB036E06FB;
VDM1 63 0BCB R 48 33 48 251;D 96 33 08FB286E;R 144 33 48 110;D 192 33 226E0B720392;D 240 33 17920A960FB6;D 288 33 20B610B2;D 336 33 1AB20EFB;
VDM1 64 570D D 0 34 0B6E02FB186E02FB036E06FB;R 48 34 48 251;D 96 34 08FB286E;R 144 34 48 110;D 192 34 226E0B720392;D 240 34 17920A960FB6;D 288 34 25B601B70AD7;
VDM1 65 B0DC D 336 34 16DB12FB;D 0 35 0B6E02FB186E02FB036E06FB;R 48 35 48 251;D 96 35 08FB286E;R 144 35 48 110;D 192 35 226E0A720492;D 240 35 17920B960EB6;
VDM1 66 BA9E D 288 35 26B601B709D7;D 336 35 01D716DB11FB;D 0 36 0B6E02FB186E02FB036E06FB;R 48 36 48 251;D 96 36 08FB286E;R 144 36 48 110;D 192 36 206E0C720492;
VDM1 67 4EC2 D 240 36 1892019601920A960CB6;D 288 36 26B602B708D7;D 336 36 02D715DB11FB;D 0 37 0B6E02FB186E02FB096E;R 48 37 48 110;R 96 37 48 110;R 144 37 48 110;
VDM1 68 CC53 D 192 37 206E0C720492;D 240 37 1492019605920D9609B6;D 288 37 27B602B707D7;D 336 37 01D717DB10FB;R 0 38 48 110;R 48 38 48 110;R 96 38 48 110;R 144 38 48 110;
VDM1 69 EC7E D 192 38 1F6E0C720592;D 240 38 1592019605920E9607B6;D 288 38 28B601B707D7;D 336 38 01D718DB0FFB;R 0 39 48 110;R 48 39 48 110;R 96 39 48 110;R 144 39 48 110;
VDM1 70 8DD9 D 192 39 1F6E0C720592;D 240 39 1592019605920E9607B6;D 288 39 28B601B707D7;D 336 39 01D718DB0FFB;R 0 40 48 110;R 48 40 48 110;R 96 40 48 110;R 144 40 48 110;
VDM1 71 476B D 192 40 1E6E0D720592;D 240 40 189201960292109605B6;D 288 40 29B607D7;D 336 40 02D701DB01D715DB0FFB;R 0 41 48 110;R 48 41 48 110;R 96 41 48 110;
VDM1 72 CA02 R 144 41 48 110;D 192 41 1E6E0D720592;D 240 41 1792039605920F9602B6;D 288 41 29B601B706D7;D 336 41 04D715DB0FFB;R 0 42 48 110;R 48 42 48 110;R 96 42 48 110;
VDM1 73 7A70 R 144 42 48 110;D 192 42 1D6E0D720692;D 240 42 1692059606920E9601B6;D 288 42 13B607FB06B610B2;D 336 42 20B208FB;R 0 43 48 110;R 48 43 48 110;R 96 43 48 110;
VDM CONTROLLER 1
VDM1 74 668A R 144 43 48 110;D 192 43 1D6E0D720692;D 240 43 1692059606920E9601B6;D 288 43 12B602FB05B602FB05B605FB08B201FB02B2;D 336 43 09B201FB0BB203FB02B203FB03B208FB;
VDM1 75 70E5 R 0 44 48 110;R 48 44 48 110;R 96 44 48 110;R 144 44 48 110;D 192 44 1C6E0D720792;D 240 44 1792049609920C96;
VDM1 76 DC7C D 288 44 03960FB601FB07B601FB05B602B201FB04B202FB03B203FB01B2;D 336 44 03B202FB04B201FB0AB201FB05B201FB02B201FB02B208FB;R 0 45 48 110;R 48 45 48 110;
VDM1 77 5A80 R 96 45 48 110;R 144 45 48 110;D 192 45 1C6E0C720892;D 240 45 1B92069605920A96;D 288 45 04960EB601FB07B601FB05B602B201FB03B201FB02B201FB03B201FB02B2;
VDM1 78 2C23 D 336 45 02B201FB02B201FB03B201FB0BB202FB03B201FB02B201FB02B208FB;R 0 46 48 110;R 48 46 48 110;R 96 46 48 110;R 144 46 48 110;D 192 46 1C6E0C720892;
VDM1 79 2E0F D 240 46 1C92089606920696;D 288 46 06960BB602FB07B602FB04B602B201FB03B201FB02B201FB03B201FB02B2;
VDM1 80 5DFD D 336 46 02B201FB02B201FB03B201FB0DB201FB02B201FB02B201FB02B208FB;R 0 47 48 110;R 48 47 48 110;R 96 47 48 110;R 144 47 48 110;D 192 47 1B6E0D720892;
VDM1 81 B11D D 240 47 1F9204960B920296;D 288 47 06960BB601FB09B601FB04B602B201FB04B202FB05B201FB01B2;D 336 47 03B204FB03B201FB09B203FB03B203FB03B208FB;R 0 48 48 110;
VDM1 82 4EA6 R 48 48 48 110;R 96 48 48 110;R 144 48 48 110;D 192 48 1B6E0D720892;D 240 48 1F9204960B920296;D 288 48 06960BB602FB07B602FB04B610B2;D 336 48 20B208FB;
VDM1 83 189B R 0 49 48 110;R 48 49 48 110;R 96 49 48 110;R 144 49 48 110;D 192 49 1A6E0D720992;D 240 49 2F920196;D 288 49 0A9608B601FB07B601FB05B610B2;D 336 49 20B208FB;
VDM1 84 CD37 R 0 50 48 110;R 48 50 48 110;R 96 50 48 110;R 144 50 48 110;D 192 50 196E0E720992;R 240 50 48 146;D 288 50 0192099608B601FB07B601FB05B610B2;
VDM1 85 2007 D 336 50 1AB202DB0CFB;R 0 51 48 110;R 48 51 48 110;R 96 51 48 110;R 144 51 48 110;D 192 51 196E0D720A92;D 240 51 2A9204960292;
VDM1 86 FA22 D 288 51 0392079608B602FB05B602FB05B601B202FB05B201FB07B2;D 336 51 04B201FB05B202FB03B203FB02B203FB03B203DB0BFB;D 0 52 126E018D01D603B601B2186E;R 48 52 48 110;
VDM1 87 FD6C R 96 52 48 110;R 144 52 48 110;D 192 52 196E0D720A92;D 240 52 2B9202960392;D 288 52 0492089607B607FB06B603B201FB03B201FB01B201FB06B2;
VDM1 88 3E7F D 336 52 03B201FB01B201FB03B201FB04B201FB05B201FB02B201FB02B203DB0BFB;D 0 53 126E06FB01B6176E;R 48 53 48 110;R 96 53 48 110;R 144 53 48 110;
VDM1 89 AE36 D 192 53 196E0D720A92;D 240 53 2B9202960392;D 288 53 0492089614B602B201FB05B201FB07B2;D 336 53 04B202FB03B202FB03B201FB01B202FB02B203FB03B203DB0BFB;
VDM1 90 6594 D 0 54 126E0EFB106E;R 48 54 48 110;R 96 54 48 110;R 144 54 48 110;D 192 54 186E0D720B92;R 240 54 48 146;D 288 54 0692079613B601B201FB05B201FB01B201FB06B2;
VDM1 91 3246 D 336 54 05B201FB03B201FB01B201FB02B201FB03B201FB01B201FB02B201FB02B204DB0AFB;D 0 55 126E0EFB106E;R 48 55 48 110;R 96 55 48 110;R 144 55 48 110;
VDM1 92 2F08 D 192 55 176E0D720C92;R 240 55 48 146;D 288 55 0792079612B601B203FB04B201FB05B201FB01B2;D 336 55 03B202FB05B201FB04B203FB02B203FB03B204DB0AFB;
VDM1 93 09AA D 0 56 126E0EFB106E;R 48 56 48 110;R 96 56 48 110;R 144 56 48 110;D 192 56 176E0D720C92;R 240 56 48 146;D 288 56 039203960292079611B610B2;
VDM1 94 F257 D 336 56 1AB205DB09FB;D 0 57 126E0EFB106E;R 48 57 48 110;R 96 57 48 110;R 144 57 48 110;D 192 57 166E0D720D92;R 240 57 48 146;
VDM1 95 5F02 D 288 57 04920296049207960FB610B2;D 336 57 1AB205DB09FB;D 0 58 126E0EFB106E;R 48 58 48 110;R 96 58 48 110;R 144 58 48 110;D 192 58 166E0D720D92;
VDM1 96 2682 R 240 58 48 146;D 288 58 04920296049207961FB6;D 336 58 01B601B709D714DB09FB;D 0 59 126E0EFB106E;R 48 59 48 110;R 96 59 48 110;R 144 59 48 110;
VDM1 97 5288 D 192 59 156E0E720D92;R 240 59 48 146;D 288 59 0A9208961EB6;D 336 59 02B601B709D713DB09FB;D 0 60 126E0EFB106E;R 48 60 48 110;R 96 60 48 110;R 144 60 48 110;
VDM1 98 3DD6 D 192 60 156E0E720D92;R 240 60 48 146;D 288 60 0B9207961EB6;D 336 60 02B602B708D714DB08FB;D 0 61 126E0EFB106E;R 48 61 48 110;R 96 61 48 110;R 144 61 48 110;
VDM1 99 7E8B D 192 61 146E0E720E92;R 240 61 48 146;D 288 61 09920196019208961DB6;D 336 61 03B601B709D714DB07FB;D 0 62 126E0EFB106E;R 48 62 48 110;R 96 62 48 110;
VDM1 100 570A R 144 62 48 110;D 192 62 146E0E720E92;R 240 62 48 146;D 288 62 09920196019208961DB6;D 336 62 03B601B709D714DB07FB;D 0 63 126E018D01D60AB601D6018D106E;
VDM1 101 0ECB R 48 63 48 110;R 96 63 48 110;R 144 63 48 110;D 192 63 136E0F720E92;R 240 63 48 146;D 288 63 09920196029207961DB6;D 336 63 03B601B70AD714DB06FB;R 0 64 48 110;
VDM1 102 046B R 48 64 48 110;R 96 64 48 110;R 144 64 48 110;D 192 64 126E0F720F92;R 240 64 48 146;D 288 64 0E9206961CB6;D 336 64 04B601B709D714DB06FB;R 0 65 48 110;
VDM1 103 BBAE R 48 65 48 110;R 96 65 48 110;R 144 65 48 110;D 192 65 126E0F720F92;R 240 65 48 146;D 288 65 0F9206961BB6;D 336 65 04B602B708D714DB06FB;R 0 66 48 110;
VDM1 104 90EF R 48 66 48 110;R 96 66 48 110;R 144 66 48 110;D 192 66 116E0F721092;R 240 66 48 146;D 288 66 0B9202960392069601FB09B610B2;D 336 66 1AB209DB05FB;R 0 67 48 110;
VDM1 105 91C9 R 48 67 48 110;R 96 67 48 110;R 144 67 48 110;D 192 67 116E0F721092;R 240 67 48 146;D 288 67 0B9202960392039607FB06B604FB0CB2;
VDM1 106 4661 D 336 67 0FB203FB02B203FB03B209DB05FB;R 0 68 48 110;R 48 68 48 110;R 96 68 48 110;R 144 68 48 110;D 192 68 116E0F721092;R 240 68 48 146;
VDM1 107 6F6A D 288 68 0B9204960192029609FB05B601FB07B202FB03B202FB01B2;D 336 68 03B202FB09B201FB05B201FB02B201FB02B209DB05FB;R 0 69 48 110;R 48 69 48 110;R 96 69 48 110;
VDM1 108 C53B R 144 69 48 110;D 192 69 106E0F721192;R 240 69 48 146;D 288 69 0E920296029209FB05B603FB04B201FB04B201FB01B202FB;
VDM1 109 9797 D 336 69 02B201FB01B202FB09B202FB03B201FB02B201FB02B20ADB04FB;R 0 70 48 110;R 48 70 48 110;R 96 70 48 110;R 144 70 48 110;D 192 70 106E0F721192;
VDM1 110 AC42 R 240 70 48 146;D 288 70 0F920196029209FB05B601FB06B201FB04B202FB02B2;D 336 70 02B202FB0DB201FB02B201FB02B201FB02B20ADB04FB;R 0 71 48 110;R 48 71 48 110;
VDM1 111 B357 R 96 71 48 110;R 144 71 48 110;D 192 71 0F6E0F721292;R 240 71 48 146;D 288 71 0F9202960BFB04B601FB06B201FB05B203FB;
VDM1 112 B9EC D 336 71 03B203FB08B203FB03B203FB03B20BDB03FB;R 0 72 48 110;R 48 72 48 110;R 96 72 48 110;R 144 72 48 110;D 192 72 0F6E0F721292;R 240 72 48 146;
VDM1 113 AB36 D 288 72 0F920296019209FB05B610B2;D 336 72 1AB20BDB03FB;R 0 73 48 110;R 48 73 48 110;R 96 73 48 110;R 144 73 48 110;D 192 73 0E6E10721292;R 240 73 48 146;
VDM1 114 C95B D 288 73 0F92039609FB05B610B2;D 336 73 1AB20BDB03FB;R 0 74 48 110;R 48 74 48 110;R 96 74 48 110;R 144 74 48 110;D 192 74 0E6E0F721392;R 240 74 48 146;
VDM1 115 96DC D 288 74 1092029609FB05B610B2;D 336 74 1AB20CDB02FB;R 0 75 48 110;R 48 75 48 110;R 96 75 48 110;R 144 75 48 110;D 192 75 0D6E10721392;R 240 75 48 146;
VDM1 116 4902 D 288 75 11920196019207FB06B601B202FB05B201FB07B2;D 336 75 04B201FB05B201FB04B203FB02B203FB03B20CDB02FB;R 0 76 48 110;R 48 76 48 110;R 96 76 48 110;
VDM1 117 D5CB R 144 76 48 110;D 192 76 0D6E0F721492;R 240 76 48 146;D 288 76 12920196039201FB049605B603B201FB03B201FB01B201FB06B2;
VDM1 118 4B35 D 336 76 03B201FB01B201FB03B201FB01B201FB02B201FB05B201FB02B201FB02B20CDB02FB;R 0 77 48 110;R 48 77 48 110;R 96 77 48 110;R 144 77 48 110;
VDM1 119 5305 D 192 77 0D6E0F721492;R 240 77 48 146;D 288 77 129201960392059605B602B201FB05B201FB07B2;D 336 77 03B201FB01B201FB04B202FB02B201FB01B202FB02B203FB03B20CDB02FB;
VDM1 120 CCC0 R 0 78 48 110;R 48 78 48 110;R 96 78 48 110;R 144 78 48 110;D 192 78 0C6E10721492;R 240 78 48 146;D 288 78 129202960392049605B601B201FB05B201FB01B201FB06B2;
VDM1 121 A128 D 336 78 03B201FB01B201FB05B201FB02B201FB03B201FB01B201FB02B201FB02B20DDB01FB;D 0 79 1A6E03FB136E;R 48 79 48 110;R 96 79 48 110;R 144 79 48 110;
VDM1 122 EF6F D 192 79 0C6E10721492;R 240 79 48 146;D 288 79 139201960392059604B601B203FB04B201FB05B201FB01B2;D 336 79 04B201FB04B202FB04B203FB02B203FB03B20DDB01FB;
VDM1 123 4231 D 0 80 1A6E04FB126E;R 48 80 48 110;R 96 80 48 110;R 144 80 48 110;D 192 80 0B6E11721492;R 240 80 48 146;D 288 80 1892049604B610B2;D 336 80 1AB20EDB;
attemptReconnectIfNeeded: reinitializing BLE client before reconnect
VDM1 124 F31A D 0 81 1B6E04FB116E;R 48 81 48 110;R 96 81 48 110;R 144 81 48 110;D 192 81 0B6E11721492;R 240 81 48 146;D 288 81 1892049604B610B2;D 336 81 1AB20EDB;
VDM1 125 2A0A D 0 82 136E0DFB106E;R 48 82 48 110;R 96 82 48 110;R 144 82 48 110;D 192 82 0B6E11721492;R 240 82 48 146;D 288 82 1992049613B6;D 336 82 09B602B70AD713DB;
VDM1 126 2A87 D 0 83 126E0FFB0F6E;R 48 83 48 110;R 96 83 48 110;R 144 83 48 110;D 192 83 0A6E11721592;R 240 83 48 146;D 288 83 1992059612B6;D 336 83 09B603B709D713DB;
VDM1 127 42E0 D 0 84 116E0FFB106E;R 48 84 48 110;R 96 84 48 110;R 144 84 48 110;D 192 84 096E11721692;R 240 84 48 146;D 288 84 1A92049612B6;
VDM1 128 657F D 336 84 09B601B701B602B709D712DB;D 0 85 116E04FB066E04FB116E;R 48 85 48 110;R 96 85 48 110;R 144 85 48 110;D 192 85 076E13721692;R 240 85 48 146;
VDM1 129 40BB D 288 85 1A92049612B6;D 336 85 0CB601B709D712DB;D 0 86 106E03FB076E04FB126E;R 48 86 48 110;R 96 86 48 110;R 144 86 48 110;D 192 86 076E13721692;
VDM1 130 7A73 R 240 86 48 146;D 288 86 1A92049612B6;D 336 86 0CB601B709D712DB;D 0 87 106E03FB076E03FB136E;R 48 87 48 110;R 96 87 48 110;R 144 87 48 110;
VDM1 131 3648 D 192 87 066E13721792;R 240 87 48 146;D 288 87 189201960192059611B6;D 336 87 0CB602B709D711DB;D 0 88 106E03FB086E01FB146E;R 48 88 48 110;R 96 88 48 110;
VDM1 132 E3D5 R 144 88 48 110;D 192 88 026E17721792;R 240 88 48 146;D 288 88 189201960292059610B6;D 336 88 0DB601B709D711DB;D 0 89 106E03FB0C6E02FB0F6E;R 48 89 48 110;
VDM1 133 72B2 R 96 89 48 110;R 144 89 48 110;D 192 89 016E18721792;R 240 89 48 146;D 288 89 18920196039205960FB6;D 336 89 0EB601B709D710DB;D 0 90 106E03FB0C6E03FB0E6E;
VDM1 134 9AE9 R 48 90 48 110;R 96 90 48 110;R 144 90 48 110;D 192 90 18721892;R 240 90 48 146;D 288 90 169201FB019201960392049610B2;D 336 90 1AB20EDB;
VDM1 135 A3F7 D 0 91 106E03FB0C6E03FB0E6E;R 48 91 48 110;R 96 91 48 110;R 144 91 48 110;D 192 91 18721892;R 240 91 48 146;D 288 91 139207FB0292049601FB02B201FB0CB2;
VDM1 136 040A D 336 91 08B203FB04B202FB03B201FB03B201FB01B20EDB;D 0 92 106E03FB0C6E03FB0E6E;R 48 92 48 110;R 96 92 48 110;D 144 92 2D6E0372;D 192 92 17721992;
VDM1 137 CE55 R 240 92 48 146;D 288 92 129209FB0192049601FB02B201FB03B202FB04B202FB01B2;D 336 92 02B203FB03B201FB02B201FB02B201FB02B201FB02B202FB01B202FB01B20EDB;
VDM1 138 22CC D 0 93 106E04FB0A6E03FB01D70E6E;R 48 93 48 110;R 96 93 48 110;D 144 93 2C6E0472;D 192 93 16721A92;R 240 93 48 146;
VDM1 139 F55C D 288 93 129209FB0292039604FB02B201FB01B202FB02B201FB02B201FB;D 336 93 02B201FB02B201FB02B203FB03B201FB02B201FB02B201FB01B201FB01B201FB01B20EDB;
VDM1 140 AA62 D 0 94 116E10FB0F6E;R 48 94 48 110;R 96 94 48 110;D 144 94 2A6E0672;D 192 94 16721A92;R 240 94 48 146;
VDM1 141 BC50 D 288 94 129209FB0292039601FB02B201FB02B202FB04B201FB02B201FB;D 336 94 02B201FB02B201FB02B201FB02B201FB02B201FB02B201FB02B201FB03B201FB01B20EDB;
VDM1 142 11C4 D 0 95 126E0EFB106E;R 48 95 48 110;R 96 95 48 110;D 144 95 286E0872;D 192 95 14721C92;R 240 95 48 146;D 288 95 11920BFB0292029601FB02B201FB03B203FB03B203FB;
VDM1 143 D653 D 336 95 01FB01B203FB03B201FB02B201FB03B202FB03B201FB03B201FB01B20EDB;D 0 96 136E0CFB116E;R 48 96 48 110;R 96 96 48 110;D 144 96 286E0872;D 192 96 14721C92;
VDM1 144 2988 R 240 96 48 146;D 288 96 129209FB0392029610B2;D 336 96 02B201FB17B20EDB;R 0 97 48 110;R 48 97 48 110;R 96 97 48 110;D 144 97 276E0972;D 192 97 12721E92;
VDM1 145 76AA R 240 97 48 146;D 288 97 129209FB01960292029610B2;D 336 97 02B201FB17B20EDB;R 0 98 48 110;R 48 98 48 110;R 96 98 48 110;D 144 98 246E0C72;D 192 98 11721F92;
VDM CONTROLLER 1
VDM1 146 47A6 R 240 98 48 146;D 288 98 129209FB01960292029610B2;D 336 98 14B206D70EDB;R 0 99 48 110;R 48 99 48 110;R 96 99 48 110;D 144 99 236E0D72;D 192 99 0F722192;
VDM1 147 A991 R 240 99 48 146;D 288 99 139207FB0592019601B201FB0CB201FB01B2;D 336 99 04B201FB03B201FB03B201FB01B203FB03B207D70DDB;R 0 100 48 110;R 48 100 48 110;
VDM1 148 BD36 R 96 100 48 110;D 144 100 236E0D72;D 192 100 0F722192;R 240 100 48 146;D 288 100 169201FB0892019601FB0CB201FB01B201FB;
VDM1 149 984A D 336 100 03B201FB01B201FB02B202FB01B202FB01B201FB02B201FB02B207D70DDB;R 0 101 48 110;R 48 101 48 110;R 96 101 48 110;D 144 101 1C6E0172046E0F72;
VDM1 150 A07C D 192 101 0E722292;R 240 101 48 146;D 288 101 1F92019601FB01B201FB0AB201FB01B201FB;D 336 101 03B201FB01B201FB02B201FB01B201FB01B201FB01B203FB03B207D70DDB;
VDM1 151 C941 R 0 102 48 110;R 48 102 48 110;R 96 102 48 110;D 144 102 1F6E1172;D 192 102 0C722492;R 240 102 48 146;D 288 102 209204FB09B201FB01B201FB;
VDM1 152 A10A D 336 102 03B201FB01B201FB02B201FB03B201FB01B201FB02B201FB02B207D70DDB;R 0 103 48 110;R 48 103 48 110;R 96 103 48 110;D 144 103 1D6E1372;D 192 103 0B722592;
VDM1 153 9951 R 240 103 48 146;D 288 103 1D920296019202B201FB05B201FB05B201FB01B2;D 336 103 04B201FB03B201FB03B201FB01B203FB03B207D70DDB;R 0 104 48 110;R 48 104 48 110;
VDM1 154 4BCD R 96 104 48 110;D 144 104 1B6E1572;D 192 104 0A722692;R 240 104 48 146;D 288 104 1E920196019210B2;D 336 104 14B208D70CDB;R 0 105 48 110;R 48 105 48 110;
VDM1 155 5FD0 R 96 105 48 110;D 144 105 1B6E1572;D 192 105 0A722692;R 240 105 48 146;D 288 105 1E920196019210B2;D 336 105 14B208D70CDB;R 0 106 48 110;R 48 106 48 110;
VDM1 156 4A10 R 96 106 48 110;D 144 106 1A6E1672;D 192 106 09722792;R 240 106 48 146;D 288 106 1E9201960292069609B6;D 336 106 13B601B709D70BDB;R 0 107 48 110;
VDM1 157 B656 R 48 107 48 110;R 96 107 48 110;D 144 107 176E1972;D 192 107 07722992;R 240 107 48 146;D 288 107 1E9202960192069609B6;D 336 107 14B601B708D70BDB;
VDM1 158 9671 R 0 108 48 110;R 48 108 48 110;R 96 108 48 110;D 144 108 156E1B72;D 192 108 06722A92;R 240 108 48 146;D 288 108 1E9202960292069608B6;
VDM1 159 E0BC D 336 108 14B602B708D70ADB;R 0 109 48 110;R 48 109 48 110;R 96 109 48 110;D 144 109 146E1C72;D 192 109 05722B92;R 240 109 48 146;
VDM1 160 933F D 288 109 1E9202960392059608B6;D 336 109 15B601B708D70ADB;R 0 110 48 110;R 48 110 48 110;R 96 110 48 110;D 144 110 146E1C72;D 192 110 05722B92;
VDM1 161 9FA5 R 240 110 48 146;D 288 110 179209FB0392059608B6;D 336 110 15B601B708D70ADB;R 0 111 48 110;R 48 111 48 110;R 96 111 48 110;D 144 111 126E1E72;
VDM1 162 B932 D 192 111 0372019201722B92;R 240 111 48 146;D 288 111 15920DFB0192059608B6;D 336 111 15B601B709D709DB;D 0 112 186E02FB166E;R 48 112 48 110;R 96 112 48 110;
VDM1 163 A732 D 144 112 0F6E2172;D 192 112 02722E92;R 240 112 48 146;D 288 112 14920AFB01920196019202FB059608B6;D 336 112 16B601B708D709DB;
VDM1 164 7E5F D 0 113 146E018E01D6016901D602FB01D6016901D6018D126E;R 48 113 48 110;R 96 113 48 110;D 144 113 0D6E2372;D 192 113 01722F92;R 240 113 48 146;
VDM1 165 9A78 D 288 113 13920BFB01920196029202FB059601B606B2;D 336 113 0CB20AB601B709D708DB;D 0 114 146E01D608FB01D6126E;R 48 114 48 110;R 96 114 48 110;
VDM1 166 71E8 D 144 114 0C6E23720192;R 192 114 48 146;R 240 114 48 146;D 288 114 129203FB019208FB01920196039201FB059601B603FB03B2;
VDM1 167 7C96 D 336 114 01B202FB03B201FB03B201FB01B20AB602B708D708DB;D 0 115 146E016902FB01D6026901D602FB0169126E;R 48 115 48 110;R 96 115 48 110;D 144 115 0C6E23720192;
VDM1 168 7965 R 192 115 48 146;R 240 115 48 146;D 288 115 119205FB019204FB014902FB01920196039202FB049601B601FB02B201FB02B2;
VDM1 169 9BA6 D 336 115 01FB02B201FB02B202FB01B202FB01B20AB602B708D708DB;D 0 116 146E01D601FB01D6046E01D601FB01D6126E;R 48 116 48 110;R 96 116 48 110;
VDM1 170 EA89 D 144 116 0B6E1272066E0372056E03720292;R 192 116 48 146;R 240 116 48 146;D 288 116 119207FB07490296039201FB049601B603FB03B2;
VDM1 171 EA0D D 336 116 04FB02B201FB01B201FB01B201FB01B20BB601B709D707DB;D 0 117 136E03FB0169046E016903FB116E;R 48 117 48 110;R 96 117 48 110;
VDM1 172 D159 D 144 117 076E1672076E0172076E0492;R 192 117 48 146;R 240 117 48 146;D 288 117 119206FB094901920196029201FB049601B601FB02B201FB02B2;
VDM1 173 FA5B D 336 117 01FB02B201FB02B201FB03B201FB01B20BB602B708D707DB;D 0 118 136E03FB0169046E016903FB116E;R 48 118 48 110;R 96 118 48 110;D 144 118 066E1672106E01720392;
VDM1 174 71D7 R 192 118 48 146;R 240 118 48 146;D 288 118 119206FB094901920196029201FB049601B601FB02B201FB02B2;D 336 118 01FB02B201FB02B201FB03B201FB01B20CB601B709D706DB;
VDM1 175 1A93 D 0 119 146E01D601FB01D6046E01D601FB01D6126E;R 48 119 48 110;R 96 119 48 110;D 144 119 066E1672106E01720392;R 192 119 48 146;R 240 119 48 146;
VDM1 176 5EE5 D 288 119 119206FB094901920196029202FB039601B606B2;D 336 119 0CB20CB601B709D706DB;D 0 120 146E016902FB01D6026901D602FB0169126E;R 48 120 48 110;R 96 120 48 110;
VDM1 177 2703 D 144 120 026E1A72106E01720392;R 192 120 48 146;R 240 120 48 146;D 288 120 119205FB0B4905FB039601B606B2;D 336 120 0CB20DB609D706DB;
VDM1 178 90EF D 0 121 146E01D608FB01D6126E;R 48 121 48 110;D 96 121 2F6E0172;D 144 121 1C72106E01720392;R 192 121 48 146;R 240 121 48 146;
VDM1 179 5E56 D 288 121 119206FB094906FB039601B606B2;D 336 121 18B201B609D706DB;D 0 122 146E018D01D6016901D602FB01D6016901D6018D126E;R 48 122 48 110;D 96 122 2D6E0372;
VDM1 180 9BA0 D 144 122 0A72019202B60F72046E017201920172036E02920172036E01720392;R 192 122 48 146;R 240 122 48 146;D 288 122 119206FB094905FB049601B601FB02B201FB02B2;
VDM1 181 9C39 D 336 122 01B203FB03B202FB04B203FB02B204FB02B201B601B709D705DB;D 0 123 186E02FB166E;R 48 123 48 110;D 96 123 2B6E037201920196;
VDM1 182 072A D 144 123 03B6019601920472019203DB01920E72026E017201B702FB01DB0196019201D702FB01DB0192026E01720392;D 192 123 0B9202B6119201B601D71092;R 240 123 48 146;
VDM1 183 2A74 D 288 123 119206FB094905FB049601B601FB02B201FB02B2;D 336 123 01FB05B201FB02B201FB02B201FB05B201FB05B201B601B70AD704DB;R 0 124 48 110;R 48 124 48 110;
VDM1 184 48D6 D 96 124 2B6E037201920196;D 144 124 03B6019601920472019203DB01920E72026E017201B702FB01DB0196019201D702FB01DB0192026E01720392;
VDM1 185 30A5 D 192 124 0B9202B6119201B601D71092;R 240 124 48 146;D 288 124 119207FB0749019205FB049601B601FB02B201FB02B2;
VDM1 186 143B D 336 124 01B202FB03B204FB02B201FB01B202FB02B202FB04B201B601B70AD704DB;R 0 125 48 110;D 48 125 0B6E0472216E;D 96 125 286E057201BB02DB;
VDM1 187 ADF9 D 144 125 06DB01B6027201B604DB0E72026E01B70AFB01DB0192016E01720392;D 192 125 089202B602DB01B60E92019601B603DB1092;R 240 125 48 146;
VDM1 188 CD47 D 288 125 129203FB019205FB014904FB019201FB019202FB0192049601FB02B201FB02B2;D 336 125 03B201FB02B201FB02B201FB02B201FB03B201FB01B201FB05B201B602B709D704DB;
VDM1 189 37A0 R 0 126 48 110;D 48 126 0B6E07721E6E;D 96 126 256E077201B603DB;D 144 126 07DB01BB019201B604DB057201B601920772016E019201DB0BFB01B6016E0492;
VDM1 190 0681 D 192 126 089201B703DB01B60E9201B604DB1092;R 240 126 48 146;D 288 126 139201FB019201FB01920AFB019602FB0292049601B202FB03B2;
VDM1 191 0F91 D 336 126 03FB03B201FB02B201FB03B203FB02B204FB02B202B601B70AD703DB;R 0 127 48 110;D 48 127 096E0B721C6E;D 96 127 236E087201B704DB;
VDM1 192 C457 D 144 127 08DB0196019203DB01B60372019201B601DB01920272016E03720192017201920CFB01B7016E03920172;D 192 127 0272079203DB01B60F9204DB1092;R 240 127 48 146;
VDM1 193 20BC D 288 127 139202FB01920AFB019203FB0292049606B2;D 336 127 18B202B602B70AD702DB;R 0 128 48 110;D 48 128 096E0D721A6E;D 96 128 1F6E0172026E087201B705DB;
VDM1 194 3AA7 B 144 128 B6B6B6B6B7DBDBDB927296DBDB92727292B6DBDB726E6E6E6E6E6E729292FBFBFBFBFBFB07FBFBFBFBFBB67292726E6E;D 192 128 036E0172059203DB01B60F9204DB1092;
VDM1 195 9E9C R 240 128 48 146;D 288 128 14920FFB019201960292029601B606B2;D 336 128 18B203B601B70AD702DB;R 0 129 48 110;D 48 129 096E0D721A6E;
VDM1 196 E6D1 D 96 129 1F6E0172026E087201B705DB;B 144 129 B6B6B6B6B7DBDBDB927296DBDB92727292B6DBDB726E6E6E6E6E6E729292FBFBFBFBFBFB07FBFBFBFBFBB67292726E6E;
VDM1 197 D7EB D 192 129 036E0172059203DB01B60F9204DB1092;R 240 129 48 146;D 288 129 15920DFB029201960292029607B6;D 336 129 1BB601B70AD702DB;R 0 130 48 110;
VDM1 198 59FF D 48 130 096E0F72186E;D 96 130 1E6E0B72019204DB01B60172;D 144 130 0572019201DB01B6037202920172029204DB086E0172019201DB0BFB0292046E;
VDM1 199 E18B D 192 130 056E0392019603DB01B60F9204DB1092;R 240 130 48 146;D 288 130 179209FB019201960492049606B6;D 336 130 1CB601B70AD701DB;R 0 131 48 110;
VDM1 200 F1E7 D 48 131 076E1372166E;D 96 131 1B6E0E7201D703DB01960272;D 144 131 067202920472029201B605DB03B60172026E019202B6019201B60AFB01D7029202B60172016E;
VDM1 201 95BB D 192 131 036E017201B603DB01B703DB01B6059201B601B703DB01B701B6039204DB0196059201B601B703DB02B60392;R 240 131 48 146;D 288 131 219201960492049606B6;
VDM1 202 2D8A D 336 131 1CB601B70AD701DB;R 0 132 48 110;D 48 132 086E1372156E;D 96 132 1A6E0E72019204DB0372;
VDM1 203 3F0F D 144 132 0872039201B601DB019201B608DB027201D703FB01D6019201D708FB01DB02B601DB02FB01DB0192;
VDM1 204 2E1A D 192 132 026E019209DB01B6039201B601BB07DB01B7029204DB0492019608DB01B701960192;R 240 132 48 146;D 288 132 209201960492059601B6019604B6;D 336 132 1CB602B70AD7;
VDM1 205 E9C8 R 0 133 48 110;D 48 133 086E1572136E;D 96 133 156E137201B604DB0372;D 144 133 0872019201D703DB019201B608DB017201B605FB01DB01B601D707FB01B601D705FB01DB;
VDM1 206 6877 D 192 133 02720ADB01B6029201B60ADB01B6019204DB0196039201B60ADB0192;R 240 133 48 146;D 288 133 1F9202960392069601B6019604B6;D 336 133 1DB601B70AD7;
VDM1 207 F825 R 0 134 48 110;D 48 134 086E1572136E;D 96 134 156E137201B604DB0372;D 144 134 0872019201D703DB019201B608DB017201B605FB01DB01B601D707FB01B601D705FB01DB;
VDM1 208 F513 D 192 134 02720ADB01B6029201B60ADB01B6019204DB0196039201B60ADB0192;R 240 134 48 146;D 288 134 1F9202960392069601B6019604B6;D 336 134 1DB601B70AD7;
VDM1 209 CFBC R 0 135 48 110;D 48 135 086E1672126E;D 96 135 146E147201B604DB0372;D 144 135 0872019201B603DB019201B608DB019201DB06FB01DB01B601DB05FB01D701DB07FB;
VDM1 210 544E D 192 135 019201B60ADB01B6029201B70BDB019204DB0196039201B60ADB01B6;R 240 135 48 146;D 288 135 1F9201960492059607B6;D 336 135 1EB601B709D7;R 0 136 48 110;
VDM1 211 A354 D 48 136 086E1772116E;D 96 136 116E177201B704DB0372;D 144 136 0772039203DB029201B604DB0392017201DB08FB01DB05FB01DB08FB;
VDM1 212 BDD2 D 192 136 019205DB01B6019201B603DB01B6019201B605DB03B604DB019604DB01B6049201B601DB04B605DB;R 240 136 48 146;D 288 136 1F9201960492059607B6;
VDM1 213 4B33 D 336 136 1FB601B708D7;R 0 137 48 110;D 48 137 086E19720F6E;D 96 137 0F6E197201B704DB0372;D 144 137 0572059203DB029201B604DB046E01B616FB01DB;
VDM1 214 DE01 B 192 137 92DBDBDBDBB69696B6DBDBDBB796B6DBDBDBDBB69696B6DBDBDBDB92DBDBDBDBB69696929296B692929292B6DBDBDBDB;D 240 137 01B62F92;D 288 137 2392069607B6;
VDM1 215 8901 D 336 137 20B601B707D7;R 0 138 48 110;D 48 138 086E19720F6E;D 96 138 0F6E197201B704DB0372;D 144 138 0572059203DB029201B604DB046E01B616FB01DB;
VDM1 216 1710 B 192 138 92DBDBDBDBB69696B6DBDBDBB796B6DBDBDBDBB69696B6DBDBDBDB92DBDBDBDBB69696929296B692929292B6DBDBDBDB;D 240 138 01B62F92;D 288 138 1B9201FB0792069607B6;
VDM1 217 1A42 D 336 138 20B601B707D7;R 0 139 48 110;D 48 139 086E1472019205720E6E;D 96 139 0E6E1A7201B604DB0372;D 144 139 0372079203DB029201B603DB01BB046E019201DB15FB01B6;
VDM1 218 C377 D 192 139 019604DB01B6029601B603DB01B7019601B704DB03B601B703DB01B7019604DB01B60396039202B602B701B604DB;D 240 139 01B62F92;D 288 139 179209FB0292079607B6;
VDM CONTROLLER 1
VDM1 219 2192 D 336 139 20B602B706D7;D 0 140 196E03FB146E;D 48 140 086E1572059202720C6E;D 96 140 0C6E1C7201B604DB0372;D 144 140 0A9203DB029201B604DB046E019201DB15FB01B2;
VDM1 220 F342 D 192 140 01B604DB019603B603DB01B701B605DB02B601B703DB01B702B604DB01B60496019201B603DB02B604DB;D 240 140 01B62F92;D 288 140 15920DFB079607B6;
VDM1 221 A55C D 336 140 21B601B706D7;D 0 141 196E03FB146E;D 48 141 086E1572069203720A6E;D 96 141 096E0172016E1D72019204DB019201720192;
VDM1 222 F978 D 144 141 0A9203DB029201B604DB046E01B616FB01DB;D 192 141 01B603DB01B7019203B603DB01B701B605DB01B601D702DB01B704B604DB06B603DB01B6019601B604DB;
VDM1 223 B1E1 D 240 141 01B601962E92;D 288 141 14920FFB059602B606B2;D 336 141 18B20AB601B705D7;D 0 142 186E04FB146E;D 48 142 096E12720A920272096E;
VDM1 224 967D D 96 142 086E2072019201B703DB01B60292;D 144 142 0692019601B6029203DB029201B604DB046E01DB08FB01DB05FB01DB08FB;
VDM1 225 1C7B D 192 142 01B704DB019203B603DB01B701B601B704DB09B604DB05B604DB03B604DB;D 240 142 01B602962D92;D 288 142 139203FB04490AFB039603B601B203FB02B2;
VDM1 226 6579 D 336 142 01B202FB03B203FB03B204FB08B209B603B704D7;D 0 143 146E01FB036E03FB026E01FB126E;D 48 143 096E12720A920272096E;D 96 143 086E2072019201B703DB01B60292;
VDM1 227 2E66 D 144 143 0692019601B6029203DB029201B604DB046E01DB08FB01DB05FB01DB08FB;D 192 143 01B704DB019203B603DB01B701B601B704DB09B604DB05B604DB03B604DB;
VDM1 228 FC75 D 240 143 01B602962D92;D 288 143 139203FB034901FB014909FB039603B601FB05B2;D 336 143 01FB02B201FB02B201FB02B201FB02B201FB0BB209B603B704D7;
VDM1 229 875C D 0 144 136E03FB026E03FB016E03FB116E;D 48 144 096E13720B920272076E;D 96 144 076E2272019204DB01B70192;
VDM1 230 990D D 144 144 059201B601DB01B7029203DB0196019201B604DB0172036E01DB07FB01D601DB05FB01D701DB07FB;
VDM1 231 F10E D 192 144 01B604DB019203B603DB01B702B605DB04B601DB03B604DB05B604DB02B601B704DB;D 240 144 02B60596029203962492;D 288 144 129207FB02490AFB019604B601FB05B2;
VDM1 232 76B1 D 336 144 01FB02B201FB02B203FB03B202FB06B201FB03B20CB602B702D7;D 0 145 126E04FB026E03FB016E04FB106E;D 48 145 096E13720D920172046E0172016E;
VDM1 233 A7FE D 96 145 066E2272029201B605DB;B 144 145 BBB7B7B7DBDBDBDB9296DBDBDB9692B6DBDBDBDBBB96B672B6FBFBFBFBFBDBB6DBFBFBFBFBFBFBFBB6D7FBFBFBFBFBDB;
VDM1 234 1136 D 192 145 019207DB01D703DB01B702B60BDB02B605DB01B701DB01B607DB01B604DB;D 240 145 05B60C961F92;D 288 145 129208FB024909FB05B601FB05B2;
VDM1 235 48B0 D 336 145 01FB02B201FB02B201FB02B201FB02B201FB0BB20EB601B701D7;D 0 146 116E04FB036E03FB026E04FB0F6E;D 48 146 0A6E12720F920172046E;
VDM1 236 9BBF D 96 146 0172046E2272049201B704DB;D 144 146 08DB01B6019603DB01B6029207DB0192017201D703FB01DB01B601D709FB01B601B701DB02FB01DB0192;
VDM1 237 DF34 D 192 146 016D01B606DB01B703DB01D703B60BDB01B607DB01B601B706DB01B604DB;D 240 146 01DB08B608961F92;D 288 146 129208FB014901FB014908FB05B601B203FB02B2;
VDM1 238 D306 D 336 146 01B202FB03B201FB02B201FB02B204FB04B201FB03B20FB601B7;D 0 147 106E04FB046E02FB046E01DB03FB0E6E;D 48 147 0B6E12720F920272026E;
VDM1 239 A16A D 96 147 016E0172026E2172079201B603DB;D 144 147 07DB01B7029203DB01B6029201B606DB01B6026E019204B60AFB01DB04B60192016E;
VDM1 240 BB2B D 192 147 016E017206DB01B603DB01D703B601D709DB02B601B707DB01B606DB01B604DB;D 240 147 01DB0CB60996029202961692;D 288 147 129208FB024901FB014907FB05B606B2;
VDM1 241 212E D 336 147 18B210B6;D 0 148 106E04FB046E02FB046E01DB03FB0E6E;D 48 148 0B6E12720F920272026E;D 96 148 016E0172026E2172079201B603DB;
VDM1 242 1F92 D 144 148 07DB01B7029203DB01B6029201B606DB01B6026E019204B60AFB01DB04B60192016E;D 192 148 016E017206DB01B603DB01D703B601D709DB02B601B707DB01B606DB01B604DB;
VDM1 243 C10D D 240 148 01DB0CB60996029202961692;D 288 148 119208FB014901FB034908FB04B606B2;D 336 148 18B210B6;D 0 149 116E04FB026E03FB036E04FB0F6E;
VDM1 244 C8C2 D 48 149 0A6E13721192026E;D 96 149 046E1F720A9201B702DB;D 144 149 05DB01B701B6029201B603DB01B6039201B605DB0192046E029201DB0BFB02B6046E;
VDM1 245 F50B D 192 149 026E017201BB03DB01B701B603DB01D704B601B707DB04B601D705DB01B701B601B704DB02B601B702DB01D7;D 240 149 13B60C961192;
VDM1 246 5A93 D 288 149 129207FB024902FB024906FB05B606B2;D 336 149 1EB20AB6;D 0 150 126E04FB016E03FB026E04FB106E;D 48 150 0A6E137212920172;D 96 150 016E21720D920196;
VDM1 247 D9E6 D 144 150 04B607920296059203B60192046E0172019201B601920CFB01B6019201B60192026E;D 192 150 036E019202B70EB601B701D701B708B602B706B602B707B6;
VDM1 248 781E D 240 150 17B60D960C92;D 288 150 129206FB024904FB024905FB05B601FB05B2;D 336 150 01B202FB03B201FB03B201FB01B203FB03B203FB04B202FB03B20AB6;
VDM1 249 EC82 D 0 151 136E03FB016E03FB026E03FB116E;D 48 151 0B6E13721292;D 96 151 21720F92;D 144 151 0D9201960292049601B6059203B601920CFB01D7016E03B60192;D 192 151 02922EB6;
VDM1 250 4A13 D 240 151 1BB60C96019203960592;D 288 151 129205FB024905FB014901FB014904FB05B601FB05B2;
VDM1 251 6E73 B 336 151 FBB2B2FBB2B2FBFBB2FBFBB2FBB2B2FBB2B2FBB2B2FBB2B2FBB2B2FBB2B2B6B6B6B6B6B6B6B6B6B6;D 0 152 146E01FB026E03FB036E01FB126E;
VDM1 252 E457 D 48 152 0C6E12720F92019601920196;D 96 152 02921D721192;D 144 152 0D920196019203960AB602920CFB01B6016E04B6;R 192 152 48 182;D 240 152 21B608960792;
VDM1 253 448C D 288 152 129205FB014907FB024904FB05B601FB05B2;D 336 152 04FB02B201FB01B201FB01B201FB01B203FB03B201FB02B201FB02B204FB02B2029608B6;D 0 153 166E01D603FB166E;
VDM1 254 7B09 D 48 153 0C6E12720F92019601920196;D 96 153 02921D721192;D 144 153 0D920196019203960AB602920CFB01B6016E04B6;R 192 153 48 182;D 240 153 21B608960792;
VDM1 255 DCCC D 288 153 139203FB014909FB044906B601FB05B2;B 336 153 FBB2B2FBB2B2FBB2B2B2FBB2FBB2B2FBB2B2FBB2B2FBB2B2FBB2B2FBB2B29696B6B6B6B6B6B6B6B6;D 0 154 166E01D702FB176E;
VDM1 256 E532 D 48 154 0C6E12720F920396;D 96 154 019602921B721292;D 144 154 0D9203960CB60172016E01D70AFB01DB0192016E019203B6;D 192 154 12B609B715B6;D 240 154 25B608960392;
VDM1 257 6D42 D 288 154 139211FB06B604FB02B2;D 336 154 01FB02B201FB02B201FB03B201FB01B203FB03B203FB03B201FB02B201FB02B20592019604B6;D 0 155 166E01D602FB176E;
VDM1 258 EFE0 D 48 155 0D6E12720E920396;D 96 155 03B6029219721292;D 144 155 099205960DB60192026E017201B601DB01FB01DB029201D703DB0192026E019203B6;
VDM1 259 53E7 D 192 155 0AB604B70ED706B70EB6;D 240 155 2AB60696;D 288 155 05960D9202960FFB07B606B2;D 336 155 1EB203720592019601B6;R 0 156 48 110;D 48 156 0D6E12720F9202B6;
VDM1 260 B491 D 96 156 04B60196029216721392;D 144 156 079206960EB60192046E017201920172036E0272046E019203B6;D 192 156 03B604B71DD704B708B6;R 240 156 48 182;
VDM1 261 3DA7 D 288 156 01B614960DFB08B606B2;D 336 156 1EB208720292;R 0 157 48 110;D 48 157 0D6E12720F9202B6;D 96 157 04B60196029216721392;
VDM1 262 17CB D 144 157 079206960EB60192046E017201920172036E0272046E019203B6;D 192 157 03B604B71DD704B708B6;R 240 157 48 182;D 288 157 01B6149602B609FB10B6;
VDM1 263 6CFC D 336 157 01B60396109212720292;R 0 158 48 110;D 48 158 0D6E12720F92019601B6;D 96 158 06B60196019214721492;D 144 158 06920196019204960FB60192106E019202B601B7;
VDM1 264 FEA0 D 192 158 01B72BD702B702B6;R 240 158 48 182;D 288 158 09B60A9608B601FB14B6;D 336 158 029610921672;R 0 159 48 110;D 48 159 0E6E12720E920296;
VDM1 265 DF9F D 96 159 08B60196019210721692;D 144 159 0692049612B601720F6E01B603D7;R 192 159 48 215;D 240 159 01D601D702B72CB6;R 288 159 48 182;D 336 159 02960F921772;
VDM1 266 4FB2 R 0 160 48 110;D 48 160 0E6E12720E920296;D 96 160 019609B602920D721792;D 144 160 0592049613B601920F6E01B703D7;R 192 160 48 215;D 240 160 06D702B728B6;
VDM1 267 9793 D 288 160 1EB601B701D701B70EB60196;D 336 160 02960D921372066E;R 0 161 48 110;D 48 161 0F6E11720F920196;D 96 161 029609B6019602920B721792;
VDM1 268 1D71 D 144 161 019201960292049615B6066E0292066E019204D7;D 192 161 0DD70FDB02D705DB0DD7;D 240 161 0BD702B723B6;D 288 161 1BB601B703D701B70FB60196;
VDM1 269 0326 D 336 161 01960D921172096E;R 0 162 48 110;D 48 162 0F6E11720F920196;D 96 162 029609B6019602920B721792;D 144 162 019201960292049615B6066E0292066E019204D7;
VDM1 270 C385 D 192 162 0DD70FDB02D705DB0DD7;D 240 162 0BD702B723B6;D 288 162 1BB601B703D701B70FB60196;D 336 162 01960D921172096E;R 0 163 48 110;D 48 163 0F6E12720F92;
VDM1 271 0674 D 96 163 02960CB60A721892;D 144 163 0292049617B602920272019201B203B602920172029201B604D7;D 192 163 09D720DB07D7;D 240 163 10D702B71EB6;
VDM1 272 2206 D 288 163 1AB605D70FB60296;D 336 163 01960D920E720C6E;R 0 164 48 110;D 48 164 0F6E12720F92;D 96 164 019202960BB60292057201920172019201721792;
VDM1 273 5140 D 144 164 019204961EB601B702D704B606D7;D 192 164 05D72BDB;D 240 164 14D702B71AB6;D 288 164 16B601B708D70EB602960192;D 336 164 0D920E720D6E;R 0 165 48 110;
VDM1 274 8EAD D 48 165 106E13720D92;D 96 165 029201960DB602920472189201960192;D 144 165 04961DB601B70ED7;D 192 165 02D72EDB;D 240 165 06DB13D703B714B6;
VDM1 275 879D D 288 165 15B601D703DB05D701B70EB601960292;D 336 165 0C920E720E6E;R 0 166 48 110;D 48 166 116E13720C92;D 96 166 029202960EB60292037216920396;
VDM1 276 128E D 144 166 03961CB602B70FD7;R 192 166 48 219;D 240 166 0BDB11D702B712B6;D 288 166 13B601D704DB06D701B70DB602960292;D 336 166 0B920F720E6E;R 0 167 48 110;
VDM1 277 B510 D 48 167 116E13720C92;D 96 167 029202960EB60292037216920396;D 144 167 03961CB602B70FD7;R 192 167 48 219;D 240 167 0BDB11D702B712B6;
VDM1 278 D781 D 288 167 13B601D704DB06D701B70DB602960292;D 336 167 0B920F720E6E;R 0 168 48 110;D 48 168 116E13720C92;D 96 168 039202960EB60392017217920296;
VDM1 279 0E07 D 144 168 02961BB602B70ED703DB;R 192 168 48 219;D 240 168 0EDB12D702B70EB6;D 288 168 11B601D706DB06D70EB601960392;D 336 168 0B920E720F6E;R 0 169 48 110;
VDM1 280 DA20 D 48 169 126E13720B92;D 96 169 039203960BB601B703B618920396;D 144 169 01961CB60FD704DB;R 192 169 48 219;D 240 169 13DB11D703B709B6;
VDM1 281 E743 D 288 169 0EB601B701D708DB06D70DB601960492;D 336 169 0A920E72106E;D 0 170 106E12FB0E6E;D 48 170 136E13720A92;D 96 170 059201960DB601D702B701B616920396;
VDM1 282 8E95 D 144 170 1CB601B70DD706DB;R 192 170 48 219;D 240 170 18DB0FD703B706B6;D 288 170 0CB601B70BDB06D70CB602960492;D 336 170 09920F72106E;D 0 171 106E12FB0E6E;
VDM1 283 D6CA D 48 171 146E12720A92;D 96 171 069202960CB603D702B6129201960192029601B6;D 144 171 18B604B70CD708DB;R 192 171 48 219;D 240 171 1BDB01D701DB0DD703B702B601B7;
VDM1 284 A7B2 D 288 171 0AB601B70DDB05D701B70CB601960592;D 336 171 09920F72106E;D 0 172 106E11FB01DB0E6E;D 48 172 146E12720A92;
VDM1 285 64D3 D 96 172 069202960CB603D702B6129201960192029601B6;D 144 172 18B604B70CD708DB;R 192 172 48 219;D 240 172 1BDB01D701DB0DD703B702B601B7;
VDM1 286 A820 D 288 172 0AB601B70DDB05D701B70CB601960592;D 336 172 09920F72106E;D 0 173 106E02FB01B20DFB01DB01FB0E6E;D 48 173 146E13720992;
VDM1 287 9140 D 96 173 079202960BB601B704D702B60F9201960192029602B6;D 144 173 19B602B70CD709DB;R 192 173 48 219;D 240 173 1FDB0ED703B7;
VDM1 288 24FF D 288 173 01B601B707B601D70DDB06D70CB602960592;D 336 173 09920D72126E;D 0 174 106E02FB01DB016E0CFB01DB01D70E6E;D 48 174 156E13720892;
VDM1 289 D978 D 96 174 089202960BB601B704D701B701B601960C92049603B6;D 144 174 18B601B70CD70BDB;R 192 174 48 219;D 240 174 22DB0ED7;
VDM1 290 69D0 D 288 174 01D701B705B601D70FDB05D70DB601960692;D 336 174 08920E72126E;D 0 175 106E03FB018D016E0AFB02DB01D70E6E;D 48 175 166E13720792;
VDM1 291 4E43 D 96 175 099202960CB605D701B701B60A9201960192039603B6;D 144 175 17B601B70BD70DDB;R 192 175 48 219;D 240 175 26DB0AD7;
VDM1 292 7F48 D 288 175 02D702B702D711DB04D702B70CB60792;D 336 175 08920D72136E;D 0 176 106E04FB01B2016E08FB01DB02D701D60E6E;D 48 176 166E13720792;
VDM CONTROLLER 1
VDM1 293 90E3 D 96 176 099202960CB605D701B701B60A9201960192039603B6;D 144 176 17B601B70BD70DDB;R 192 176 48 219;D 240 176 26DB0AD7;
VDM1 294 0390 D 288 176 02D702B702D711DB04D702B70CB60792;D 336 176 08920D72136E;D 0 177 106E05FB018E016E06FB01DB02D702D60E6E;D 48 177 176E13720692;
VDM1 295 1BEA D 96 177 0A9202960CB606D701B60A92039604B6;D 144 177 15B602B70BD70EDB;D 192 177 26DB01FB09DB;D 240 177 29DB07D7;D 288 177 04D713DB04D70DB601960792;
VDM1 296 92B7 D 336 177 07920E72136E;D 0 178 106E05FB018E016E06FB02D702D601B60E6E;D 48 178 176E14720592;D 96 178 0C9202960BB601B703D701DB01D701B701B60892029605B6;
VDM1 297 1A3B D 144 178 14B601B709D701DB02D70FDB;D 192 178 1BDB15FB;D 240 178 02FB29DB05D7;D 288 178 03D713DB04D701B70CB602960792;D 336 178 07920D72146E;
VDM1 298 F07F D 0 179 106E04FB018E016E05FB01DB02D703D601B60E6E;D 48 179 186E14720492;D 96 179 0D9201960BB602B703D703DB02B601960292049606B6;
VDM1 299 A8A7 D 144 179 13B601B709D701DB01D711DB;D 192 179 17DB19FB;D 240 179 06FB29DB01D7;D 288 179 04DB02FB0FDB05D70DB602960792;D 336 179 06920E72146E;
VDM1 300 54DE D 0 180 106E03FB026E06FB02D703D602B20E6E;D 48 180 196E14720392;D 96 180 0E9201960CB601B703D703DB01D703B601960192029606B6;D 144 180 12B601B70AD713DB;
VDM1 301 BCEE D 192 180 13DB1DFB;D 240 180 0BFB25DB;D 288 180 04DB02FB0FDB05D70CB601960992;D 336 180 05920E72156E;D 0 181 106E02FB01B2016E04FB02DB01D703B2028E01B601B20E6E;
VDM1 302 DB64 D 48 181 196E14720392;D 96 181 0E9201960CB601B703D703DB01D703B601960192029606B6;D 144 181 12B601B70AD713DB;D 192 181 13DB1DFB;D 240 181 0BFB25DB;
VDM1 303 F4EE D 288 181 04DB02FB0FDB05D70CB601960992;D 336 181 05920E72156E;D 0 182 106E02FB016D01D703FB03DB01D7056E02B20E6E;D 48 182 196E15720292;
VDM1 304 CD9A D 96 182 0F9201960CB602B702D705DB01B70AB6;D 144 182 10B602B70BD713DB;D 192 182 10DB20FB;D 240 182 10FB20DB;D 288 182 05FB0FDB05D701B70BB601960A92;
VDM1 305 4EF9 D 336 182 05920E72156E;D 0 183 106E07FB02DB01D703D601B602B2019201B20E6E;D 48 183 1B6E13720292;D 96 183 0F9202960DB603D706DB01D708B6;D 144 183 0FB602B70BD714DB;
VDM1 306 9C2C D 192 183 0DDB23FB;D 240 183 14FB1ADB02FB;D 288 183 05FB0EDB05D701B70CB601960A92;D 336 183 04920F72156E;D 0 184 106E06FB02DB01D703D601B604B2018E0E6E;
Auto-reconnect failed
Hard-resetting BLE client: auto reconnect failed
Next reconnect attempt in 2082 ms
VDM1 307 599D D 48 184 1B6E14720192;D 96 184 119202960CB601B703D706DB07B6;D 144 184 0DB602B70CD715DB;D 192 184 0CDB24FB;D 240 184 16FB16DB04FB;
VDM1 308 B74C D 288 184 06FB0DDB04D701B70CB601960B92;D 336 184 03920F72166E;D 0 185 106E05FB02DB01D703D601B604B2018E01690E6E;D 48 185 1B6E1572;
VDM1 309 234B D 96 185 139201960CB601B704D706DB05B6;D 144 185 0EB60CD716DB;D 192 185 0ADB26FB;D 240 185 1AFB10DB06FB;D 288 185 05FB0DDB05D70CB602960B92;
VDM1 310 D909 D 336 185 03920E72176E;R 0 186 48 110;D 48 186 1B6E1572;D 96 186 139201960CB601B704D706DB05B6;D 144 186 0EB60CD716DB;D 192 186 0ADB26FB;D 240 186 1AFB10DB06FB;
VDM1 311 4F53 D 288 186 05FB0DDB05D70CB602960B92;D 336 186 03920E72176E;R 0 187 48 110;D 48 187 1C6E1472;D 96 187 0272129202960CB601B704D706DB03B6;
VDM1 312 1F48 D 144 187 0DB601D60AD718DB;D 192 187 09DB27FB;D 240 187 1CFB0DDB07FB;D 288 187 05FB0CDB05D70CB602960C92;D 336 187 02920F72176E;R 0 188 48 110;
VDM1 313 BAC6 D 48 188 1D6E1372;D 96 188 0272129203960DB601B704D705DB01D701B6;D 144 188 0DB60AD719DB;D 192 188 07DB29FB;D 240 188 1EFB09DB09FB;
VDM1 314 27C9 D 288 188 05FB0BDB04D701B70CB602960D92;D 336 188 01920F72186E;R 0 189 48 110;D 48 189 1F6E1172;D 96 189 0472139202960DB604D706DB;
VDM1 315 27F2 D 144 189 01D70AB601B709D71BDB;D 192 189 04DB2CFB;D 240 189 21FB03DB0CFB;D 288 189 04FB0BDB04D701B70DB601960E92;D 336 189 01920F72186E;R 0 190 48 110;
VDM1 316 D2C4 D 48 190 1F6E1172;D 96 190 0572139203960CB601B704D704DB;D 144 190 02DB02D705B602B709D71CDB;D 192 190 03DB2DFB;R 240 190 48 251;
VDM1 317 2FF8 D 288 190 03FB0BDB04D701B70DB602960E92;D 336 190 1072186E;R 0 191 48 110;D 48 191 1F6E1172;D 96 191 0572139203960CB601B704D704DB;
VDM1 318 92FD D 144 191 02DB02D705B602B709D71CDB;D 192 191 03DB2DFB;R 240 191 48 251;D 288 191 03FB0BDB04D701B70DB602960E92;D 336 191 1072186E;R 0 192 48 110;
VDM1 319 6535 D 48 192 1F6E1172;D 96 192 0772139201960DB602B703D703DB;D 144 192 05DB01D701B701B60BD71DDB;D 192 192 01DB2FFB;R 240 192 48 251;
VDM1 320 4256 D 288 192 02FB0BDB05D701B70CB602960E920172;D 336 192 0F72196E;R 0 193 48 110;D 48 193 206E1072;D 96 193 0872129204960DB601B702D702DB;
VDM1 321 E3B3 D 144 193 07DB09D71EDB02FB;R 192 193 48 251;R 240 193 48 251;D 288 193 01FB0BDB05D70DB60196019201960E920172;D 336 193 0E721A6E;R 0 194 48 110;
VDM1 322 5FF4 D 48 194 216E0F72;D 96 194 0872159201960FB603D7;D 144 194 0ADB06D71CDB04FB;R 192 194 48 251;R 240 194 48 251;D 288 194 0BDB05D70EB601960F920272;
VDM1 323 9951 D 336 194 0E721A6E;R 0 195 48 110;D 48 195 216E0F72;D 96 195 0872159201960FB603D7;D 144 195 0ADB06D71CDB04FB;R 192 195 48 251;R 240 195 48 251;
VDM1 324 7DB5 D 288 195 0BDB05D70EB601960F920272;D 336 195 0E721A6E;R 0 196 48 110;D 48 196 226E0E72;D 96 196 0A72149202960EB601B701D7;D 144 196 03D709DB02D71EDB04FB;
VDM1 325 2831 R 192 196 48 251;D 240 196 2FFB01DB;D 288 196 0ADB05D70DB6029610920272;D 336 196 0E721A6E;R 0 197 48 110;D 48 197 236E0D72;D 96 197 0B72149203960EB6;
VDM1 326 F087 D 144 197 01B704D725DB06FB;R 192 197 48 251;D 240 197 2EFB02DB;D 288 197 09DB04D701B70EB602960F920372;D 336 197 0D721B6E;R 0 198 48 110;D 48 198 246E0C72;
VDM1 327 6B7A D 96 198 0C72159202960DB6;D 144 198 01B602B704D721DB08FB;R 192 198 48 251;D 240 198 2CFB04DB;D 288 198 08DB04D701B70EB603960E920472;D 336 198 0D721B6E;
VDM1 328 A059 R 0 199 48 110;D 48 199 256E0B72;D 96 199 0D72149204960BB6;D 144 199 05B604D71EDB09FB;R 192 199 48 251;D 240 199 2BFB05DB;
VDM1 329 9B50 D 288 199 07DB03D702B70EB603960F920472;D 336 199 0D721B6E;R 0 200 48 110;D 48 200 256E0B72;D 96 200 0D72149204960BB6;D 144 200 05B604D71EDB09FB;
VDM1 330 7B62 R 192 200 48 251;D 240 200 2BFB05DB;D 288 200 07DB03D702B70EB603960F920472;D 336 200 0D721B6E;R 0 201 48 110;D 48 201 266E0A72;
VDM1 331 8D12 D 96 201 0E72159201960192029609B6;D 144 201 07B601B702D71CDB0AFB;R 192 201 48 251;D 240 201 2AFB06DB;D 288 201 05DB05D701B70FB611920572;D 336 201 0C721C6E;
VDM1 332 66A1 R 0 202 48 110;D 48 202 266E0A72;D 96 202 0F721792039607B6;D 144 202 07B602B704D707DB01FB0EDB0DFB;R 192 202 48 251;D 240 202 29FB07DB;
VDM1 333 0170 D 288 202 04DB05D701B70FB6019611920572;D 336 202 0C721C6E;R 0 203 48 110;D 48 203 286E0872;D 96 203 11721792029606B6;D 144 203 0BB601B703D708DB01FB0BDB0DFB;
VDM1 334 0036 R 192 203 48 251;D 240 203 27FB09DB;D 288 203 02DB05D701B710B6019611920672;D 336 203 0C721C6E;R 0 204 48 110;D 48 204 296E0772;D 96 204 12721692059603B6;
VDM1 335 685D D 144 204 0DB604D709DB04FB03DB0FFB;R 192 204 48 251;D 240 204 25FB0BDB;D 288 204 01DB05D701B710B6029610920772;D 336 204 0C721C6E;R 0 205 48 110;
VDM1 336 EC45 D 48 205 296E0772;D 96 205 12721692059603B6;D 144 205 0DB604D709DB04FB03DB0FFB;R 192 205 48 251;D 240 205 25FB0BDB;D 288 205 01DB05D701B710B6029610920772;
VDM1 337 9563 D 336 205 0C721C6E;R 0 206 48 110;D 48 206 2B6E0572;D 96 206 13721992019603B6;D 144 206 0EB602B704D708DB14FB;R 192 206 48 251;D 240 206 24FB0BDB01D7;
VDM1 338 1530 D 288 206 05D710B6029612920772;D 336 206 0C721C6E;R 0 207 48 110;D 48 207 2B6E0572;D 96 207 1472179201960192029601B6;D 144 207 10B602B704D707DB13FB;
VDM1 339 1A12 R 192 207 48 251;D 240 207 22FB0CDB02D7;D 288 207 03D702B710B6019613920772;D 336 207 0B721D6E;R 0 208 48 110;D 48 208 2C6E0472;D 96 208 167217920396;
VDM1 340 C0A7 D 144 208 019612B601B704D708DB10FB;R 192 208 48 251;D 240 208 1FFB0CDB05D7;D 288 208 02D711B6029613920872;D 336 208 0B721D6E;R 0 209 48 110;D 48 209 2D6E0372;
VDM1 341 9751 D 96 209 177218920196;D 144 209 039612B602B704D708DB0DFB;R 192 209 48 251;D 240 209 1DFB0DDB06D7;D 288 209 01B711B602960192019612920872;D 336 209 0A721E6E;
VDM1 342 2E7B R 0 210 48 110;D 48 210 2D6E0372;D 96 210 177218920196;D 144 210 039612B602B704D708DB0DFB;R 192 210 48 251;D 240 210 1DFB0DDB06D7;
VDM1 343 C42F D 288 210 01B711B602960192019612920872;D 336 210 0A721E6E;R 0 211 48 110;D 48 211 2E6E0272;D 96 211 19721792;D 144 211 0292039612B602B704D709DB0AFB;
VDM1 344 D688 R 192 211 48 251;D 240 211 1BFB0EDB05D701B701B6;D 288 211 11B6029614920972;D 336 211 09721F6E;R 0 212 48 110;D 48 212 2E6E0272;D 96 212 1A721692;
VDM1 345 50A2 D 144 212 0492039614B601B703D70ADB07FB;R 192 212 48 251;D 240 212 19FB0EDB05D702B702B6;D 288 212 10B6029614920A72;D 336 212 09721F6E;R 0 213 48 110;
VDM1 346 992A D 48 213 2F6E0172;D 96 213 1B721592;D 144 213 0592059613B605D70ADB04FB;R 192 213 48 251;D 240 213 17FB0EDB05D702B704B6;D 288 213 0EB6039615920A72;
VDM1 347 4EFC D 336 213 09721F6E;R 0 214 48 110;D 48 214 2F6E0172;D 96 214 1B721592;D 144 214 0592059613B605D70ADB04FB;R 192 214 48 251;D 240 214 17FB0EDB05D702B704B6;
VDM1 348 6B86 D 288 214 0EB6039615920A72;D 336 214 09721F6E;R 0 215 48 110;R 48 215 48 110;D 96 215 1D721392;D 144 215 0992039613B601B706D709DB01FB;R 192 215 48 251;
VDM1 349 ED89 D 240 215 14FB0EDB07D701B706B6;D 288 215 0DB6029616920B72;D 336 215 09721F6E;R 0 216 48 110;R 48 216 48 110;D 96 216 016E1D721292;
VDM1 350 6F00 D 144 216 0A92039615B601B706D707DB;D 192 216 03DB2DFB;D 240 216 10FB10DB07D701B708B6;D 288 216 0BB6049614920D72;D 336 216 09721F6E;R 0 217 48 110;
VDM1 351 F893 R 48 217 48 110;D 96 217 036E1C721192;D 144 217 0C92039616B607D704DB;D 192 217 08DB28FB;D 240 217 0CFB11DB08D701B70AB6;D 288 217 0AB6059615920C72;
VDM1 352 CB89 D 336 217 09721F6E;R 0 218 48 110;R 48 218 48 110;D 96 218 046E1D720F92;D 144 218 0E92049616B606D702DB;D 192 218 0CDB24FB;D 240 218 09FB12DB07D702B70CB6;
VDM1 353 5041 D 288 218 0AB602960192019614920E72;D 336 218 09721F6E;R 0 219 48 110;R 48 219 48 110;D 96 219 046E1D720F92;D 144 219 0E92049616B606D702DB;D 192 219 0CDB24FB;
VDM1 354 A42A D 240 219 09FB12DB07D702B70CB6;D 288 219 0AB602960192019614920E72;D 336 219 09721F6E;R 0 220 48 110;R 48 220 48 110;D 96 220 056E1D720E92;
VDM1 355 5449 D 144 220 0F92059617B601B704D7;D 192 220 02D711DB1DFB;D 240 220 03FB15DB07D703B70EB6;D 288 220 08B6029617920F72;D 336 220 09721F6E;R 0 221 48 110;
VDM1 356 F89C R 48 221 48 110;D 96 221 066E1E720C92;D 144 221 0F92079616B603B701D7;D 192 221 06D717DB0DFB06DB;D 240 221 14DB09D703B710B6;D 288 221 06B6039618920F72;
VDM1 357 1515 D 336 221 09721F6E;R 0 222 48 110;R 48 222 48 110;D 96 222 076E1E720B92;D 144 222 1292069618B6;D 192 222 01B603B708D724DB;D 240 222 11DB0AD701B714B6;
VDM1 358 D85F D 288 222 05B6039619920F72;D 336 222 09721F6E;R 0 223 48 110;R 48 223 48 110;D 96 223 086E1E720A92;D 144 223 149202960192039616B6;
VDM1 359 748E D 192 223 03B603B708D701DB01D720DB;D 240 223 0CDB0CD702B716B6;D 288 223 03B6059617921172;D 336 223 0872206E;R 0 224 48 110;R 48 224 48 110;
VDM1 360 9BF0 D 96 224 086E1E720A92;D 144 224 149202960192039616B6;D 192 224 03B603B708D701DB01D720DB;D 240 224 0CDB0CD702B716B6;D 288 224 03B6059617921172;
VDM1 361 854D D 336 224 0872206E;R 0 225 48 110;R 48 225 48 110;D 96 225 096E1F720892;D 144 225 1992049613B6;D 192 225 07B601B702B602B70AD71ADB;D 240 225 07DB0DD701B71BB6;
VDM1 362 B889 D 288 225 01B604961A921172;D 336 225 0872206E;R 0 226 48 110;R 48 226 48 110;D 96 226 0A6E1F720792;D 144 226 1C92039611B6;
VDM1 363 0106 D 192 226 0EB602B70ED704DB04D702DB08D7;D 240 226 0FD702B71FB6;D 288 226 03961B921272;D 336 226 0872206E;R 0 227 48 110;R 48 227 48 110;D 96 227 0B6E20720592;
VDM1 364 5698 D 144 227 1C9206960EB6;D 192 227 14B602B71AD7;D 240 227 0BD701B722B60296;D 288 227 01961C921372;D 336 227 0872206E;R 0 228 48 110;R 48 228 48 110;
VDM CONTROLLER 1
VDM1 365 B654 D 96 228 0C6E20720492;D 144 228 209204960CB6;D 192 228 1BB603B712D7;D 240 228 01D705B725B60596;D 288 228 019201961B921372;D 336 228 0772216E;R 0 229 48 110;
VDM1 366 DC07 R 48 229 48 110;D 96 229 0C6E20720492;D 144 229 209204960CB6;D 192 229 1BB603B712D7;D 240 229 01D705B725B60596;D 288 229 019201961B921372;D 336 229 0772216E;
VDM1 367 C473 R 0 230 48 110;R 48 230 48 110;D 96 230 0C6E21720392;D 144 230 2392049609B6;R 192 230 48 182;D 240 230 29B60796;D 288 230 1C921472;D 336 230 0772216E;
VDM1 368 33B1 R 0 231 48 110;R 48 231 48 110;D 96 231 0E6E20720292;D 144 231 2692049606B6;R 192 231 48 182;D 240 231 27B607960292;D 288 231 1B921572;D 336 231 0672226E;
VDM1 369 53DA R 0 232 48 110;R 48 232 48 110;D 96 232 0F6E2172;D 144 232 2792059604B6;R 192 232 48 182;D 240 232 25B605960692;D 288 232 1A921672;D 336 232 0672226E;
VDM1 370 DF2D R 0 233 48 110;R 48 233 48 110;D 96 233 0F6E2172;D 144 233 2792059604B6;R 192 233 48 182;D 240 233 25B605960692;D 288 233 1A921672;D 336 233 0672226E;
VDM1 371 2F11 R 0 234 48 110;R 48 234 48 110;D 96 234 0F6E2172;D 144 234 02722592029602920596;R 192 234 48 182;D 240 234 22B607960792;D 288 234 1A921672;D 336 234 0772216E;
VDM1 372 6ACD R 0 235 48 110;R 48 235 48 110;D 96 235 0F6E2172;D 144 235 02722C920296;D 192 235 03962DB6;D 240 235 1FB60596039202960792;D 288 235 19921772;
VDM1 373 5563 D 336 235 0772216E;R 0 236 48 110;R 48 236 48 110;D 96 236 106E2072;D 144 236 04722C92;D 192 236 079629B6;D 240 236 1CB605960F92;D 288 236 18921872;
VDM1 374 0406 D 336 236 0772216E;R 0 237 48 110;R 48 237 48 110;D 96 237 126E1E72;D 144 237 05722B92;D 192 237 0492089624B6;D 240 237 18B605961392;D 288 237 17921972;
VDM1 375 9A5F D 336 237 0772216E;R 0 238 48 110;R 48 238 48 110;D 96 238 126E1E72;D 144 238 05722B92;D 192 238 0492089624B6;D 240 238 18B605961392;D 288 238 17921972;
VDM1 376 46F9 D 336 238 0772216E;R 0 239 48 110;R 48 239 48 110;D 96 239 136E1D72;D 144 239 07722992;D 192 239 059201960292079621B6;D 240 239 14B607961592;
VDM1 377 F8B8 D 288 239 16921A72;D 336 239 0772216E;R 0 240 48 110;R 48 240 48 110;D 96 240 136E1D72;D 144 240 08722892;D 192 240 06920596019207961DB6;
VDM1 378 3DDD D 240 240 0FB609961892;D 288 240 15921B72;D 336 240 0772216E;R 0 241 48 110;R 48 241 48 110;D 96 241 146E1C72;D 144 241 09722792;
VDM1 379 6B5F D 192 241 0A92019606920C9613B6;D 240 241 06B60E961C92;D 288 241 15921B72;D 336 241 0772216E;R 0 242 48 110;R 48 242 48 110;D 96 242 146E1C72;
VDM1 380 217A D 144 242 0B722592;D 192 242 13921D96;D 240 242 0F962192;D 288 242 14921C72;D 336 242 0472016E0272216E;R 0 243 48 110;R 48 243 48 110;D 96 243 146E1C72;
attemptReconnectIfNeeded: reinitializing BLE client before reconnect
VDM1 381 0100 D 144 243 0B722592;D 192 243 13921D96;D 240 243 0F962192;D 288 243 14921C72;D 336 243 0472016E0272216E;R 0 244 48 110;R 48 244 48 110;D 96 244 166E1A72;
VDM1 382 CCF2 D 144 244 0C722492;D 192 244 1492079604921196;D 240 244 05962B92;D 288 244 14921C72;D 336 244 0672226E;R 0 245 48 110;R 48 245 48 110;D 96 245 176E1972;
VDM1 383 6819 D 144 245 0D722392;R 192 245 48 146;R 240 245 48 146;D 288 245 13921D72;D 336 245 0672226E;R 0 246 48 110;R 48 246 48 110;D 96 246 186E1872;D 144 246 0E722292;
VDM1 384 ED37 D 192 246 269204960692;R 240 246 48 146;D 288 246 11921F72;D 336 246 0672226E;R 0 247 48 110;R 48 247 48 110;D 96 247 1A6E1672;D 144 247 0F722192;
VDM1 385 C717 R 192 247 48 146;R 240 247 48 146;D 288 247 11921F72;D 336 247 0772216E;R 0 248 48 110;R 48 248 48 110;D 96 248 1A6E1672;D 144 248 0F722192;R 192 248 48 146;
VDM1 386 3C47 R 240 248 48 146;D 288 248 11921F72;D 336 248 0772216E;R 0 249 48 110;R 48 249 48 110;D 96 249 1A6E1672;D 144 249 10722092;R 192 249 48 146;R 240 249 48 146;
VDM1 387 894E D 288 249 0F922172;D 336 249 0872206E;R 0 250 48 110;R 48 250 48 110;D 96 250 1B6E1572;D 144 250 11721F92;R 192 250 48 146;R 240 250 48 146;D 288 250 0E922272;
VDM1 388 C997 D 336 250 0872206E;R 0 251 48 110;R 48 251 48 110;D 96 251 1B6E1572;D 144 251 14721C92;R 192 251 48 146;R 240 251 48 146;D 288 251 0D922372;D 336 251 0872206E;
VDM1 389 E1F6 R 0 252 48 110;R 48 252 48 110;D 96 252 1B6E1572;D 144 252 14721C92;R 192 252 48 146;R 240 252 48 146;D 288 252 0D922372;D 336 252 0872206E;R 0 253 48 110;
VDM1 390 748E R 48 253 48 110;D 96 253 1A6E1672;D 144 253 16721A92;R 192 253 48 146;R 240 253 48 146;D 288 253 0D922372;D 336 253 0872206E;R 0 254 48 110;R 48 254 48 110;
VDM1 391 070C D 96 254 1D6E1372;D 144 254 16721A92;R 192 254 48 146;R 240 254 48 146;D 288 254 0C922472;D 336 254 0872206E;R 0 255 48 110;R 48 255 48 110;D 96 255 1D6E1372;
VDM1 392 7D2C D 144 255 17721992;R 192 255 48 146;R 240 255 48 146;D 288 255 0A922672;D 336 255 0872206E;R 0 256 48 110;R 48 256 48 110;D 96 256 1E6E1272;D 144 256 18721892;
VDM1 393 0335 R 192 256 48 146;R 240 256 48 146;D 288 256 09922772;D 336 256 0872206E;R 0 257 48 110;R 48 257 48 110;D 96 257 1E6E1272;D 144 257 18721892;R 192 257 48 146;
VDM1 394 4587 R 240 257 48 146;D 288 257 09922772;D 336 257 0872206E;R 0 258 48 110;R 48 258 48 110;D 96 258 1E6E1272;D 144 258 19721792;R 192 258 48 146;R 240 258 48 146;
VDM1 395 C2A5 D 288 258 09922772;D 336 258 09721F6E;R 0 259 48 110;R 48 259 48 110;D 96 259 206E1072;D 144 259 1B721592;R 192 259 48 146;R 240 259 48 146;D 288 259 07922972;
VDM1 396 09F2 D 336 259 09721F6E;R 0 260 48 110;R 48 260 48 110;D 96 260 206E1072;D 144 260 1D721392;R 192 260 48 146;R 240 260 48 146;D 288 260 06922A72;D 336 260 09721F6E;
VDM1 397 0C97 R 0 261 48 110;R 48 261 48 110;D 96 261 206E1072;D 144 261 1D721392;R 192 261 48 146;R 240 261 48 146;D 288 261 05922B72;D 336 261 09721F6E;R 0 262 48 110;
VDM1 398 6AE3 R 48 262 48 110;D 96 262 206E1072;D 144 262 1D721392;R 192 262 48 146;R 240 262 48 146;D 288 262 05922B72;D 336 262 09721F6E;R 0 263 48 110;R 48 263 48 110;
VDM1 399 8211 D 96 263 216E0F72;D 144 263 1E721292;R 192 263 48 146;R 240 263 48 146;D 288 263 04922C72;D 336 263 0972026E02721B6E;R 0 264 48 110;R 48 264 48 110;
VDM1 400 B4DA D 96 264 216E0F72;D 144 264 1F721192;R 192 264 48 146;R 240 264 48 146;D 288 264 02922E72;D 336 264 0A721E6E;R 0 265 48 110;R 48 265 48 110;D 96 265 226E0E72;
VDM1 401 3D79 D 144 265 21720F92;R 192 265 48 146;R 240 265 48 146;D 288 265 02922E72;D 336 265 0B721D6E;R 0 266 48 110;R 48 266 48 110;D 96 266 236E0D72;D 144 266 22720E92;
VDM1 402 095B R 192 266 48 146;R 240 266 48 146;R 288 266 48 114;D 336 266 0C721C6E;R 0 267 48 110;R 48 267 48 110;D 96 267 236E0D72;D 144 267 22720E92;R 192 267 48 146;
VDM1 403 F23A R 240 267 48 146;R 288 267 48 114;D 336 267 0C721C6E;R 0 268 48 110;R 48 268 48 110;D 96 268 236E0D72;D 144 268 25720B92;R 192 268 48 146;D 240 268 2E920272;
VDM1 404 A8BC R 288 268 48 114;D 336 268 0C721C6E;R 0 269 48 110;R 48 269 48 110;D 96 269 236E0D72;D 144 269 25720B92;R 192 269 48 146;D 240 269 2E920272;R 288 269 48 114;
VDM1 405 36BE D 336 269 1072186E;R 0 270 48 219;R 48 270 48 219;R 96 270 48 219;R 144 270 48 219;R 192 270 48 219;R 240 270 48 219;R 288 270 48 219;R 336 270 40 219;
VDM1 406 2AC8 R 0 271 48 219;R 48 271 48 219;R 96 271 48 219;R 144 271 48 219;R 192 271 48 219;R 240 271 48 219;R 288 271 48 219;R 336 271 40 219;R 0 272 48 219;
VDM1 407 45B5 R 48 272 48 219;R 96 272 48 219;R 144 272 48 219;R 192 272 48 219;R 240 272 48 219;R 288 272 48 219;R 336 272 40 219;R 0 273 48 219;R 48 273 48 219;
VDM1 408 96B3 R 96 273 48 219;R 144 273 48 219;R 192 273 48 219;R 240 273 48 219;D 288 273 18DB044904DB04490CDB;D 336 273 044904DB04490CDB044904DB044904DB;R 0 274 48 219;
VDM1 409 E360 R 48 274 48 219;R 96 274 48 219;R 144 274 48 219;R 192 274 48 219;D 240 274 06DB024905DB014905DB014905DB01490BDB014905DB014904DB;
VDM1 410 4ABB D 288 274 07DB014905DB014909DB024902DB024902DB024902DB024904DB024904DB0149;D 336 274 014902DB024902DB024902DB024904DB024904DB024902DB024902DB024902DB024903DB;
VDM1 411 AA6B R 0 275 48 219;R 48 275 48 219;R 96 275 48 219;R 144 275 48 219;R 192 275 48 219;
VDM1 412 12CF D 240 275 08DB014903DB014901DB014903DB014901DB014903DB014901DB014909DB014901DB014903DB024904DB;
VDM1 413 BD67 D 288 275 06DB014901DB014903DB024909DB024902DB024902DB024902DB024904DB024904DB0149;
VDM1 414 EB73 D 336 275 014902DB024902DB024902DB024904DB024904DB024902DB024902DB024902DB024903DB;R 0 276 48 219;R 48 276 48 219;R 96 276 48 219;R 144 276 48 219;
VDM1 415 4CA3 R 192 276 48 219;D 240 276 07DB014904DB014901DB014903DB014901DB014903DB014901DB014903DB034903DB014901DB014904DB014904DB;
VDM1 416 3DB7 D 288 276 034903DB014901DB014904DB014909DB024902DB024902DB024902DB02490ADB0149;D 336 276 014902DB024902DB024902DB02490ADB024902DB024902DB024902DB024903DB;
VDM1 417 5D3B R 0 277 48 219;R 48 277 48 219;R 96 277 48 219;R 144 277 48 219;R 192 277 48 219;
VDM1 418 B119 D 240 277 06DB014905DB014901DB014903DB014901DB014903DB014901DB014909DB014901DB014904DB014904DB;
VDM1 419 138E D 288 277 06DB014901DB014904DB014909DB024902DB024902DB024902DB024904DB024904DB0149;
VDM1 420 A614 D 336 277 014902DB024902DB024902DB024904DB024904DB024902DB024902DB024902DB024903DB;R 0 278 48 219;R 48 278 48 219;R 96 278 48 219;R 144 278 48 219;
VDM1 421 38A4 R 192 278 48 219;D 240 278 06DB034904DB014905DB014905DB01490BDB014904DB034903DB;D 288 278 07DB014904DB034909DB044904DB044905DB024905DB;
VDM1 422 85C9 D 336 278 044904DB044905DB024905DB044904DB044904DB;R 0 279 48 219;R 48 279 48 219;R 96 279 48 219;R 144 279 48 219;R 192 279 48 219;R 240 279 48 219;
VDM1 423 0C05 R 288 279 48 219;R 336 279 40 219;R 0 280 48 219;R 48 280 48 219;R 96 280 48 219;R 144 280 48 219;R 192 280 48 219;R 240 280 48 219;R 288 280 48 219;
VDM1 424 BB5A R 336 280 40 219;R 0 281 48 219;R 48 281 48 219;R 96 281 48 219;R 144 281 48 219;R 192 281 48 219;R 240 281 48 219;R 288 281 48 219;R 336 281 40 219;
VDM1 425 F9D3 R 0 282 48 219;R 48 282 48 219;R 96 282 48 219;R 144 282 48 219;R 192 282 48 219;R 240 282 48 219;R 288 282 48 219;R 336 282 40 219;R 0 283 48 219;
VDM1 426 E1BC R 48 283 48 219;R 96 283 48 219;R 144 283 48 219;R 192 283 48 219;R 240 283 48 219;R 288 283 48 219;R 336 283 40 219;R 0 284 48 219;R 48 284 48 219;
VDM1 427 8265 R 96 284 48 219;R 144 284 48 219;R 192 284 48 219;R 240 284 48 219;R 288 284 48 219;R 336 284 40 219;R 0 285 48 0;R 48 285 48 0;R 96 285 48 0;R 144 285 48 0;
VDM1 428 B4F4 R 192 285 48 0;R 240 285 48 0;R 288 285 48 0;R 336 285 40 0;R 0 286 48 0;R 48 286 48 0;R 96 286 48 0;R 144 286 48 0;R 192 286 48 0;R 240 286 48 0;
VDM1 429 10E8 R 288 286 48 0;R 336 286 40 0;R 0 287 48 0;R 48 287 48 0;R 96 287 48 0;R 144 287 48 0;R 192 287 48 0;R 240 287 48 0;R 288 287 48 0;R 336 287 40 0;E;
VDM1 430 1CE0 T 310 272 8 8 FF55492B FFFFDBD5 48 003C666666663C00;T 318 272 8 8 FF55492B FFFFDBD5 48 003C666666663C00;T 326 272 8 8 FF55492B FFFFDBD5 58 0000181800181800;
VDM1 431 124A T 334 272 8 8 FF55492B FFFFDBD5 48 003C666666663C00;T 342 272 8 8 FF55492B FFFFDBD5 48 003C666666663C00;T 350 272 8 8 FF55492B FFFFDBD5 58 0000181800181800;
VDM1 432 71DF T 358 272 8 8 FF55492B FFFFDBD5 48 003C666666663C00;T 366 272 8 8 FF55492B FFFFDBD5 48 003C666666663C00;T 245 273 6 8 FF55492B FFFFDBD5 50 01810841C000;
VDM1 433 4469 T 251 273 6 8 FF55492B FFFFDBD5 48 008514508000;T 257 273 6 8 FF55492B FFFFDBD5 48 008514508000;T 263 273 6 8 FF55492B FFFFDBD5 48 008514508000;
VDM1 434 FF60 T 269 273 6 8 FF55492B FFFFDBD5 45 00001C000000;T 275 273 6 8 FF55492B FFFFDBD5 48 008514508000;T 281 273 6 8 FF55492B FFFFDBD5 49 00860821C000;
VDM CONTROLLER 1
VDM1 435 01D7 T 287 273 6 8 FF55492B FFFFDBD5 45 00001C000000;T 293 273 6 8 FF55492B FFFFDBD5 48 008514508000;T 299 273 6 8 FF55492B FFFFDBD5 49 00860821C000;
VDM1 436 C417 F 32 32 312 220 FF000000;F 33 33 310 18 FF552400;F 33 50 310 1 FFAAB600;O 32 32 312 220 FFFFB6AA;F 37 36 11 11 FF0024AA;O 37 36 11 11 FFFFDBFF;
VDM1 437 7BF5 L 40 39 44 43 FFFFDBFF;L 44 39 40 43 FFFFDBFF;T 55 38 8 8 FFFFDBFF FF552400 67 003C666060663C00;T 63 38 8 8 FFFFDBFF FF552400 111 003C666666663C00;
VDM1 438 1978 T 71 38 8 8 FFFFDBFF FF552400 110 004666765E4E4600;T 79 38 8 8 FFFFDBFF FF552400 102 007E60607C606000;T 87 38 8 8 FFFFDBFF FF552400 105 003C181818183C00;
VDM1 439 EC69 T 95 38 8 8 FFFFDBFF FF552400 103 003C66606E663E00;T 103 38 8 8 FFFFDBFF FF552400 117 00464646464E3C00;T 111 38 8 8 FFFFDBFF FF552400 114 007C666678686600;
VDM1 440 7D18 T 119 38 8 8 FFFFDBFF FF552400 97 003C4E4E7E4E4E00;T 127 38 8 8 FFFFDBFF FF552400 116 007E181818181800;T 135 38 8 8 FFFFDBFF FF552400 105 003C181818183C00;
VDM1 441 386B T 143 38 8 8 FFFFDBFF FF552400 111 003C666666663C00;T 151 38 8 8 FFFFDBFF FF552400 110 004666765E4E4600;F 33 51 310 200 FF080808;F 43 58 141 19 FF554900;
VDM1 442 6410 O 43 58 141 19 FFAAB62B;T 48 64 6 8 FFFFDBFF FF554900 87 0228AADA2000;T 54 64 6 8 FFFFDBFF FF554900 97 00062491E000;
VDM1 443 3229 T 60 64 6 8 FFFFDBFF FF554900 108 010410408000;T 66 64 6 8 FFFFDBFF FF554900 108 010410408000;T 72 64 6 8 FFFFDBFF FF554900 112 000E24938820;
VDM1 444 F3F9 T 78 64 6 8 FFFFDBFF FF554900 97 00062491E000;T 84 64 6 8 FFFFDBFF FF554900 112 000E24938820;T 90 64 6 8 FFFFDBFF FF554900 101 00062CC1C000;
VDM1 445 6B0F T 96 64 6 8 FFFFDBFF FF554900 114 000310410000;T 102 64 6 8 FFFFDBFF FF554900 32 000000000000;T 108 64 6 8 FFFFDBFF FF554900 84 03E208208000;
VDM1 446 BE1B T 114 64 6 8 FFFFDBFF FF554900 111 000624918000;T 120 64 6 8 FFFFDBFF FF554900 103 00062491C118;F 161 61 20 13 FF556D00;
VDM1 447 CDD8 T 164 64 6 8 FFFFDBFF FF556D00 79 018924918000;T 170 64 6 8 FFFFDBFF FF556D00 78 022CAA9A2000;F 43 80 141 19 FF002400;O 43 80 141 19 FF55492B;
VDM1 448 EB44 T 48 86 6 8 FFFFDBFF FF002400 84 03E208208000;T 54 86 6 8 FFFFDBFF FF002400 111 000624918000;T 60 86 6 8 FFFFDBFF FF002400 111 000624918000;
VDM1 449 5D14 T 66 86 6 8 FFFFDBFF FF002400 108 010410408000;T 72 86 6 8 FFFFDBFF FF002400 116 010E10408000;T 78 86 6 8 FFFFDBFF FF002400 105 010010408000;
VDM1 450 68B2 T 84 86 6 8 FFFFDBFF FF002400 112 000E24938820;T 90 86 6 8 FFFFDBFF FF002400 115 000318118000;T 96 86 6 8 FFFFDBFF FF002400 32 000000000000;
VDM1 451 560B T 102 86 6 8 FFFFDBFF FF002400 84 03E208208000;T 108 86 6 8 FFFFDBFF FF002400 111 000624918000;T 114 86 6 8 FFFFDBFF FF002400 103 00062491C118;
VDM1 452 3B33 F 161 83 20 13 FF556D00;T 164 86 6 8 FFFFDBFF FF556D00 79 018924918000;T 170 86 6 8 FFFFDBFF FF556D00 78 022CAA9A2000;F 43 102 141 19 FF002400;
VDM1 453 475A O 43 102 141 19 FF55492B;T 48 108 6 8 FFFFDBFF FF002400 86 0228A2508000;T 54 108 6 8 FFFFDBFF FF002400 101 00062CC1C000;
VDM1 454 9364 T 60 108 6 8 FFFFDBFF FF002400 114 000310410000;T 66 108 6 8 FFFFDBFF FF002400 98 020E24918000;T 72 108 6 8 FFFFDBFF FF002400 111 000624918000;
VDM1 455 730E T 78 108 6 8 FFFFDBFF FF002400 115 000318118000;T 84 108 6 8 FFFFDBFF FF002400 101 00062CC1C000;T 90 108 6 8 FFFFDBFF FF002400 32 000000000000;
VDM1 456 5A86 T 96 108 6 8 FFFFDBFF FF002400 85 024924918000;T 102 108 6 8 FFFFDBFF FF002400 65 01893C924000;T 108 108 6 8 FFFFDBFF FF002400 82 038938924000;
VDM1 457 6FED T 114 108 6 8 FFFFDBFF FF002400 84 03E208208000;F 155 105 26 13 FF552455;T 158 108 6 8 FFFFDBFF FF552455 79 018924918000;
VDM1 458 08EA T 164 108 6 8 FFFFDBFF FF552455 70 03C838820000;T 170 108 6 8 FFFFDBFF FF552455 70 03C838820000;F 43 124 141 19 FF002400;O 43 124 141 19 FF55492B;
VDM1 459 A892 T 48 130 6 8 FFFFDBFF FF002400 68 038924938000;T 54 130 6 8 FFFFDBFF FF002400 105 010010408000;T 60 130 6 8 FFFFDBFF FF002400 115 000318118000;
VDM1 460 7837 T 66 130 6 8 FFFFDBFF FF002400 112 000E24938820;T 72 130 6 8 FFFFDBFF FF002400 108 010410408000;T 78 130 6 8 FFFFDBFF FF002400 97 00062491E000;
VDM1 461 7578 T 84 130 6 8 FFFFDBFF FF002400 121 00092491C118;T 90 130 6 8 FFFFDBFF FF002400 32 000000000000;T 96 130 6 8 FFFFDBFF FF002400 67 01C82081C000;
VDM1 462 3891 T 102 130 6 8 FFFFDBFF FF002400 111 000624918000;T 108 130 6 8 FFFFDBFF FF002400 108 010410408000;T 114 130 6 8 FFFFDBFF FF002400 111 000624918000;
VDM1 463 A5CE T 120 130 6 8 FFFFDBFF FF002400 117 00092491E000;T 126 130 6 8 FFFFDBFF FF002400 114 000310410000;F 161 127 20 13 FF556D00;
VDM1 464 3CC4 T 164 130 6 8 FFFFDBFF FF556D00 79 018924918000;T 170 130 6 8 FFFFDBFF FF556D00 78 022CAA9A2000;F 43 146 141 19 FF002400;O 43 146 141 19 FF55492B;
VDM1 465 2E83 T 48 152 6 8 FFFFDBFF FF002400 87 0228AADA2000;T 54 152 6 8 FFFFDBFF FF002400 105 010010408000;T 60 152 6 8 FFFFDBFF FF002400 70 03C838820000;
VDM1 466 D846 T 66 152 6 8 FFFFDBFF FF002400 105 010010408000;T 72 152 6 8 FFFFDBFF FF002400 32 000000000000;T 78 152 6 8 FFFFDBFF FF002400 67 01C82081C000;
VDM1 467 3051 T 84 152 6 8 FFFFDBFF FF002400 111 000624918000;T 90 152 6 8 FFFFDBFF FF002400 114 000310410000;T 96 152 6 8 FFFFDBFF FF002400 101 00062CC1C000;
VDM1 468 845E T 102 152 6 8 FFFFDBFF FF002400 32 000000000000;T 108 152 6 8 FFFFDBFF FF002400 84 03E208208000;T 114 152 6 8 FFFFDBFF FF002400 111 000624918000;
VDM1 469 9359 T 120 152 6 8 FFFFDBFF FF002400 103 00062491C118;F 161 149 20 13 FF556D00;T 164 152 6 8 FFFFDBFF FF556D00 79 018924918000;
VDM1 470 9DEA T 170 152 6 8 FFFFDBFF FF556D00 78 022CAA9A2000;F 43 168 141 19 FF002400;O 43 168 141 19 FF55492B;T 48 174 6 8 FFFFDBFF FF002400 84 03E208208000;
VDM1 471 1787 T 54 174 6 8 FFFFDBFF FF002400 101 00062CC1C000;T 60 174 6 8 FFFFDBFF FF002400 108 010410408000;T 66 174 6 8 FFFFDBFF FF002400 101 00062CC1C000;
VDM1 472 FB99 T 72 174 6 8 FFFFDBFF FF002400 109 000D2AAA2000;T 78 174 6 8 FFFFDBFF FF002400 101 00062CC1C000;T 84 174 6 8 FFFFDBFF FF002400 116 010E10408000;
VDM1 473 A34A T 90 174 6 8 FFFFDBFF FF002400 114 000310410000;T 96 174 6 8 FFFFDBFF FF002400 121 00092491C118;T 102 174 6 8 FFFFDBFF FF002400 32 000000000000;
VDM1 474 2CB9 T 108 174 6 8 FFFFDBFF FF002400 68 038924938000;T 114 174 6 8 FFFFDBFF FF002400 97 00062491E000;T 120 174 6 8 FFFFDBFF FF002400 116 010E10408000;
VDM1 475 4956 T 126 174 6 8 FFFFDBFF FF002400 97 00062491E000;F 155 171 26 13 FF552455;T 158 174 6 8 FFFFDBFF FF552455 79 018924918000;
VDM1 476 BC7F T 164 174 6 8 FFFFDBFF FF552455 70 03C838820000;T 170 174 6 8 FFFFDBFF FF552455 70 03C838820000;F 43 190 141 19 FF002400;O 43 190 141 19 FF55492B;
VDM1 477 1EE3 T 48 196 6 8 FFFFDBFF FF002400 70 03C838820000;T 54 196 6 8 FFFFDBFF FF002400 97 00062491E000;T 60 196 6 8 FFFFDBFF FF002400 115 000318118000;
VDM1 478 945F T 66 196 6 8 FFFFDBFF FF002400 116 010E10408000;T 72 196 6 8 FFFFDBFF FF002400 66 038938938000;T 78 196 6 8 FFFFDBFF FF002400 111 000624918000;
VDM1 479 5717 T 84 196 6 8 FFFFDBFF FF002400 111 000624918000;T 90 196 6 8 FFFFDBFF FF002400 116 010E10408000;F 155 193 26 13 FF552455;
VDM1 480 61D7 T 158 196 6 8 FFFFDBFF FF552455 79 018924918000;T 164 196 6 8 FFFFDBFF FF552455 70 03C838820000;T 170 196 6 8 FFFFDBFF FF552455 70 03C838820000;
VDM1 481 920C F 43 212 141 19 FF002400;O 43 212 141 19 FF55492B;T 48 218 6 8 FFFFDBFF FF002400 65 01893C924000;T 54 218 6 8 FFFFDBFF FF002400 117 00092491E000;
VDM1 482 022D T 60 218 6 8 FFFFDBFF FF002400 100 00472491C000;T 66 218 6 8 FFFFDBFF FF002400 105 010010408000;T 72 218 6 8 FFFFDBFF FF002400 111 000624918000;
VDM1 483 31D9 T 78 218 6 8 FFFFDBFF FF002400 32 000000000000;T 84 218 6 8 FFFFDBFF FF002400 68 038924938000;T 90 218 6 8 FFFFDBFF FF002400 114 000310410000;
VDM1 484 4CEF T 96 218 6 8 FFFFDBFF FF002400 105 010010408000;T 102 218 6 8 FFFFDBFF FF002400 118 000492508000;T 108 218 6 8 FFFFDBFF FF002400 101 00062CC1C000;
VDM1 485 69CC T 114 218 6 8 FFFFDBFF FF002400 114 000310410000;F 155 215 26 13 FF552455;T 158 218 6 8 FFFFDBFF FF552455 79 018924918000;
VDM1 486 2F25 T 164 218 6 8 FFFFDBFF FF552455 70 03C838820000;T 170 218 6 8 FFFFDBFF FF552455 70 03C838820000;F 192 58 141 19 FF002400;O 192 58 141 19 FF55492B;
VDM1 487 D24F T 197 64 6 8 FFFFDBFF FF002400 73 01C20821C000;T 203 64 6 8 FFFFDBFF FF002400 110 000A34924000;T 209 64 6 8 FFFFDBFF FF002400 118 000492508000;
VDM1 488 A197 T 215 64 6 8 FFFFDBFF FF002400 101 00062CC1C000;T 221 64 6 8 FFFFDBFF FF002400 114 000310410000;T 227 64 6 8 FFFFDBFF FF002400 116 010E10408000;
VDM1 489 D516 T 233 64 6 8 FFFFDBFF FF002400 32 000000000000;T 239 64 6 8 FFFFDBFF FF002400 67 01C82081C000;T 245 64 6 8 FFFFDBFF FF002400 111 000624918000;
VDM1 490 10C8 T 251 64 6 8 FFFFDBFF FF002400 108 010410408000;T 257 64 6 8 FFFFDBFF FF002400 111 000624918000;T 263 64 6 8 FFFFDBFF FF002400 117 00092491E000;
VDM1 491 8FAF T 269 64 6 8 FFFFDBFF FF002400 114 000310410000;T 275 64 6 8 FFFFDBFF FF002400 115 000318118000;F 304 61 26 13 FF552455;
VDM1 492 1B59 T 307 64 6 8 FFFFDBFF FF552455 79 018924918000;T 313 64 6 8 FFFFDBFF FF552455 70 03C838820000;T 319 64 6 8 FFFFDBFF FF552455 70 03C838820000;
VDM1 493 EE36 F 192 80 141 19 FF002400;O 192 80 141 19 FF55492B;T 197 86 6 8 FFFFDBFF FF002400 83 01C818138000;T 203 86 6 8 FFFFDBFF FF002400 101 00062CC1C000;
VDM1 494 3632 T 209 86 6 8 FFFFDBFF FF002400 116 010E10408000;T 215 86 6 8 FFFFDBFF FF002400 32 000000000000;T 221 86 6 8 FFFFDBFF FF002400 84 03E208208000;
VDM1 495 34E0 T 227 86 6 8 FFFFDBFF FF002400 105 010010408000;T 233 86 6 8 FFFFDBFF FF002400 109 000D2AAA2000;T 239 86 6 8 FFFFDBFF FF002400 101 00062CC1C000;
VDM1 496 536A T 245 86 6 8 FFFFDBFF FF002400 47 104208410000;T 251 86 6 8 FFFFDBFF FF002400 68 038924938000;T 257 86 6 8 FFFFDBFF FF002400 97 00062491E000;
VDM1 497 77CA T 263 86 6 8 FFFFDBFF FF002400 116 010E10408000;T 269 86 6 8 FFFFDBFF FF002400 101 00062CC1C000;T 323 86 6 8 FF5592FF FF002400 62 000204200000;
VDM1 498 E393 F 192 102 141 19 FF002400;O 192 102 141 19 FF55492B;T 197 108 6 8 FFFFDBFF FF002400 66 038938938000;T 203 108 6 8 FFFFDBFF FF002400 108 010410408000;
VDM1 499 776D T 209 108 6 8 FFFFDBFF FF002400 97 00062491E000;T 215 108 6 8 FFFFDBFF FF002400 99 000620818000;T 221 108 6 8 FFFFDBFF FF002400 107 020B30A24000;
VDM1 500 1ECD T 227 108 6 8 FFFFDBFF FF002400 32 000000000000;T 233 108 6 8 FFFFDBFF FF002400 65 01893C924000;T 239 108 6 8 FFFFDBFF FF002400 108 010410408000;
VDM1 501 1FF5 T 245 108 6 8 FFFFDBFF FF002400 112 000E24938820;T 251 108 6 8 FFFFDBFF FF002400 104 020A34924000;T 257 108 6 8 FFFFDBFF FF002400 97 00062491E000;
VDM1 502 7E73 T 323 108 6 8 FF5592FF FF002400 62 000204200000;F 192 124 141 19 FF002400;O 192 124 141 19 FF55492B;T 197 130 6 8 FFFFDBFF FF002400 87 0228AADA2000;
VDM1 503 5E32 T 203 130 6 8 FFFFDBFF FF002400 104 020A34924000;T 209 130 6 8 FFFFDBFF FF002400 105 010010408000;T 215 130 6 8 FFFFDBFF FF002400 116 010E10408000;
VDM1 504 F49B T 221 130 6 8 FFFFDBFF FF002400 101 00062CC1C000;T 227 130 6 8 FFFFDBFF FF002400 32 000000000000;T 233 130 6 8 FFFFDBFF FF002400 65 01893C924000;
VDM1 505 F054 T 239 130 6 8 FFFFDBFF FF002400 108 010410408000;T 245 130 6 8 FFFFDBFF FF002400 112 000E24938820;T 251 130 6 8 FFFFDBFF FF002400 104 020A34924000;
VDM1 506 478C T 257 130 6 8 FFFFDBFF FF002400 97 00062491E000;T 323 130 6 8 FF5592FF FF002400 62 000204200000;F 192 146 141 19 FF002400;O 192 146 141 19 FF55492B;
VDM CONTROLLER 1
VDM1 507 479E T 197 152 6 8 FFFFDBFF FF002400 77 022DAA8A2000;T 203 152 6 8 FFFFDBFF FF002400 111 000624918000;T 209 152 6 8 FFFFDBFF FF002400 117 00092491E000;
VDM1 508 AF35 T 215 152 6 8 FFFFDBFF FF002400 115 000318118000;T 221 152 6 8 FFFFDBFF FF002400 101 00062CC1C000;T 227 152 6 8 FFFFDBFF FF002400 32 000000000000;
VDM1 509 8BB7 T 233 152 6 8 FFFFDBFF FF002400 79 018924918000;T 239 152 6 8 FFFFDBFF FF002400 117 00092491E000;T 245 152 6 8 FFFFDBFF FF002400 116 010E10408000;
VDM1 510 23B4 T 251 152 6 8 FFFFDBFF FF002400 108 010410408000;T 257 152 6 8 FFFFDBFF FF002400 105 010010408000;T 263 152 6 8 FFFFDBFF FF002400 110 000A34924000;
VDM1 511 47F0 T 269 152 6 8 FFFFDBFF FF002400 101 00062CC1C000;F 310 149 20 13 FF556D00;T 313 152 6 8 FFFFDBFF FF556D00 79 018924918000;
VDM1 512 76A1 T 319 152 6 8 FFFFDBFF FF556D00 78 022CAA9A2000;F 192 168 141 19 FF002400;O 192 168 141 19 FF55492B;T 197 174 6 8 FFFFDBFF FF002400 87 0228AADA2000;
VDM1 513 5FA8 T 203 174 6 8 FFFFDBFF FF002400 97 00062491E000;T 209 174 6 8 FFFFDBFF FF002400 108 010410408000;T 215 174 6 8 FFFFDBFF FF002400 108 010410408000;
VDM1 514 1C6B T 221 174 6 8 FFFFDBFF FF002400 112 000E24938820;T 227 174 6 8 FFFFDBFF FF002400 97 00062491E000;T 233 174 6 8 FFFFDBFF FF002400 112 000E24938820;
VDM1 515 ECA0 T 239 174 6 8 FFFFDBFF FF002400 101 00062CC1C000;T 245 174 6 8 FFFFDBFF FF002400 114 000310410000;T 251 174 6 8 FFFFDBFF FF002400 32 000000000000;
VDM1 516 20CE T 257 174 6 8 FFFFDBFF FF002400 77 022DAA8A2000;T 263 174 6 8 FFFFDBFF FF002400 101 00062CC1C000;T 269 174 6 8 FFFFDBFF FF002400 110 000A34924000;
VDM1 517 E3A6 T 275 174 6 8 FFFFDBFF FF002400 117 00092491E000;T 323 174 6 8 FF5592FF FF002400 62 000204200000;F 192 190 141 19 FF002400;O 192 190 141 19 FF55492B;
VDM1 518 B127 T 197 196 6 8 FFFFDBFF FF002400 85 024924918000;T 203 196 6 8 FFFFDBFF FF002400 65 01893C924000;T 209 196 6 8 FFFFDBFF FF002400 82 038938924000;
VDM1 519 F217 T 215 196 6 8 FFFFDBFF FF002400 84 03E208208000;T 221 196 6 8 FFFFDBFF FF002400 32 000000000000;T 227 196 6 8 FFFFDBFF FF002400 85 024924918000;
VDM1 520 D845 T 233 196 6 8 FFFFDBFF FF002400 112 000E24938820;T 239 196 6 8 FFFFDBFF FF002400 108 010410408000;T 245 196 6 8 FFFFDBFF FF002400 111 000624918000;
VDM1 521 0FEE T 251 196 6 8 FFFFDBFF FF002400 97 00062491E000;T 257 196 6 8 FFFFDBFF FF002400 100 00472491C000;T 323 196 6 8 FF5592FF FF002400 62 000204200000;
VDM1 522 4D50 T 45 238 6 8 FF556D55 FF080808 83 01C818138000;T 51 238 6 8 FF556D55 FF080808 121 00092491C118;T 57 238 6 8 FF556D55 FF080808 115 000318118000;
VDM1 523 3170 T 63 238 6 8 FF556D55 FF080808 116 010E10408000;T 69 238 6 8 FF556D55 FF080808 101 00062CC1C000;T 75 238 6 8 FF556D55 FF080808 109 000D2AAA2000;
VDM1 524 0CF3 T 81 238 6 8 FF556D55 FF080808 32 000000000000;T 87 238 6 8 FF556D55 FF080808 112 000E24938820;T 93 238 6 8 FF556D55 FF080808 114 000310410000;
VDM1 525 7718 T 99 238 6 8 FF556D55 FF080808 101 00062CC1C000;T 105 238 6 8 FF556D55 FF080808 102 000310418410;T 111 238 6 8 FF556D55 FF080808 101 00062CC1C000;
VDM1 526 9089 T 117 238 6 8 FF556D55 FF080808 114 000310410000;T 123 238 6 8 FF556D55 FF080808 101 00062CC1C000;T 129 238 6 8 FF556D55 FF080808 110 000A34924000;
VDM1 527 DCC0 T 135 238 6 8 FF556D55 FF080808 99 000620818000;T 141 238 6 8 FF556D55 FF080808 101 00062CC1C000;T 147 238 6 8 FF556D55 FF080808 115 000318118000;
VDM1 528 50B2 F 43 58 141 19 FF554900;O 43 58 141 19 FFAAB62B;T 48 64 6 8 FFFFDBFF FF554900 87 0228AADA2000;T 54 64 6 8 FFFFDBFF FF554900 97 00062491E000;
VDM1 529 3229 T 60 64 6 8 FFFFDBFF FF554900 108 010410408000;T 66 64 6 8 FFFFDBFF FF554900 108 010410408000;T 72 64 6 8 FFFFDBFF FF554900 112 000E24938820;
VDM1 530 F3F9 T 78 64 6 8 FFFFDBFF FF554900 97 00062491E000;T 84 64 6 8 FFFFDBFF FF554900 112 000E24938820;T 90 64 6 8 FFFFDBFF FF554900 101 00062CC1C000;
VDM1 531 6B0F T 96 64 6 8 FFFFDBFF FF554900 114 000310410000;T 102 64 6 8 FFFFDBFF FF554900 32 000000000000;T 108 64 6 8 FFFFDBFF FF554900 84 03E208208000;
VDM1 532 BE1B T 114 64 6 8 FFFFDBFF FF554900 111 000624918000;T 120 64 6 8 FFFFDBFF FF554900 103 00062491C118;F 161 61 20 13 FF556D00;
VDM1 533 2350 T 164 64 6 8 FFFFDBFF FF556D00 79 018924918000;T 170 64 6 8 FFFFDBFF FF556D00 78 022CAA9A2000;
Auto-reconnect failed
Hard-resetting BLE client: auto reconnect failed
Next reconnect attempt in 2029 ms
VDM CONTROLLER 1
attemptReconnectIfNeeded: reinitializing BLE client before reconnect
VDM CONTROLLER 1
VDM CONTROLLER 1
VDM CONTROLLER 1
Auto-reconnect failed
Hard-resetting BLE client: auto reconnect failed
Next reconnect attempt in 2092 ms
VDM CONTROLLER 1
attemptReconnectIfNeeded: reinitializing BLE client before reconnect
VDM CONTROLLER 1
VDM CONTROLLER 1
Auto-reconnect failed
Hard-resetting BLE client: auto reconnect failed
Next reconnect attempt in 2008 ms
VDM1 1 56B9 H 376 288;P 0 FF000000FF080808FF101010FF191919FF212121FF292929FF313131FF3A3A3A;P 8 FF424242FF4A4A4AFF525252FF5A5A5AFF636363FF6B6B6BFF737373FF7B7B7B;
VDM1 2 D62A P 16 FF848484FF8C8C8CFF949494FF9C9C9CFFA5A5A5FFADADADFFB5B5B5FFBDBDBD;P 24 FFC5C5C5FFCECECEFFD6D6D6FFDEDEDEFFE6E6E6FFEFEFEFFFF7F7F7FFFFFFFF;
VDM1 3 B13A P 32 FF000000FF550000FFAA0000FFFF0000FF002400FF552400FFAA2400FFFF2400;P 40 FF004900FF554900FFAA4900FFFF4900FF006D00FF556D00FFAA6D00FFFF6D00;
VDM1 4 17A6 P 48 FF009200FF559200FFAA9200FFFF9200FF00B600FF55B600FFAAB600FFFFB600;P 56 FF00DB00FF55DB00FFAADB00FFFFDB00FF00FF00FF55FF00FFAAFF00FFFFFF00;
VDM1 5 3DDD P 64 FF00002BFF55002BFFAA002BFFFF002BFF00242BFF55242BFFAA242BFFFF242B;P 72 FF00492BFF55492BFFAA492BFFFF492BFF006D2BFF556D2BFFAA6D2BFFFF6D2B;
VDM1 6 1B45 P 80 FF00922BFF55922BFFAA922BFFFF922BFF00B62BFF55B62BFFAAB62BFFFFB62B;P 88 FF00DB2BFF55DB2BFFAADB2BFFFFDB2BFF00FF2BFF55FF2BFFAAFF2BFFFFFF2B;
VDM1 7 1E96 P 96 FF000055FF550055FFAA0055FFFF0055FF002455FF552455FFAA2455FFFF2455;P 104 FF004955FF554955FFAA4955FFFF4955FF006D55FF556D55FFAA6D55FFFF6D55;
VDM1 8 FA6B P 112 FF009255FF559255FFAA9255FFFF9255FF00B655FF55B655FFAAB655FFFFB655;P 120 FF00DB55FF55DB55FFAADB55FFFFDB55FF00FF55FF55FF55FFAAFF55FFFFFF55;
VDM1 9 4274 P 128 FF000080FF550080FFAA0080FFFF0080FF002480FF552480FFAA2480FFFF2480;P 136 FF004980FF554980FFAA4980FFFF4980FF006D80FF556D80FFAA6D80FFFF6D80;
VDM1 10 7F7B P 144 FF009280FF559280FFAA9280FFFF9280FF00B680FF55B680FFAAB680FFFFB680;P 152 FF00DB80FF55DB80FFAADB80FFFFDB80FF00FF80FF55FF80FFAAFF80FFFFFF80;
VDM1 11 E813 P 160 FF0000AAFF5500AAFFAA00AAFFFF00AAFF0024AAFF5524AAFFAA24AAFFFF24AA;P 168 FF0049AAFF5549AAFFAA49AAFFFF49AAFF006DAAFF556DAAFFAA6DAAFFFF6DAA;
VDM CONTROLLER 1
VDM1 12 3E74 P 176 FF0092AAFF5592AAFFAA92AAFFFF92AAFF00B6AAFF55B6AAFFAAB6AAFFFFB6AA;P 184 FF00DBAAFF55DBAAFFAADBAAFFFFDBAAFF00FFAAFF55FFAAFFAAFFAAFFFFFFAA;
VDM1 13 497D P 192 FF0000D5FF5500D5FFAA00D5FFFF00D5FF0024D5FF5524D5FFAA24D5FFFF24D5;P 200 FF0049D5FF5549D5FFAA49D5FFFF49D5FF006DD5FF556DD5FFAA6DD5FFFF6DD5;
VDM1 14 5D86 P 208 FF0092D5FF5592D5FFAA92D5FFFF92D5FF00B6D5FF55B6D5FFAAB6D5FFFFB6D5;P 216 FF00DBD5FF55DBD5FFAADBD5FFFFDBD5FF00FFD5FF55FFD5FFAAFFD5FFFFFFD5;
VDM1 15 A42B P 224 FF0000FFFF5500FFFFAA00FFFFFF00FFFF0024FFFF5524FFFFAA24FFFFFF24FF;P 232 FF0049FFFF5549FFFFAA49FFFFFF49FFFF006DFFFF556DFFFFAA6DFFFFFF6DFF;
VDM1 16 1521 P 240 FF0092FFFF5592FFFFAA92FFFFFF92FFFF00B6FFFF55B6FFFFAAB6FFFFFFB6FF;P 248 FF00DBFFFF55DBFFFFAADBFFFFFFDBFFFF00FFFFFF55FFFFFFAAFFFFFFFFFFFF;R 0 0 48 110;
VDM1 17 90E1 R 48 0 48 110;R 96 0 48 110;R 144 0 48 110;D 192 0 2E6E0272;D 240 0 0E720B9201960BB602B701B603B705D7;D 288 0 12D71EDB;D 336 0 05DB23FB;R 0 1 48 110;
VDM1 18 8FDE R 48 1 48 110;R 96 1 48 110;R 144 1 48 110;D 192 1 2E6E0272;D 240 1 0E720B9201960BB602B701B603B705D7;D 288 1 12D71EDB;D 336 1 05DB23FB;R 0 2 48 110;
VDM1 19 A1E2 R 48 2 48 110;R 96 2 48 110;R 144 2 48 110;D 192 2 2F6E0172;D 240 2 0E720A92019612B602B703D7;D 288 2 16D71ADB;D 336 2 06DB22FB;R 0 3 48 110;R 48 3 48 110;
VDM1 20 E961 R 96 3 48 110;R 144 3 48 110;D 192 3 2F6E0172;D 240 3 0E720992029614B602B701D7;D 288 3 19D717DB;D 336 3 07DB21FB;R 0 4 48 110;R 48 4 48 110;R 96 4 48 110;
VDM1 21 4D1B R 144 4 48 110;D 192 4 2F6E0172;D 240 4 0D720A92029617B6;D 288 4 03B717D716DB;D 336 4 08DB20FB;R 0 5 48 110;R 48 5 48 110;R 96 5 48 110;R 144 5 48 110;
VDM1 22 99C5 D 192 5 2F6E0172;D 240 5 0D720A92029617B6;D 288 5 03B717D716DB;D 336 5 08DB20FB;R 0 6 48 110;R 48 6 48 110;R 96 6 48 110;R 144 6 48 110;D 192 6 2F6E0172;
VDM1 23 DDE1 D 240 6 0D720992029618B6;D 288 6 02B603B701D701B714D715DB;D 336 6 09DB1FFB;R 0 7 48 110;R 48 7 48 110;R 96 7 48 110;R 144 7 48 110;R 192 7 48 110;
VDM1 24 07D3 D 240 7 0C720A92029618B6;D 288 7 05B605B712D714DB;D 336 7 09DB1FFB;R 0 8 48 110;R 48 8 48 110;R 96 8 48 110;R 144 8 48 110;R 192 8 48 110;
VDM1 25 7125 D 240 8 0C720A92029618B6;D 288 8 0AB602B713D711DB;D 336 8 0ADB1EFB;R 0 9 48 110;R 48 9 48 110;R 96 9 48 110;R 144 9 48 110;R 192 9 48 110;
VDM1 26 4EE5 D 240 9 0B720A92029619B6;D 288 9 0BB602B703B610D710DB;D 336 9 0BDB1DFB;R 0 10 48 110;R 48 10 48 110;R 96 10 48 110;R 144 10 48 110;R 192 10 48 110;
VDM1 27 52C6 D 240 10 0B720A92029619B6;D 288 10 0BB602B703B610D710DB;D 336 10 0BDB1DFB;R 0 11 48 110;R 48 11 48 110;R 96 11 48 110;R 144 11 48 110;R 192 11 48 110;
VDM1 28 710E D 240 11 0B720A92029619B6;D 288 11 0FB602B70FD710DB;D 336 11 0BDB1DFB;R 0 12 48 110;R 48 12 48 110;R 96 12 48 110;R 144 12 48 110;R 192 12 48 110;
VDM1 29 ECD8 D 240 12 016E09720B92029619B6;D 288 12 11B602B70DD701DB01D70EDB;D 336 12 0CDB1CFB;R 0 13 48 110;R 48 13 48 110;R 96 13 48 110;R 144 13 48 110;R 192 13 48 110;
VDM1 30 D80E D 240 13 016E08720C92029619B6;D 288 13 12B604B70DD70DDB;D 336 13 0CDB1CFB;R 0 14 48 110;R 48 14 48 110;R 96 14 48 110;R 144 14 48 110;D 192 14 2F6E0172;
VDM1 31 F550 D 240 14 08720D92029619B6;D 288 14 15B602B70DD70CDB;D 336 14 0DDB1BFB;R 0 15 48 110;R 48 15 48 110;R 96 15 48 110;R 144 15 48 110;D 192 15 2F6E0172;
VDM1 32 F78D D 240 15 08720D92029619B6;D 288 15 15B602B70DD70CDB;D 336 15 0DDB1BFB;R 0 16 48 110;R 48 16 48 110;R 96 16 48 110;R 144 16 48 110;D 192 16 2F6E0172;
VDM1 33 9583 D 240 16 07720E92029619B6;D 288 16 17B602B70CD70BDB;D 336 16 0EDB1AFB;R 0 17 48 110;R 48 17 48 110;R 96 17 48 110;R 144 17 48 110;D 192 17 2F6E0172;
VDM1 34 7FFD D 240 17 06720F92029619B6;D 288 17 18B602B70CD70ADB;D 336 17 0FDB19FB;D 0 18 0B6E02FB186E02FB096E;R 48 18 48 110;R 96 18 48 110;R 144 18 48 110;
VDM1 35 D001 D 192 18 2E6E0272;D 240 18 06720E92039619B6;D 288 18 13B607FB06D710B2;D 336 18 1AB20EFB;D 0 19 0B6E02FB186E02FB036E06FB;R 48 19 48 251;D 96 19 08FB286E;
VDM1 36 14B2 R 144 19 48 110;D 192 19 2D6E0372;D 240 19 05720F92039619B6;D 288 19 12B602FB05B602FB05D701FB02B201FB0CB2;D 336 19 08B203FB04B202FB03B201FB03B201FB01B20EFB;
VDM1 37 1500 D 0 20 0B6E02FB186E02FB036E06FB;R 48 20 48 251;D 96 20 08FB286E;R 144 20 48 110;D 192 20 2D6E0372;D 240 20 05720F92039619B6;
VDM1 38 909F D 288 20 12B601FB07B601FB05D701FB02B201FB03B202FB04B202FB01B2;D 336 20 02B203FB03B201FB02B201FB02B201FB02B201FB02B202FB01B202FB01B20EFB;
VDM1 39 A9E1 D 0 21 0B6E02FB186E02FB036E06FB;R 48 21 48 251;D 96 21 08FB286E;R 144 21 48 110;D 192 21 2B6E0572;D 240 21 04721092049618B6;
VDM1 40 9397 D 288 21 12B601FB07B601FB02B703D704FB02B201FB01B202FB02B201FB02B201FB;D 336 21 02B201FB02B201FB02B203FB03B204FB02B201FB01B201FB01B201FB01B20EFB;
VDM1 41 A108 D 0 22 0B6E02FB066E018E04D6026E04D6018E066E02FB036E06FB;R 48 22 48 251;D 96 22 08FB286E;R 144 22 48 110;D 192 22 2B6E0572;D 240 22 04720E9201960192049618B6;
VDM1 42 6F8D D 288 22 11B602FB07B602FB01B703D701FB02B201FB02B202FB04B201FB02B201FB;D 336 22 02B201FB02B201FB02B201FB02B201FB02B201FB02B201FB02B201FB03B201FB01B20EFB;
VDM1 43 DC0D D 0 23 0B6E02FB066E01D604FB026E04FB01D6066E02FB036E06FB;R 48 23 48 251;D 96 23 08FB286E;R 144 23 48 110;D 192 23 2A6E0672;D 240 23 03720F9201960192059617B6;
VDM1 44 F3F4 D 288 23 11B601FB09B601FB01B602B701D701FB02B201FB03B203FB03B203FB;D 336 23 01FB01B203FB03B201FB02B201FB02B201FB02B201FB02B201FB03B201FB01B20EFB;
VDM1 45 31E2 D 0 24 0B6E02FB066E01D604FB026E04FB01D6066E02FB036E04FB010001FB;D 48 24 01FB010003FB010005FB010005FB010005FB010005FB010005FB01000CFB;D 96 24 08FB286E;
VDM1 46 FBA1 R 144 24 48 110;D 192 24 2A6E0672;D 240 24 03720F9201960192059617B6;D 288 24 11B602FB07B602FB01B602B701D710B2;D 336 24 02B201FB17B20EFB;
VDM1 47 5F65 D 0 25 0B6E02FB066E01D604FB026E04FB01D6066E02FB036E04FB010001FB;D 48 25 01FB010002FB03000AFB01000AFB03000AFB020005FB;D 96 25 020006FB286E;R 144 25 48 110;
VDM1 48 56E1 D 192 25 296E0772;D 240 25 0272109201960192059617B6;D 288 25 12B601FB07B601FB03B602B710B2;D 336 25 02B201FB17B20EFB;
VDM1 49 F292 D 0 26 0B6E02FB066E01D604FB026E04FB01D6066E02FB036E04FB010001FB;D 48 26 01FB010003FB010005FB010005FB010005FB010005FB010005FB010004FB010001FB020003FB0100;
VDM1 50 B503 D 96 26 010007FB286E;R 144 26 48 110;D 192 26 296E0772;D 240 26 0172119201960192069616B6;D 288 26 12B601FB07B601FB04B601B710B2;D 336 26 1AB20EFB;
VDM1 51 9875 D 0 27 0B6E02FB106E0169076E02FB036E04FB010001FB;D 48 27 01FB010003FB010005FB010005FB010005FB010005FB010005FB010004FB020006FB;D 96 27 01FB010006FB286E;
VDM1 52 F85E R 144 27 48 110;D 192 27 276E0972;D 240 27 129201960292059616B6;D 288 27 12B602FB05B602FB05B602B202FB04B201FB07B2;
VDM1 53 76D4 D 336 27 03B203FB03B202FB03B201FB02B201FB02B203FB03B20EFB;D 0 28 0B6E02FB186E02FB036E05FB0100;
VDM1 54 5F53 D 48 28 010005FB010005FB010005FB010005FB010005FB010005FB010004FB030003FB0100;D 96 28 010007FB286E;R 144 28 48 110;D 192 28 266E09720192;
VDM1 55 751C D 240 28 129201960292069615B6;D 288 28 13B607FB06B601B201FB05B202FB07B2;D 336 28 05B201FB05B201FB02B201FB02B201FB02B201FB02B201FB02B20EFB;
VDM1 56 2860 D 0 29 0B6E02FB066E01D604FB0169036E01D7086E02FB036E06FB;R 48 29 48 251;D 96 29 08FB286E;R 144 29 48 110;D 192 29 266E09720192;D 240 29 129201960292069615B6;
VDM1 57 FAD4 D 288 29 20B601B202FB05B201FB07B2;D 336 29 05B201FB04B201FB03B203FB03B203FB03B20EFB;D 0 30 0B6E02FB066E01D604FB036E018E01D7086E02FB036E06FB;R 48 30 48 251;
VDM1 58 D8B9 D 96 30 08FB286E;R 144 30 48 110;D 192 30 256E0A720192;D 240 30 1692059615B6;D 288 30 20B601B201FB01B201FB04B201FB07B2;
VDM1 59 8B17 D 336 30 04B201FB06B201FB02B201FB02B201FB02B201FB02B201FB02B20EFB;D 0 31 0B6E02FB066E01D604FB026E02D701FB01D7018E066E02FB036E06FB;R 48 31 48 251;
VDM1 60 08BB D 96 31 08FB286E;R 144 31 48 110;D 192 31 246E0A720292;D 240 31 1692079613B6;D 288 31 20B602B201FB04B203FB04B201FB01B2;
VDM1 61 BB1C D 336 31 04B201FB04B202FB03B201FB02B201FB02B203FB03B20EFB;D 0 32 0B6E02FB066E01D604FB0169036E01D7036E10B7;R 48 32 48 183;R 96 32 48 183;R 144 32 48 183;
attemptReconnectIfNeeded: reinitializing BLE client before reconnect
VDM1 62 9FF3 R 192 32 48 183;R 240 32 48 183;R 288 32 48 183;D 336 32 08B712B20EFB;D 0 33 0B6E02FB066E018E01D601B602D6046E018E036E01B70F25;R 48 33 48 37;R 96 33 48 37;
VDM1 63 D051 R 144 33 48 37;R 192 33 48 37;R 240 33 48 37;R 288 33 48 37;D 336 33 072501B712B20EFB;D 0 34 0B6E02FB136E01B70F25;R 48 34 48 37;R 96 34 48 37;R 144 34 48 37;
VDM1 64 785F R 192 34 48 37;R 240 34 48 37;R 288 34 48 37;D 336 34 072501B70EDB12FB;D 0 35 0B6E02FB136E01B70F25;R 48 35 48 37;R 96 35 48 37;R 144 35 48 37;R 192 35 48 37;
VDM1 65 82A9 R 240 35 48 37;R 288 35 48 37;D 336 35 072501B70FDB11FB;D 0 36 0B6E02FB136E01B704250BFB;R 48 36 48 37;R 96 36 48 37;R 144 36 48 37;R 192 36 48 37;
VDM1 66 FC83 R 240 36 48 37;R 288 36 48 37;D 336 36 072501B70FDB11FB;D 0 37 0B6E02FB136E01B7042501FB09A401FB;R 48 37 48 37;R 96 37 48 37;R 144 37 48 37;R 192 37 48 37;
VDM1 67 361B R 240 37 48 37;R 288 37 48 37;D 336 37 072501B710DB10FB;D 0 38 206E01B7042501FB09A401FB;R 48 38 48 37;R 96 38 48 37;R 144 38 48 37;R 192 38 48 37;
VDM1 68 4CF6 R 240 38 48 37;R 288 38 48 37;D 336 38 072501B711DB0FFB;D 0 39 206E01B7042501FB02A401FB03A401FB02A401FB;
VDM1 69 4D0D D 48 39 092504FB042504FB032501FB032502FB022506FB032504FB0325;D 96 39 012504FB032501FB032502FB022505FB042504FB032506FB032504FB0325;
VDM1 70 F3EF D 144 39 012504FB032501FB032502FB2225;R 192 39 48 37;R 240 39 48 37;R 288 39 48 37;D 336 39 072501B711DB0FFB;D 0 40 206E01B7042501FB03A401FB01A401FB03A401FB;
VDM1 71 96D6 D 48 40 082502FB022502FB022502FB022502FB022502FB022502FB022502FB082502FB0425;
VDM1 72 F448 D 96 40 02FB022502FB022501FB032502FB022502FB022502FB022501FB022503FB042502FB062502FB0425;D 144 40 02FB022502FB022502FB022502FB2225;R 192 40 48 37;
VDM1 73 71D2 R 240 40 48 37;R 288 40 48 37;D 336 40 072501B711DB0FFB;D 0 41 206E01B7042501FB04A401FB04A401FB;
VDM1 74 425A D 48 41 082502FB062502FB022502FB022503FB012502FB022502FB082502FB0425;D 96 41 02FB062501FB032502FB022502FB022502FB022501FB022503FB042502FB062502FB0425;
VDM1 75 5F62 D 144 41 02FB022502FB022503FB012502FB2225;R 192 41 48 37;R 240 41 48 37;R 288 41 48 37;D 336 41 072501B711DB0FFB;
VDM1 76 07C6 D 0 42 206E01B7042501FB03A401FB01A401FB03A401FB;D 48 42 082502FB062502FB022502FB022501FB012504FB022505FB052502FB0425;
VDM1 77 5B4C D 96 42 02FB012503FB022501FB032502FB022504FB042506FB042502FB062502FB0425;D 144 42 02FB022502FB022501FB012504FB2225;R 192 42 48 37;R 240 42 48 37;
VDM1 78 9C6B R 288 42 48 37;D 336 42 072501B718B208FB;D 0 43 206E01B7042501FB02A401FB03A401FB02A401FB;
VDM1 79 C268 D 48 43 082502FB022502FB022502FB022502FB022501FB022503FB022502FB082502FB0425;
VDM1 80 728B D 96 43 02FB022502FB022501FB022503FB022502FB012501FB042501FB022503FB042502FB062502FB0425;D 144 43 02FB022502FB022501FB022503FB2225;R 192 43 48 37;
VDM1 81 D8F2 R 240 43 48 37;R 288 43 48 37;D 336 43 072501B701B201FB0BB203FB02B203FB03B208FB;D 0 44 206E01B7042501FB09A401FB;
VDM1 82 524C D 48 44 092504FB042504FB032501FB032502FB022502FB072504FB0325;D 96 44 012505FB032504FB032502FB022502FB022501FB022503FB042502FB052504FB0325;
VDM1 83 8997 D 144 44 012504FB032501FB032502FB2225;R 192 44 48 37;R 240 44 48 37;R 288 44 48 37;D 336 44 072501B701B201FB0AB201FB05B201FB02B201FB02B208FB;
VDM1 84 389D D 0 45 206E01B7042501FB09A401FB;R 48 45 48 37;R 96 45 48 37;R 144 45 48 37;R 192 45 48 37;R 240 45 48 37;R 288 45 48 37;
VDM1 85 18F6 D 336 45 072501B701B201FB0BB202FB03B201FB02B201FB02B208FB;D 0 46 206E01B704250BFB;R 48 46 48 37;R 96 46 48 37;R 144 46 48 37;R 192 46 48 37;R 240 46 48 37;
VDM1 86 642C R 288 46 48 37;D 336 46 072501B701B201FB0DB201FB02B201FB02B201FB02B208FB;D 0 47 206E01B70F25;R 48 47 48 37;R 96 47 48 37;R 144 47 48 37;R 192 47 48 37;
VDM CONTROLLER 1
VDM1 87 D754 R 240 47 48 37;R 288 47 48 37;D 336 47 072501B702B201FB09B203FB03B203FB03B208FB;D 0 48 206E01B70F25;R 48 48 48 37;R 96 48 48 37;R 144 48 48 37;R 192 48 48 37;
VDM1 88 4771 R 240 48 48 37;R 288 48 48 37;D 336 48 072501B718B208FB;D 0 49 206E01B70F25;R 48 49 48 37;R 96 49 48 37;R 144 49 48 37;R 192 49 48 37;R 240 49 48 37;
VDM1 89 B93B R 288 49 48 37;D 336 49 072501B718B208FB;D 0 50 206E01B70F36;R 48 50 48 54;R 96 50 48 54;R 144 50 48 54;R 192 50 48 54;R 240 50 48 54;R 288 50 48 54;
VDM1 90 C3D2 D 336 50 073601B712B202DB0CFB;D 0 51 206E01B70F01;R 48 51 48 1;R 96 51 48 1;R 144 51 48 1;R 192 51 48 1;R 240 51 48 1;R 288 51 48 1;
VDM1 91 D169 D 336 51 070101B702B202FB03B203FB02B203FB03B203DB0BFB;D 0 52 126E018D01D603B601B2086E01B70F01;R 48 52 48 1;R 96 52 48 1;R 144 52 48 1;R 192 52 48 1;
VDM1 92 9778 R 240 52 48 1;R 288 52 48 1;D 336 52 070101B701B201FB04B201FB05B201FB02B201FB02B203DB0BFB;D 0 53 126E06FB01B6076E01B70F01;R 48 53 48 1;R 96 53 48 1;
VDM1 93 64BF R 144 53 48 1;R 192 53 48 1;R 240 53 48 1;R 288 53 48 1;D 336 53 070101B701B202FB03B201FB01B202FB02B203FB03B203DB0BFB;D 0 54 126E0EFB01B70F01;R 48 54 48 1;
VDM1 94 0D57 R 96 54 48 1;R 144 54 48 1;R 192 54 48 1;R 240 54 48 1;R 288 54 48 1;D 336 54 070101B701B201FB01B201FB02B201FB03B201FB01B201FB02B201FB02B204DB0AFB;
VDM1 95 51B8 D 0 55 126E0EFB01B70F01;R 48 55 48 1;R 96 55 48 1;R 144 55 48 1;R 192 55 48 1;R 240 55 48 1;R 288 55 48 1;
VDM1 96 E3BC D 336 55 070101B702B201FB04B203FB02B203FB03B204DB0AFB;D 0 56 126E0EFB01B70F01;R 48 56 48 1;R 96 56 48 1;R 144 56 48 1;R 192 56 48 1;R 240 56 48 1;
VDM1 97 2141 R 288 56 48 1;D 336 56 070101B712B205DB09FB;D 0 57 126E0EFB01B70F01;R 48 57 48 1;R 96 57 48 1;R 144 57 48 1;R 192 57 48 1;R 240 57 48 1;R 288 57 48 1;
VDM1 98 B707 D 336 57 070101B712B205DB09FB;D 0 58 126E0EFB01B70A010556;R 48 58 48 86;R 96 58 48 86;D 144 58 28560801;R 192 58 48 73;R 240 58 48 73;D 288 58 2D490301;
VDM1 99 A689 D 336 58 070101B703D714DB09FB;D 0 59 126E0EFB01B70A0101560429;R 48 59 48 41;R 96 59 48 41;D 144 59 272901560801;D 192 59 01492F24;R 240 59 48 36;
VDM1 100 5D19 D 288 59 2C2401490301;D 336 59 070101B704D713DB09FB;D 0 60 126E0EFB01B70A0101560429;R 48 60 48 41;R 96 60 48 41;D 144 60 272901560801;D 192 60 01492F24;
VDM1 101 5D21 R 240 60 48 36;D 288 60 2C2401490301;D 336 60 070101B704D714DB08FB;D 0 61 126E0EFB01B70A0101560429;R 48 61 48 41;R 96 61 48 41;D 144 61 1129142D022901560801;
VDM1 102 AEB3 D 192 61 01492F24;R 240 61 48 36;D 288 61 10241A65022401490301;D 336 61 070101B705D714DB07FB;D 0 62 126E0EFB01B70A0101560429;R 48 62 48 41;R 96 62 48 41;
VDM1 103 D725 D 144 62 1129142D022901560801;D 192 62 01492F24;R 240 62 48 36;D 288 62 10241A65022401490301;D 336 62 070101B705D714DB07FB;
VDM1 104 6F9B D 0 63 126E018D01D60AB601D6018D01B70A0101560429;R 48 63 48 41;R 96 63 48 41;D 144 63 1129142D022901560801;D 192 63 01492F24;R 240 63 48 36;
VDM1 105 6957 D 288 63 10241A65022401490301;D 336 63 070101B706D714DB06FB;D 0 64 206E01B70A0101560429;R 48 64 48 41;R 96 64 48 41;D 144 64 1129142D022901560801;
VDM1 106 0E47 D 192 64 01492F24;R 240 64 48 36;D 288 64 10241A65022401490301;D 336 64 070101B706D714DB06FB;D 0 65 206E01B70A0101560429;
VDM1 107 F60E D 48 65 01FB032901FB082901FB052901FB1C29;D 96 65 0C2905FB1F29;D 144 65 1129042D02FB032D01FB032D01FB062D022901560801;D 192 65 0149052403FB1B2401FB0B24;
VDM1 108 9D1B D 240 65 03FB092401FB2324;D 288 65 1024046502FB036504FB026504FB0765022401490301;D 336 65 070101B706D714DB06FB;D 0 66 206E01B70A0101560429;
VDM1 109 266C D 48 66 01FB032901FB022902FB042901FB052901FB042903FB042902FB032903FB042902FB0329;D 96 66 022902FB0A2901FB042902FB042902FB1529;
VDM1 110 7770 D 144 66 1129032D01FB022D01FB022D02FB022D01FB062D022901560801;D 192 66 0149062401FB032401FB012401FB042401FB022401FB022402FB052402FB022403FB092401FB;
VDM1 111 3FE8 D 240 66 062402FB042401FB052402FB032401FB022401FB042402FB042402FB0924;D 288 66 1024036501FB026501FB026501FB056501FB0A65022401490301;
VDM1 112 F6CD D 336 66 070101B712B209DB05FB;D 0 67 206E01B70A0101560429;
VDM1 113 F073 B 48 67 FB29FB29FB29FB2929FB292929FB2929292929FB29292929FB2929FB2929FB2929FB2929FB2929FB2929FB29FBFB2929;
VDM1 114 4C4E D 96 67 012901FB0C2901FB032901FB022901FB022901FB022901FB1429;D 144 67 1129032D01FB022D01FB022D01FB012D01FB012D01FB062D022901560801;
VDM1 115 22EF D 192 67 0149062401FB032402FB012401FB032401FB022401FB012401FB012402FB032401FB052401FB0A2401FB;
VDM1 116 5198 D 240 67 052401FB022401FB032401FB042401FB022401FB022401FB022401FB032401FB052402FB0A24;D 288 67 1024036501FB026501FB026503FB036503FB0865022401490301;
VDM1 117 A15E D 336 67 070101B707B203FB02B203FB03B209DB05FB;D 0 68 206E01B70A0101560429;
VDM1 118 1234 B 48 68 FBFB29FBFB29FB2929FB292929FB2929292929FB29292929FB2929FB2929FB2929FB2929FB2929FB2929FBFB29292929;
VDM1 119 0B1E D 96 68 012901FB0C2901FB032901FB022901FB022901FB022901FB1429;D 144 68 1129032D01FB022D01FB022D01FB022D02FB062D022901560801;
VDM1 120 9DA8 D 192 68 0149062401FB032401FB022401FB032401FB012401FB022402FB052401FB052401FB0A2401FB;
VDM1 121 6457 D 240 68 052401FB022401FB032401FB042401FB022401FB022401FB022401FB032401FB072401FB0924;D 288 68 1024036501FB026501FB026501FB056501FB0A65022401490301;
VDM1 122 FA0C D 336 68 070101B706B201FB05B201FB02B201FB02B209DB05FB;D 0 69 206E01B70A0101560429;
VDM1 123 EC00 D 48 69 01FB032901FB022904FB032901FB052901FB032903FB042904FB012903FB042903FB0229;D 96 69 012901FB0C2901FB042902FB042903FB1429;
VDM1 124 CAE4 D 144 69 1129042D02FB032D01FB032D01FB062D022901560801;D 192 69 0149052403FB022401FB022401FB042401FB042403FB032401FB062401FB0A24;
VDM1 125 E618 D 240 69 03FB032402FB052401FB042402FB042404FB022401FB052402FB0A24;D 288 69 1024046502FB036501FB056501FB0A65022401490301;
VDM1 126 34DC D 336 69 070101B707B202FB03B201FB02B201FB02B20ADB04FB;D 0 70 206E01B70A0101560429;D 48 70 182901FB0B2901FB0B29;D 96 70 1B2901FB1429;
VDM1 127 4C90 D 144 70 1129142D022901560801;D 192 70 01492F24;R 240 70 48 36;D 288 70 10241A65022401490301;D 336 70 070101B709B201FB02B201FB02B201FB02B20ADB04FB;
VDM1 128 8110 D 0 71 206E01B70A0101560429;D 48 71 182901FB0B2901FB0B29;D 96 71 192902FB1529;D 144 71 1129142D022901560801;D 192 71 01492F24;R 240 71 48 36;
VDM1 129 56E3 D 288 71 10241A65022401490301;D 336 71 070101B706B203FB03B203FB03B20BDB03FB;D 0 72 206E01B70A0101560429;R 48 72 48 41;R 96 72 48 41;
VDM1 130 17E4 D 144 72 1129142D022901560801;D 192 72 01492F24;R 240 72 48 36;D 288 72 10241A65022401490301;D 336 72 070101B712B20BDB03FB;D 0 73 206E01B70A0101560429;
VDM1 131 2F76 R 48 73 48 41;R 96 73 48 41;D 144 73 1129142D022901560801;D 192 73 01492F24;R 240 73 48 36;D 288 73 10241A65022401490301;D 336 73 070101B712B20BDB03FB;
VDM1 132 0E0C D 0 74 206E01B70A0101560429;R 48 74 48 41;R 96 74 48 41;D 144 74 272901560801;D 192 74 01492F24;R 240 74 48 36;D 288 74 2C2401490301;
VDM1 133 C23A D 336 74 070101B712B20CDB02FB;D 0 75 206E01B70A0101560429;R 48 75 48 41;R 96 75 48 41;D 144 75 272901560801;D 192 75 01492F24;R 240 75 48 36;
VDM1 134 0F42 D 288 75 2C2401490301;D 336 75 070101B702B201FB04B203FB02B203FB03B20CDB02FB;D 0 76 206E01B70A010556;R 48 76 48 86;R 96 76 48 86;D 144 76 28560801;
VDM1 135 8ADD R 192 76 48 73;R 240 76 48 73;D 288 76 2D490301;D 336 76 070101B701B201FB01B201FB02B201FB05B201FB02B201FB02B20CDB02FB;D 0 77 206E01B70F01;R 48 77 48 1;
VDM1 136 949E R 96 77 48 1;R 144 77 48 1;R 192 77 48 1;R 240 77 48 1;R 288 77 48 1;D 336 77 070101B702B202FB02B201FB01B202FB02B203FB03B20CDB02FB;D 0 78 206E01B70F01;
VDM1 137 4E4E R 48 78 48 1;R 96 78 48 1;R 144 78 48 1;R 192 78 48 1;R 240 78 48 1;R 288 78 48 1;D 336 78 070101B703B201FB02B201FB03B201FB01B201FB02B201FB02B20DDB01FB;
VDM1 138 7164 D 0 79 1A6E03FB036E01B70F01;R 48 79 48 1;R 96 79 48 1;R 144 79 48 1;R 192 79 48 1;R 240 79 48 1;R 288 79 48 1;
VDM1 139 61DF D 336 79 070101B701B202FB04B203FB02B203FB03B20DDB01FB;D 0 80 1A6E04FB026E01B70A010549;R 48 80 48 73;R 96 80 48 73;D 144 80 28490801;R 192 80 48 73;
VDM1 140 40D1 R 240 80 48 73;D 288 80 2D490301;D 336 80 070101B712B20EDB;D 0 81 1B6E04FB016E01B70A0101490424;R 48 81 48 36;R 96 81 48 36;D 144 81 272401490801;
VDM1 141 825B D 192 81 01492F24;R 240 81 48 36;D 288 81 2C2401490301;D 336 81 070101B712B20EDB;D 0 82 136E0DFB01B70A0101490424;R 48 82 48 36;R 96 82 48 36;
VDM1 142 52E8 D 144 82 272401490801;D 192 82 01492F24;R 240 82 48 36;D 288 82 2C2401490301;D 336 82 070101B701B602B70AD713DB;D 0 83 126E0EFB01B70A0101490424;R 48 83 48 36;
VDM1 143 D457 R 96 83 48 36;D 144 83 1124142D022401490801;D 192 83 01492F24;R 240 83 48 36;D 288 83 2C2401490301;D 336 83 070101B701B603B709D713DB;
VDM1 144 E3B3 D 0 84 116E0FFB01B70A0101490424;R 48 84 48 36;R 96 84 48 36;D 144 84 1124142D022401490801;D 192 84 01492F24;R 240 84 48 36;D 288 84 2C2401490301;
VDM1 145 86B3 D 336 84 070101B701B601B701B602B709D712DB;D 0 85 116E04FB066E04FB016E01B70A0101490424;R 48 85 48 36;R 96 85 48 36;D 144 85 1124142D022401490801;
VDM1 146 F4A9 D 192 85 01492F24;R 240 85 48 36;D 288 85 2C2401490301;D 336 85 070101B704B601B709D712DB;D 0 86 106E03FB076E04FB026E01B70A0101490424;R 48 86 48 36;
VDM1 147 FFD7 R 96 86 48 36;D 144 86 1124142D022401490801;D 192 86 01492F24;D 240 86 082401FB2724;D 288 86 2C2401490301;D 336 86 070101B704B601B709D712DB;
VDM1 148 D742 D 0 87 106E03FB076E03FB036E01B70A0101490424;D 48 87 05FB0E2401FB052401FB052401FB1024;D 96 87 062405FB2524;
VDM1 149 E3FC D 144 87 1124042D02FB032D01FB032D01FB062D022401490801;D 192 87 0149052403FB092401FB0A2405FB022401FB0B24;D 240 87 082401FB022403FB0A2401FB1724;
VDM1 150 ABDB D 288 87 2C2401490301;D 336 87 070101B704B602B709D711DB;D 0 88 106E03FB086E01FB046E01B70A0101490424;
VDM1 151 B0EF D 48 88 022401FB042402FB042402FB042401FB042403FB092403FB052402FB0224;D 96 88 082401FB042402FB042402FB1B24;
VDM1 152 22B3 D 144 88 1124032D01FB022D01FB022D02FB022D01FB062D022401490801;D 192 88 0149042401FB062402FB032403FB0B2401FB092402FB012401FB0324;
VDM1 153 1892 D 240 88 02FB052401FB032401FB022401FB032402FB032403FB042402FB1024;D 288 88 252401F1062401490301;D 336 88 070101B705B601B709D711DB;
VDM1 154 538A D 0 89 106E03FB0C6E01FB01B70A0101490424;D 48 89 022401FB032401FB022401FB022401FB022401FB032401FB052401FB052401FB042401FB022401FB032402FB0324;
VDM1 155 D7E3 D 96 89 082401FB032401FB022401FB022401FB022401FB1A24;D 144 89 1124032D01FB022D01FB022D01FB012D01FB012D01FB062D022401490801;
VDM1 156 1EC0 D 192 89 0149052402FB032401FB012402FB032401FB0C2401FB042401FB042401FB012401FB012401FB012401FB;
VDM1 157 C1B2 D 240 89 012402FB042401FB032401FB022401FB022401FB022401FB032401FB042401FB012402FB0F24;D 288 89 262401F1052401490301;D 336 89 070101B706B601B709D710DB;
VDM1 158 0550 D 0 90 106E03FB0C6E01FB01B70A0101490424;D 48 90 022401FB032401FB022401FB022401FB022401FB032401FB052401FB052401FB042401FB022401FB052401FB0224;
VDM1 159 2C4B D 96 90 082401FB032401FB022401FB022401FB022401FB1A24;D 144 90 1124032D01FB022D01FB022D01FB022D02FB062D022401490801;
VDM1 160 5179 D 192 90 0149072401FB022402FB052401FB0C2401FB042401FB042401FB012401FB012401FB012401FB;
VDM1 161 B1DC D 240 90 01FB052401FB042401FB022401FB022401FB022401FB032401FB042402FB1124;D 288 90 252401F1062401490301;D 336 90 070101B712B20EDB;
VDM1 162 C060 D 0 91 106E03FB0C6E01FB01B70A0101490424;D 48 91 022401FB042402FB042402FB052401FB052401FB052401FB032403FB042402FB0324;D 96 91 082401FB042402FB042403FB1A24;
VDM1 163 5D99 D 144 91 1124042D02FB032D01FB032D01FB062D022401490801;D 192 91 0149042403FB042403FB042401FB0B2401FB052401FB032401FB032401FB0224;
VDM CONTROLLER 1
VDM1 164 0011 D 240 91 03FB032401FB042403FB042404FB032401FB042403FB0F24;D 288 91 2C2401490301;D 336 91 070101B703FB04B202FB03B201FB03B201FB01B20EDB;
VDM1 165 95D7 D 0 92 106E03FB0C6E01FB01B70A0101490424;D 48 92 242401FB0B24;D 96 92 152401FB1A24;D 144 92 1124142D022401490801;D 192 92 01492F24;R 240 92 48 36;
VDM1 166 21C5 D 288 92 2C2401490301;D 336 92 070101B701FB02B201FB02B201FB02B201FB02B202FB01B202FB01B20EDB;D 0 93 106E04FB0A6E02FB01B70A0101490424;D 48 93 242401FB0B24;
VDM1 167 369E D 96 93 132402FB1B24;D 144 93 1124142D022401490801;D 192 93 01492F24;R 240 93 48 36;D 288 93 2C2401490301;
VDM1 168 4AA0 D 336 93 070101B703FB03B201FB02B201FB02B201FB01B201FB01B201FB01B20EDB;D 0 94 116E0FFB01B70A0101490424;R 48 94 48 36;R 96 94 48 36;
VDM1 169 1E6F D 144 94 1124142D022401490801;D 192 94 01492F24;R 240 94 48 36;D 288 94 2C2401490301;D 336 94 070101B701FB02B201FB02B201FB02B201FB02B201FB03B201FB01B20EDB;
VDM1 170 66C6 D 0 95 126E0EFB01B70A0101490424;R 48 95 48 36;R 96 95 48 36;D 144 95 1124142D022401490801;D 192 95 01492F24;R 240 95 48 36;D 288 95 2C2401490301;
VDM1 171 BC4E D 336 95 070101B701FB02B201FB03B202FB03B201FB03B201FB01B20EDB;D 0 96 136E0CFB016E01B70A0101490424;R 48 96 48 36;R 96 96 48 36;D 144 96 272401490801;
VDM1 172 31A6 D 192 96 01492F24;R 240 96 48 36;D 288 96 2C2401490301;D 336 96 070101B712B20EDB;D 0 97 206E01B70A0101490424;R 48 97 48 36;R 96 97 48 36;D 144 97 272401490801;
VDM1 173 D6EA D 192 97 01492F24;R 240 97 48 36;D 288 97 2C2401490301;D 336 97 070101B712B20EDB;D 0 98 206E01B70A010549;R 48 98 48 73;R 96 98 48 73;D 144 98 28490801;
VDM1 174 DB10 R 192 98 48 73;R 240 98 48 73;D 288 98 2D490301;D 336 98 070101B70CB206D70EDB;D 0 99 206E01B70F01;R 48 99 48 1;R 96 99 48 1;R 144 99 48 1;R 192 99 48 1;
VDM1 175 CFDE R 240 99 48 1;R 288 99 48 1;D 336 99 070101B701FB03B201FB01B203FB03B207D70DDB;D 0 100 206E01B70F01;R 48 100 48 1;R 96 100 48 1;R 144 100 48 1;R 192 100 48 1;
VDM1 176 3897 R 240 100 48 1;R 288 100 48 1;D 336 100 070101B702FB01B202FB01B201FB02B201FB02B207D70DDB;D 0 101 206E01B70F01;R 48 101 48 1;R 96 101 48 1;R 144 101 48 1;
VDM1 177 0CEB R 192 101 48 1;R 240 101 48 1;R 288 101 48 1;D 336 101 070101B701FB01B201FB01B201FB01B203FB03B207D70DDB;D 0 102 206E01B70A010549;R 48 102 48 73;R 96 102 48 73;
VDM1 178 792A D 144 102 28490801;R 192 102 48 73;R 240 102 48 73;D 288 102 2D490301;D 336 102 070101B701FB03B201FB01B201FB02B201FB02B207D70DDB;D 0 103 206E01B70A0101490424;
VDM1 179 2690 R 48 103 48 36;R 96 103 48 36;D 144 103 272401490801;D 192 103 01492F24;R 240 103 48 36;D 288 103 2C2401490301;
VDM1 180 C811 D 336 103 070101B701FB03B201FB01B203FB03B207D70DDB;D 0 104 206E01B70A0101490424;R 48 104 48 36;R 96 104 48 36;D 144 104 272401490801;D 192 104 01492F24;
VDM1 181 C846 R 240 104 48 36;D 288 104 2C2401490301;D 336 104 070101B70CB208D70CDB;D 0 105 206E01B70A0101490424;R 48 105 48 36;R 96 105 48 36;
VDM1 182 B0C4 D 144 105 0B241A65022401490801;D 192 105 01492F24;R 240 105 48 36;D 288 105 2C2401490301;D 336 105 070101B70CB208D70CDB;D 0 106 206E01B70A0101490424;
VDM1 183 47C1 R 48 106 48 36;R 96 106 48 36;D 144 106 0B241A65022401490801;D 192 106 01492F24;R 240 106 48 36;D 288 106 2C2401490301;D 336 106 070101B70BB601B709D70BDB;
VDM1 184 8D70 D 0 107 206E01B70A0101490424;R 48 107 48 36;R 96 107 48 36;D 144 107 0B241A65022401490801;D 192 107 01492F24;R 240 107 48 36;D 288 107 2C2401490301;
VDM1 185 EDD4 D 336 107 070101B70CB601B708D70BDB;D 0 108 206E01B70A0101490424;R 48 108 48 36;R 96 108 48 36;D 144 108 0B241A65022401490801;D 192 108 01492F24;
VDM1 186 1B2B R 240 108 48 36;D 288 108 2C2401490301;D 336 108 070101B70CB602B708D70ADB;D 0 109 206E01B70A0101490424;D 48 109 01FB032401FB0D2401FB1D24;
VDM1 187 C11A D 96 109 01FB022401FB032402FB032403FB032405FB1924;D 144 109 0B24046502FB036504FB026504FB0765022401490801;D 192 109 0149042403FB042401FB102401FB0C2402FB0424;
VDM1 188 4947 D 240 109 01FB0A2401FB2424;D 288 109 2C2401490301;D 336 109 070101B70DB601B708D70ADB;D 0 110 206E01B70A0101490424;
VDM1 189 0D2B D 48 110 01FB032401FB022402FB052402FB022403FB042402FB052402FB032402FB0924;D 96 110 01FB022401FB022401FB022401FB022401FB022401FB042401FB1B24;
VDM1 190 F5E8 D 144 110 0B24036501FB026501FB026501FB056501FB0A65022401490801;D 192 110 0149042401FB022401FB032401FB052402FB042402FB032401FB012402FB082401FB022401FB0324;
VDM1 191 1E51 D 240 110 01FB042403FB032401FB012401FB042402FB1C24;D 288 110 252401F1062401490301;D 336 110 070101B70DB601B708D70ADB;D 0 111 206E01B70A0101490424;
VDM1 192 E613 B 48 111 FB242424FB24FB24FBFB242424FB24242424FB2424FB2424FB2424FB242424FBFB242424FB24FBFB2424242424242424;D 96 111 01FB022401FB022404FB022403FB052401FB1B24;
VDM1 193 2C71 D 144 111 0B24036501FB026501FB026503FB036503FB0865022401490801;D 192 111 0149042403FB042401FB042401FB022401FB022401FB052402FB0A2404FB0324;
VDM1 194 4D97 D 240 111 01FB042401FB022401FB022402FB012401FB022401FB022401FB1B24;D 288 111 262401F1052401490301;D 336 111 070101B70DB601B709D709DB;
VDM1 195 17C9 D 0 112 186E02FB066E01B70A0101490424;D 48 112 012401FB012401FB022402FB052401FB042401FB022401FB022401FB022401FB052401FB022402FB0A24;
VDM1 196 2969 D 96 112 01FB022401FB022401FB022401FB022401FB022401FB042401FB1B24;D 144 112 0B24036501FB026501FB026501FB056501FB0A65022401490801;
VDM1 197 2171 D 192 112 0149042401FB022401FB032401FB042401FB022401FB022401FB052401FB012401FB092401FB022401FB0324;
VDM1 198 A31A D 240 112 01FB042401FB022401FB022401FB022401FB022401FB022401FB1B24;D 288 112 252401F1062401490301;D 336 112 070101B70EB601B708D709DB;
VDM1 199 AAC5 D 0 113 146E018E01D6016901D602FB01D6016901D6018D026E01B70A0101490424;D 48 113 022401FB042403FB032401FB052402FB042402FB042402FB042403FB0824;
VDM1 200 1B80 D 96 113 012402FB032401FB022401FB022401FB022401FB042401FB1B24;D 144 113 0B24046502FB036501FB056501FB0A65022401490801;
VDM1 201 77D6 D 192 113 0149042403FB052401FB042404FB022402FB032401FB022401FB082401FB022401FB0324;D 240 113 012401FB032403FB032401FB022401FB032404FB1A24;
VDM1 202 3EE6 D 288 113 2C2401490301;D 336 113 070101B704B20AB601B709D708DB;D 0 114 146E01D608FB01D6026E01B70A0101490424;R 48 114 48 36;R 96 114 48 36;
VDM1 203 EE22 D 144 114 0B241A65022401490801;D 192 114 01492F24;D 240 114 052401FB2A24;D 288 114 2C2401490301;D 336 114 070101B702B201FB01B20AB602B708D708DB;
VDM1 204 AC7A D 0 115 146E016902FB01D6026901D602FB0169026E01B70A0101490424;R 48 115 48 36;R 96 115 48 36;D 144 115 0B241A65022401490801;D 192 115 01492F24;
VDM1 205 CF49 D 240 115 052401FB2A24;D 288 115 2C2401490301;D 336 115 070101B701B202FB01B20AB602B708D708DB;D 0 116 146E01D601FB01D6046E01D601FB01D6026E01B70A0101490424;
VDM1 206 B0CC R 48 116 48 36;R 96 116 48 36;D 144 116 0B241A65022401490801;D 192 116 01492F24;R 240 116 48 36;D 288 116 2C2401490301;
VDM1 207 0D53 D 336 116 070101B701FB01B201FB01B20BB601B709D707DB;D 0 117 136E03FB0169046E016903FB016E01B70A0101490424;R 48 117 48 36;R 96 117 48 36;
VDM1 208 8B79 D 144 117 0B241A65022401490801;D 192 117 01492F24;R 240 117 48 36;D 288 117 2C2401490301;D 336 117 070101B702B201FB01B20BB602B708D707DB;
VDM1 209 6F7A D 0 118 136E03FB0169046E016903FB016E01B70A0101490424;R 48 118 48 36;R 96 118 48 36;D 144 118 272401490801;D 192 118 01492F24;R 240 118 48 36;
VDM1 210 729D D 288 118 2C2401490301;D 336 118 070101B702B201FB01B20CB601B709D706DB;D 0 119 146E01D601FB01D6046E01D601FB01D6026E01B70A0101490424;R 48 119 48 36;
VDM1 211 1702 R 96 119 48 36;D 144 119 272401490801;D 192 119 01492F24;R 240 119 48 36;D 288 119 2C2401490301;D 336 119 070101B704B20CB601B709D706DB;
VDM1 212 E66E D 0 120 146E016902FB01D6026901D602FB0169026E01B70A010549;R 48 120 48 73;R 96 120 48 73;D 144 120 28490801;R 192 120 48 73;R 240 120 48 73;D 288 120 2D490301;
VDM1 213 960F D 336 120 070101B704B20DB609D706DB;D 0 121 146E01D608FB01D6026E01B70F01;R 48 121 48 1;R 96 121 48 1;R 144 121 48 1;R 192 121 48 1;R 240 121 48 1;
VDM1 214 E8D0 R 288 121 48 1;D 336 121 070101B710B201B609D706DB;D 0 122 146E018D01D6016901D602FB01D6016901D6018D026E01B70F01;R 48 122 48 1;R 96 122 48 1;R 144 122 48 1;
VDM1 215 FFDB R 192 122 48 1;R 240 122 48 1;R 288 122 48 1;D 336 122 070101B701FB04B203FB02B204FB02B201B601B709D705DB;D 0 123 186E02FB066E01B70F01;R 48 123 48 1;
VDM1 216 8AE3 R 96 123 48 1;R 144 123 48 1;R 192 123 48 1;R 240 123 48 1;R 288 123 48 1;D 336 123 070101B701B201FB02B201FB05B201FB05B201B601B70AD704DB;
VDM1 217 36B9 D 0 124 206E01B70A010549;R 48 124 48 73;R 96 124 48 73;D 144 124 28490801;R 192 124 48 73;R 240 124 48 73;D 288 124 2D490301;
VDM1 218 F4AA D 336 124 070101B702FB02B201FB01B202FB02B202FB04B201B601B70AD704DB;D 0 125 206E01B70A0101490424;R 48 125 48 36;R 96 125 48 36;D 144 125 272401490801;
VDM1 219 A772 D 192 125 01492F24;R 240 125 48 36;D 288 125 2C2401490301;D 336 125 070101B701B201FB02B201FB03B201FB01B201FB05B201B602B709D704DB;D 0 126 206E01B70A0101490424;
VDM1 220 BA7E R 48 126 48 36;R 96 126 48 36;D 144 126 272401490801;D 192 126 01492F24;R 240 126 48 36;D 288 126 2C2401490301;
VDM1 221 FDA5 D 336 126 070101B701B201FB03B203FB02B204FB02B202B601B70AD703DB;D 0 127 206E01B70A0101490424;R 48 127 48 36;R 96 127 48 36;D 144 127 1124142D022401490801;
VDM1 222 C401 D 192 127 01492F24;R 240 127 48 36;D 288 127 2C2401490301;D 336 127 070101B710B202B602B70AD702DB;D 0 128 206E01B70A0101490424;R 48 128 48 36;R 96 128 48 36;
VDM1 223 076E D 144 128 1124142D022401490801;D 192 128 01492F24;R 240 128 48 36;D 288 128 2C2401490301;D 336 128 070101B710B203B601B70AD702DB;D 0 129 206E01B70A0101490424;
VDM1 224 55CA R 48 129 48 36;R 96 129 48 36;D 144 129 1124142D022401490801;D 192 129 01492F24;R 240 129 48 36;D 288 129 2C2401490301;D 336 129 070101B713B601B70AD702DB;
VDM1 225 556C D 0 130 206E01B70A0101490424;R 48 130 48 36;R 96 130 48 36;D 144 130 1124142D022401490801;D 192 130 01492F24;R 240 130 48 36;D 288 130 2C2401490301;
VDM1 226 91B6 D 336 130 070101B714B601B70AD701DB;D 0 131 206E01B70A0101490424;D 48 131 03FB042401FB112401FB1624;D 96 131 012403FB092401FB2224;
VDM1 227 E0EA D 144 131 1124042D02FB032D01FB032D01FB062D022401490801;D 192 131 0149042401FB032401FB012401FB062401FB052401FB112402FB0424;D 240 131 01FB0A2401FB2424;
VDM1 228 B79C D 288 131 2C2401490301;D 336 131 070101B714B601B70AD701DB;D 0 132 206E01B70A0101490424;
VDM1 229 F808 D 48 132 01FB022401FB0A2402FB022403FB042401FB052402FB032401FB022401FB0824;D 96 132 01FB062402FB042401FB052402FB032401FB022401FB042402FB0E24;
VDM1 230 F267 D 144 132 1124032D01FB022D01FB022D02FB022D01FB062D022401490801;D 192 132 0149042401FB032401FB012401FB012401FB092403FB042402FB092401FB022401FB0324;
VDM1 231 271D D 240 132 01FB042403FB032401FB012401FB042402FB1C24;D 288 132 252401F1062401490301;D 336 132 070101B714B602B70AD7;D 0 133 206E01B70A0101490424;
VDM1 232 7531 D 48 133 01FB022401FB032401FB052402FB032401FB022401FB032401FB042401FB022401FB022401FB022401FB0824;
VDM1 233 BA9E D 96 133 01FB052401FB022401FB032401FB042401FB022401FB022401FB022401FB032401FB1024;D 144 133 1124032D01FB022D01FB022D01FB012D01FB012D01FB062D022401490801;
VDM1 234 DA0A D 192 133 0149042401FB012401FB012401FB012402FB012401FB032401FB052401FB042401FB012402FB082404FB0324;
VDM1 235 80BA D 240 133 01FB042401FB022401FB022402FB012401FB022401FB022401FB1B24;D 288 133 262401F1052401490301;D 336 133 070101B715B601B70AD7;D 0 134 206E01B70A0101490424;
VDM1 236 1B61 D 48 134 01FB022401FB032401FB072401FB022401FB022401FB032401FB042401FB022401FB022401FB022401FB0824;
VDM1 237 D1FF D 96 134 01FB052401FB022401FB032401FB042401FB022401FB022401FB022401FB032401FB1024;D 144 134 1124032D01FB022D01FB022D01FB022D02FB062D022401490801;
VDM CONTROLLER 1
VDM1 238 E3A3 D 192 134 0149042402FB012402FB012401FB022401FB032401FB052401FB042402FB0A2401FB022401FB0324;D 240 134 01FB042401FB022401FB022401FB022401FB022401FB022401FB1B24;
VDM1 239 112C D 288 134 252401F1062401490301;D 336 134 070101B715B601B70AD7;D 0 135 206E01B70A0101490424;D 48 135 03FB052401FB042402FB032403FB052401FB042404FB022403FB0824;
VDM1 240 3C08 D 96 135 012403FB032402FB052401FB042402FB042404FB022401FB1024;D 144 135 1124042D02FB032D01FB032D01FB062D022401490801;
VDM1 241 2538 D 192 135 0149042401FB032401FB012401FB022401FB042401FB052401FB042403FB082401FB022401FB0324;D 240 135 012401FB032403FB032401FB022401FB032404FB1A24;
VDM1 242 D809 D 288 135 2C2401490301;D 336 135 070101B716B601B709D7;D 0 136 206E01B70A0101490424;D 48 136 122401FB142401FB0824;R 96 136 48 36;D 144 136 1124142D022401490801;
VDM1 243 2F4D D 192 136 01492F24;D 240 136 052401FB2A24;D 288 136 2C2401490301;D 336 136 070101B717B601B708D7;D 0 137 206E01B70A0101490424;D 48 137 122401FB122402FB0924;
VDM1 244 0204 R 96 137 48 36;D 144 137 1124142D022401490801;D 192 137 01492F24;D 240 137 052401FB2A24;D 288 137 2C2401490301;D 336 137 070101B718B601B707D7;
VDM1 245 9CC4 D 0 138 206E01B70A0101490424;R 48 138 48 36;R 96 138 48 36;D 144 138 1124142D022401490801;D 192 138 01492F24;R 240 138 48 36;D 288 138 2C2401490301;
VDM1 246 1F56 D 336 138 070101B718B601B707D7;D 0 139 206E01B70A0101490424;R 48 139 48 36;R 96 139 48 36;D 144 139 1124142D022401490801;D 192 139 01492F24;R 240 139 48 36;
VDM1 247 CB1B D 288 139 2C2401490301;D 336 139 070101B718B602B706D7;D 0 140 196E03FB046E01B70A0101490424;R 48 140 48 36;R 96 140 48 36;D 144 140 272401490801;
VDM1 248 9AAC D 192 140 01492F24;R 240 140 48 36;D 288 140 2C2401490301;D 336 140 070101B719B601B706D7;D 0 141 196E03FB046E01B70A0101490424;R 48 141 48 36;R 96 141 48 36;
VDM1 249 1A0C D 144 141 272401490801;D 192 141 01492F24;R 240 141 48 36;D 288 141 2C2401490301;D 336 141 070101B710B20AB601B705D7;D 0 142 186E04FB046E01B70A010549;
VDM1 250 D7F1 R 48 142 48 73;R 96 142 48 73;D 144 142 28490801;R 192 142 48 73;R 240 142 48 73;D 288 142 2D490301;D 336 142 070101B701FB03B204FB08B209B603B704D7;
Auto-reconnect failed
Hard-resetting BLE client: auto reconnect failed
Next reconnect attempt in 2029 ms
VDM1 251 C755 D 0 143 146E01FB036E03FB026E01FB026E01B70F01;R 48 143 48 1;R 96 143 48 1;R 144 143 48 1;R 192 143 48 1;R 240 143 48 1;R 288 143 48 1;
VDM1 252 26C3 D 336 143 070101B701B201FB02B201FB0BB209B603B704D7;D 0 144 136E03FB026E03FB016E03FB016E01B70F01;R 48 144 48 1;R 96 144 48 1;R 144 144 48 1;R 192 144 48 1;
VDM1 253 8394 R 240 144 48 1;R 288 144 48 1;D 336 144 070101B701FB03B202FB06B201FB03B20CB602B702D7;D 0 145 126E04FB026E03FB016E04FB01B70F01;R 48 145 48 1;R 96 145 48 1;
VDM1 254 7E81 R 144 145 48 1;R 192 145 48 1;R 240 145 48 1;R 288 145 48 1;D 336 145 070101B701B201FB02B201FB0BB20EB601B701D7;D 0 146 116E04FB036E03FB026E03FB01B70A010549;
VDM1 255 1576 R 48 146 48 73;R 96 146 48 73;D 144 146 28490801;R 192 146 48 73;R 240 146 48 73;D 288 146 2D490301;D 336 146 070101B701B201FB02B204FB04B201FB03B20FB601B7;
VDM1 256 FAF6 D 0 147 106E04FB046E02FB046E01DB01FB01B70A0101490424;R 48 147 48 36;R 96 147 48 36;D 144 147 272401490801;D 192 147 01492F24;R 240 147 48 36;
VDM1 257 FC40 D 288 147 2C2401490301;D 336 147 070101B710B210B6;D 0 148 106E04FB046E02FB046E01DB01FB01B70A0101490424;R 48 148 48 36;R 96 148 48 36;D 144 148 272401490801;
VDM1 258 2740 D 192 148 01492F24;R 240 148 48 36;D 288 148 2C2401490301;D 336 148 070101B710B210B6;D 0 149 116E04FB026E03FB036E03FB01B70A0101490424;R 48 149 48 36;
VDM1 259 B21E R 96 149 48 36;D 144 149 1124142D022401490801;D 192 149 01492F24;R 240 149 48 36;D 288 149 1624142D022401490301;D 336 149 070101B716B20AB6;
VDM1 260 42C8 D 0 150 126E04FB016E03FB026E04FB01B70A0101490424;R 48 150 48 36;R 96 150 48 36;D 144 150 1124142D022401490801;D 192 150 01492F24;R 240 150 48 36;
VDM1 261 3864 D 288 150 1624142D022401490301;D 336 150 070101B702B201FB01B203FB03B203FB04B202FB03B20AB6;D 0 151 136E03FB016E03FB026E03FB016E01B70A0101490424;R 48 151 48 36;
VDM1 262 9264 R 96 151 48 36;D 144 151 1124142D022401490801;D 192 151 01492F24;R 240 151 48 36;D 288 151 1624142D022401490301;
VDM1 263 E077 D 336 151 070101B701B202FB01B201FB02B201FB02B201FB02B201FB02B201FB02B201FB02B20AB6;D 0 152 146E01FB026E03FB036E01FB026E01B70A0101490424;R 48 152 48 36;
VDM1 264 CC8D R 96 152 48 36;D 144 152 1124142D022401490801;D 192 152 01492F24;R 240 152 48 36;D 288 152 1624142D022401490301;
VDM1 265 5D51 D 336 152 070101B701FB01B201FB01B203FB03B201FB02B201FB02B204FB02B2029608B6;D 0 153 166E01D603FB066E01B70A0101490424;
VDM1 266 3FD2 D 48 153 01FB032401FB022401FB042404FB032401FB0B2403FB0E24;D 96 153 0C2405FB1F24;D 144 153 1124042D02FB032D01FB032D01FB062D022401490801;
VDM1 267 73F4 D 192 153 0149042401FB032401FB202402FB0424;D 240 153 062401FB052401FB052401FB1D24;D 288 153 1624042D02FB032D01FB032D01FB062D022401490301;
VDM1 268 82F4 D 336 153 070101B702B201FB01B201FB02B201FB02B201FB02B201FB02B201FB02B201FB02B2029608B6;D 0 154 166E01D702FB076E01B70A0101490424;
VDM1 269 D8E4 D 48 154 01FB032401FB072401FB112401FB062402FB052402FB0224;D 96 154 012402FB0B2401FB042402FB042402FB1524;
VDM1 270 4D58 D 144 154 1124032D01FB022D01FB022D02FB022D01FB062D022401490801;D 192 154 0149042402FB012402FB022402FB032401FB022401FB042402FB032402FB092401FB022401FB022401FB;
VDM1 271 47A1 D 240 154 022401FB022403FB042401FB0A2401FB012401FB042402FB1024;D 288 154 1624032D01FB022D01FB022D02FB022D01FB062D022401490301;
VDM1 272 9133 D 336 154 070101B702B201FB01B203FB03B203FB03B201FB02B201FB02B20592019604B6;D 0 155 166E01D602FB076E01B70A0101490424;
VDM1 273 65D4 D 48 155 01FB012401FB012401FB022401FB042403FB042401FB0A2401FB052401FB022401FB032401FB0424;D 96 155 01FB012402FB0A2401FB032401FB022401FB022401FB022401FB1424;
VDM1 274 62FA D 144 155 1124032D01FB022D01FB022D01FB012D01FB012D01FB062D022401490801;
VDM1 275 32A0 B 192 155 4924242424FB24FB24FB24FB2424FB2424FB2424FB242424FBFB242424FB24FBFB2424242424242424FB2424FB2424FB;
VDM1 276 C73D D 240 155 022401FB032401FB052401FB052401FB042402FB012401FB022401FB012402FB0F24;D 288 155 1624032D01FB022D01FB022D01FB012D01FB012D01FB062D022401490301;
VDM1 277 7388 D 336 155 070101B716B203720592019601B6;D 0 156 206E01B70A0101490424;D 48 156 02FB012402FB022401FB042401FB062401FB0A2401FB052401FB022401FB032401FB0424;
VDM1 278 6966 D 96 156 02FB0C2401FB032401FB022401FB022401FB022401FB1424;D 144 156 1124032D01FB022D01FB022D01FB022D02FB062D022401490801;
VDM1 279 B93F D 192 156 0149042401FB032401FB012401FB022401FB022401FB022401FB052401FB022402FB0A2401FB022401FB022401FB;
VDM1 280 6A7D D 240 156 022401FB032401FB052401FB052401FB042401FB022401FB022402FB1124;D 288 156 1624032D01FB022D01FB022D01FB022D02FB062D022401490301;
VDM1 281 7A94 D 336 156 070101B716B208720292;D 0 157 206E01B70A0101490424;D 48 157 01FB032401FB032401FB032401FB072401FB0A2403FB032402FB042401FB0424;
VDM1 282 9BBC D 96 157 012403FB0A2401FB042402FB042403FB1424;D 144 157 1124042D02FB032D01FB032D01FB062D022401490801;
VDM1 283 E9A2 D 192 157 0149042401FB032401FB022402FB042404FB022402FB042403FB092402FB0424;D 240 157 04FB032401FB052401FB052401FB032401FB022401FB032403FB0F24;
VDM1 284 A886 D 288 157 1624042D02FB032D01FB032D01FB062D022401490301;D 336 157 070101B70C9212720292;D 0 158 206E01B70A0101490424;R 48 158 48 36;D 96 158 1B2401FB1424;
VDM1 285 8CED D 144 158 1124142D022401490801;D 192 158 01492F24;R 240 158 48 36;D 288 158 1624142D022401490301;D 336 158 070101B70A921672;D 0 159 206E01B70A0101490424;
VDM1 286 DFD3 R 48 159 48 36;D 96 159 192402FB1524;D 144 159 1124142D022401490801;D 192 159 01492F24;R 240 159 48 36;D 288 159 1624142D022401490301;
VDM1 287 B843 D 336 159 070101B709921772;D 0 160 206E01B70A0101490424;R 48 160 48 36;R 96 160 48 36;D 144 160 1124142D022401490801;D 192 160 01492F24;R 240 160 48 36;
VDM1 288 B373 D 288 160 1624142D022401490301;D 336 160 070101B707921372066E;D 0 161 206E01B70A0101490424;R 48 161 48 36;R 96 161 48 36;D 144 161 1124142D022401490801;
VDM1 289 4E62 D 192 161 01492F24;R 240 161 48 36;D 288 161 1624142D022401490301;D 336 161 070101B706921172096E;D 0 162 206E01B70A0101490424;R 48 162 48 36;R 96 162 48 36;
VDM1 290 A87E D 144 162 272401490801;D 192 162 01492F24;R 240 162 48 36;D 288 162 2C2401490301;D 336 162 070101B706921172096E;D 0 163 206E01B70A0101490424;R 48 163 48 36;
VDM1 291 D356 R 96 163 48 36;D 144 163 272401490801;D 192 163 01492F24;R 240 163 48 36;D 288 163 2C2401490301;D 336 163 070101B706920E720C6E;D 0 164 206E01B70A010549;
VDM1 292 DC67 R 48 164 48 73;R 96 164 48 73;D 144 164 28490801;R 192 164 48 73;R 240 164 48 73;D 288 164 2D490301;D 336 164 070101B705920E720D6E;D 0 165 206E01B70F01;
VDM1 293 114F R 48 165 48 1;R 96 165 48 1;R 144 165 48 1;R 192 165 48 1;R 240 165 48 1;R 288 165 48 1;D 336 165 070101B704920E720E6E;D 0 166 206E01B70F01;R 48 166 48 1;
VDM1 294 6CBC R 96 166 48 1;R 144 166 48 1;R 192 166 48 1;R 240 166 48 1;R 288 166 48 1;D 336 166 070101B703920F720E6E;D 0 167 206E01B70F01;R 48 167 48 1;R 96 167 48 1;
VDM1 295 09ED R 144 167 48 1;R 192 167 48 1;R 240 167 48 1;R 288 167 48 1;D 336 167 070101B703920F720E6E;D 0 168 206E01B70A010549;R 48 168 48 73;R 96 168 48 73;
VDM1 296 FD6E D 144 168 28490801;R 192 168 48 73;R 240 168 48 73;D 288 168 2D490301;D 336 168 070101B703920E720F6E;D 0 169 206E01B70A0101490424;R 48 169 48 36;
VDM1 297 0F82 R 96 169 48 36;D 144 169 272401490801;D 192 169 01492F24;R 240 169 48 36;D 288 169 2C2401490301;D 336 169 070101B702920E72106E;
VDM1 298 AEF5 D 0 170 106E10FB01B70A0101490424;R 48 170 48 36;R 96 170 48 36;D 144 170 272401490801;D 192 170 01492F24;R 240 170 48 36;D 288 170 2C2401490301;
VDM1 299 A70A D 336 170 070101B701920F72106E;D 0 171 106E10FB01B70A0101490424;R 48 171 48 36;R 96 171 48 36;D 144 171 0B241A65022401490801;D 192 171 01492F24;
VDM1 300 168E R 240 171 48 36;D 288 171 2C2401490301;D 336 171 070101B701920F72106E;D 0 172 106E10FB01B70A0101490424;R 48 172 48 36;R 96 172 48 36;
VDM1 301 AA3E D 144 172 0B241A65022401490801;D 192 172 01492F24;R 240 172 48 36;D 288 172 2C2401490301;D 336 172 070101B701920F72106E;
VDM1 302 3365 D 0 173 106E02FB01B20DFB01B70A0101490424;R 48 173 48 36;R 96 173 48 36;D 144 173 0B241A65022401490801;D 192 173 01492F24;R 240 173 48 36;
VDM1 303 226B D 288 173 2C2401490301;D 336 173 070101B701920D72126E;D 0 174 106E02FB01DB016E0CFB01B70A0101490424;R 48 174 48 36;R 96 174 48 36;
VDM1 304 46E6 D 144 174 0B241A65022401490801;D 192 174 01492F24;R 240 174 48 36;D 288 174 2C2401490301;D 336 174 070101B70E72126E;
VDM1 305 E490 D 0 175 106E03FB018D016E0AFB01DB01B70A0101490424;D 48 175 05FB082401FB172401FB0A24;D 96 175 0C2403FB0A2401FB1624;
VDM1 306 9618 D 144 175 0B24046502FB036504FB026504FB0765022401490801;D 192 175 0149042401FB032401FB082401FB052401FB1724;D 240 175 112401FB032401FB1A24;
VDM1 307 93EF D 288 175 2C2401490301;D 336 175 070101B70D72136E;D 0 176 106E04FB01B2016E08FB01DB01D701B70A0101490424;
VDM1 308 535A D 48 176 022401FB042402FB042401FB052402FB032402FB012401FB032402FB032403FB052402FB0224;D 96 176 01FB022401FB082401FB022401FB032402FB032403FB042402FB0F24;
VDM1 309 DB84 D 144 176 0B24036501FB026501FB026501FB056501FB0A65022401490801;D 192 176 0149042401FB032401FB022402FB042401FB052401FB042403FB042402FB032403FB0424;
VDM1 310 0951 D 240 176 02FB052402FB082402FB012402FB022402FB032401FB012401FB032401FB022401FB0924;D 288 176 252401F1062401490301;D 336 176 070101B70D72136E;
VDM1 311 8576 D 0 177 106E05FB018E016E06FB01DB02D701B70A0101490424;B 48 177 2424FB242424FB24FBFB242424FB24242424FB24FBFB2424FB24FB24FB24FB24FBFB242424FB2424242424FB24242424;
VDM1 312 3F13 D 96 177 01FB022401FB082401FB022401FB022401FB022401FB032401FB042401FB022401FB0E24;D 144 177 0B24036501FB026501FB026503FB036503FB0865022401490801;
VDM CONTROLLER 1
VDM1 313 28CC B 192 177 4924242424FB24FB24FB24FB2424FB242424FB2424242424FB24242424FB2424FB2424FB2424FB2424FB2424FB2424FB;
VDM1 314 25DB D 240 177 012402FB032401FB0A2401FB012401FB012401FB012401FB012402FB022402FB012401FB022401FB022401FB0924;D 288 177 262401F1052401490301;
VDM1 315 7D47 D 336 177 070101B70D72136E;D 0 178 106E05FB018E016E06FB02D701D601B70A0101490424;
VDM1 316 D16C D 48 178 022401FB032402FB052401FB042402FB042401FB012401FB012401FB012402FB052401FB052401FB0424;
VDM1 317 08FB D 96 178 01FB022401FB082401FB022401FB022401FB022401FB032401FB042401FB022401FB0E24;D 144 178 0B24036501FB026501FB026501FB056501FB0A65022401490801;
VDM1 318 F421 B 192 178 4924242424FBFB24FBFB24FB2424FB242424FB2424242424FB24242424FB2424FB2424FB2424FB2424FB2424FB2424FB;
VDM1 319 94BF D 240 178 01FB052401FB0A2401FB032401FB012402FB042401FB022401FB022401FB022401FB0924;D 288 178 252401F1062401490301;D 336 178 070101B70C72146E;
VDM1 320 EC25 D 0 179 106E04FB018E016E05FB01DB02D702D601B70A0101490424;D 48 179 022401FB042403FB042401FB042403FB022401FB032401FB022403FB042401FB042401FB0424;
VDM1 321 324E D 96 179 012403FB082403FB042404FB032401FB042404FB0D24;D 144 179 0B24046502FB036501FB056501FB0A65022401490801;
VDM1 322 28BF D 192 179 0149042401FB032401FB022404FB032401FB052401FB032403FB042404FB012403FB0424;D 240 179 03FB032401FB0A2401FB032401FB022403FB022401FB022401FB032404FB0824;
VDM1 323 E5E6 D 288 179 2C2401490301;D 336 179 070101B70C72146E;D 0 180 106E03FB026E06FB02D703D601B70A0101490424;R 48 180 48 36;D 96 180 032401FB2C24;
VDM1 324 FC49 D 144 180 0B241A65022401490801;D 192 180 01491C2401FB0B2401FB0624;R 240 180 48 36;D 288 180 2C2401490301;D 336 180 070101B70B72156E;
VDM1 325 BDB8 D 0 181 106E02FB01B2016E04FB02DB01D703B2028E01B70A0101490424;R 48 181 48 36;D 96 181 012402FB2D24;D 144 181 0B241A65022401490801;
VDM1 326 D79F D 192 181 01491C2401FB0B2401FB0624;R 240 181 48 36;D 288 181 2C2401490301;D 336 181 070101B70B72156E;D 0 182 106E02FB016D01D703FB03DB01D7056E01B70A0101490424;
VDM1 327 A9BE R 48 182 48 36;R 96 182 48 36;D 144 182 0B241A65022401490801;D 192 182 01492F24;R 240 182 48 36;D 288 182 2C2401490301;D 336 182 070101B70B72156E;
attemptReconnectIfNeeded: reinitializing BLE client before reconnect
VDM1 328 891E D 0 183 106E07FB02DB01D703D601B602B201B70A0101490424;R 48 183 48 36;R 96 183 48 36;D 144 183 0B241A65022401490801;D 192 183 01492F24;R 240 183 48 36;
VDM1 329 80AA D 288 183 2C2401490301;D 336 183 070101B70B72156E;D 0 184 106E06FB02DB01D703D601B603B201B70A0101490424;R 48 184 48 36;R 96 184 48 36;D 144 184 272401490801;
VDM1 330 D434 D 192 184 01492F24;R 240 184 48 36;D 288 184 2C2401490301;D 336 184 070101B70A72166E;D 0 185 106E05FB02DB01D703D601B604B201B70A0101490424;R 48 185 48 36;
VDM1 331 2790 R 96 185 48 36;D 144 185 272401490801;D 192 185 01492F24;R 240 185 48 36;D 288 185 2C2401490301;D 336 185 070101B70972176E;D 0 186 206E01B70A010549;
VDM1 332 6426 R 48 186 48 73;R 96 186 48 73;D 144 186 28490801;R 192 186 48 73;R 240 186 48 73;D 288 186 2D490301;D 336 186 070101B70972176E;D 0 187 206E01B70F01;
VDM1 333 1B52 R 48 187 48 1;R 96 187 48 1;R 144 187 48 1;R 192 187 48 1;R 240 187 48 1;R 288 187 48 1;D 336 187 070101B70972176E;D 0 188 206E01B70F01;R 48 188 48 1;
VDM1 334 5615 R 96 188 48 1;R 144 188 48 1;R 192 188 48 1;R 240 188 48 1;R 288 188 48 1;D 336 188 070101B70872186E;D 0 189 206E01B70F01;R 48 189 48 1;R 96 189 48 1;
VDM1 335 6A32 R 144 189 48 1;R 192 189 48 1;R 240 189 48 1;R 288 189 48 1;D 336 189 070101B70872186E;D 0 190 206E01B70A010549;R 48 190 48 73;R 96 190 48 73;
VDM1 336 1CD1 D 144 190 28490801;R 192 190 48 73;R 240 190 48 73;D 288 190 2D490301;D 336 190 070101B70872186E;D 0 191 206E01B70A0101490424;R 48 191 48 36;R 96 191 48 36;
VDM1 337 D96C D 144 191 272401490801;D 192 191 01492F24;R 240 191 48 36;D 288 191 2C2401490301;D 336 191 070101B70872186E;D 0 192 206E01B70A0101490424;R 48 192 48 36;
VDM1 338 0F02 R 96 192 48 36;D 144 192 272401490801;D 192 192 01492F24;R 240 192 48 36;D 288 192 2C2401490301;D 336 192 070101B70772196E;D 0 193 206E01B70A0101490424;
VDM1 339 C797 R 48 193 48 36;R 96 193 48 36;D 144 193 0B241A65022401490801;D 192 193 01492F24;R 240 193 48 36;D 288 193 2C2401490301;D 336 193 070101B706721A6E;
VDM1 340 F052 D 0 194 206E01B70A0101490424;R 48 194 48 36;R 96 194 48 36;D 144 194 0B241A65022401490801;D 192 194 01492F24;R 240 194 48 36;D 288 194 2C2401490301;
VDM1 341 694F D 336 194 070101B706721A6E;D 0 195 206E01B70A0101490424;R 48 195 48 36;R 96 195 48 36;D 144 195 0B241A65022401490801;D 192 195 01492F24;R 240 195 48 36;
VDM1 342 AE83 D 288 195 2C2401490301;D 336 195 070101B706721A6E;D 0 196 206E01B70A0101490424;R 48 196 48 36;R 96 196 48 36;D 144 196 0B241A65022401490801;D 192 196 01492F24;
VDM1 343 1EAC R 240 196 48 36;D 288 196 2C2401490301;D 336 196 070101B706721A6E;D 0 197 206E01B70A0101490424;D 48 197 04FB0F2401FB042403FB102401FB0424;R 96 197 48 36;
VDM1 344 FC02 D 144 197 0B24046502FB036504FB026504FB0765022401490801;D 192 197 0149042401FB022401FB032402FB032403FB032405FB072401FB022401FB0924;D 240 197 01FB132401FB1B24;
VDM1 345 C506 D 288 197 2C2401490301;D 336 197 070101B705721B6E;D 0 198 206E01B70A0101490424;
VDM1 346 7ABE D 48 198 01FB062402FB052402FB022403FB032401FB022401FB032402FB042402FB032403FB0324;R 96 198 48 36;
VDM1 347 3EC8 D 144 198 0B24036501FB026501FB026501FB056501FB0A65022401490801;
VDM1 348 F1ED D 192 198 0149042401FB022401FB022401FB022401FB022401FB022401FB042401FB092401FB022401FB022403FB0424;D 240 198 01FB052402FB042402FB042403FB1B24;
VDM1 349 1578 D 288 198 252401F1062401490301;D 336 198 070101B705721B6E;D 0 199 206E01B70A0101490424;
VDM1 350 3456 D 48 199 03FB032401FB022401FB032402FB042401FB042403FB032401FB022401FB022401FB022401FB032401FB0424;R 96 199 48 36;
VDM1 351 1A81 D 144 199 0B24036501FB026501FB026503FB036503FB0865022401490801;D 192 199 0149042401FB022401FB022404FB022403FB052401FB092401FB022401FB022401FB022401FB0324;
VDM1 352 432D D 240 199 01FB042401FB022401FB022401FB022401FB022401FB022401FB1B24;D 288 199 262401F1052401490301;D 336 199 070101B705721B6E;D 0 200 206E01B70A0101490424;
VDM1 353 C36A B 48 200 FB2424242424FB2424FB2424242424FB242424FB24242424FB2424FB2424FB2424FB2424FB2424FB242424FB24242424;R 96 200 48 36;
VDM1 354 D8F2 D 144 200 0B24036501FB026501FB026501FB056501FB0A65022401490801;
VDM1 355 6272 B 192 200 4924242424FB2424FB2424FB2424FB2424FB2424FB24242424FB242424242424242424FB2424FB2424FB2424FB242424;
VDM1 356 660F D 240 200 01FB042401FB022401FB022401FB022401FB022401FB022401FB1B24;D 288 200 252401F1062401490301;D 336 200 070101B705721B6E;D 0 201 206E01B70A0101490424;
VDM1 357 BF6A D 48 201 01FB062404FB022402FB052401FB032403FB042402FB042402FB052401FB0324;R 96 201 48 36;D 144 201 0B24046502FB036501FB056501FB0A65022401490801;
VDM1 358 A283 D 192 201 0149052402FB032401FB022401FB022401FB022401FB042401FB0A2402FB032403FB0424;D 240 201 012401FB042402FB042404FB022403FB1B24;D 288 201 2C2401490301;
VDM1 359 FEBB D 336 201 070101B704721C6E;D 0 202 206E01B70A0101490424;R 48 202 48 36;R 96 202 48 36;D 144 202 0B241A65022401490801;D 192 202 0149282401FB0624;
VDM1 360 805A R 240 202 48 36;D 288 202 2C2401490301;D 336 202 070101B704721C6E;D 0 203 206E01B70A0101490424;R 48 203 48 36;R 96 203 48 36;D 144 203 0B241A65022401490801;
VDM1 361 6EE9 D 192 203 0149282401FB0624;R 240 203 48 36;D 288 203 2C2401490301;D 336 203 070101B704721C6E;D 0 204 206E01B70A0101490424;R 48 204 48 36;R 96 204 48 36;
VDM1 362 5732 D 144 204 0B241A65022401490801;D 192 204 01492F24;R 240 204 48 36;D 288 204 2C2401490301;D 336 204 070101B704721C6E;D 0 205 206E01B70A0101490424;
VDM1 363 9012 R 48 205 48 36;R 96 205 48 36;D 144 205 0B241A65022401490801;D 192 205 01492F24;R 240 205 48 36;D 288 205 2C2401490301;D 336 205 070101B704721C6E;
VDM1 364 CC3A D 0 206 206E01B70A0101490424;R 48 206 48 36;R 96 206 48 36;D 144 206 272401490801;D 192 206 01492F24;R 240 206 48 36;D 288 206 2C2401490301;
VDM1 365 209E D 336 206 070101B704721C6E;D 0 207 206E01B70A0101490424;R 48 207 48 36;R 96 207 48 36;D 144 207 272401490801;D 192 207 01492F24;R 240 207 48 36;
VDM1 366 6225 D 288 207 2C2401490301;D 336 207 070101B703721D6E;D 0 208 206E01B70A010549;R 48 208 48 73;R 96 208 48 73;D 144 208 28490801;R 192 208 48 73;R 240 208 48 73;
VDM1 367 25AC D 288 208 2D490301;D 336 208 070101B703721D6E;D 0 209 206E01B70F01;R 48 209 48 1;R 96 209 48 1;R 144 209 48 1;R 192 209 48 1;R 240 209 48 1;R 288 209 48 1;
VDM1 368 75D4 D 336 209 070101B702721E6E;D 0 210 206E01B70F01;R 48 210 48 1;R 96 210 48 1;R 144 210 48 1;R 192 210 48 1;R 240 210 48 1;R 288 210 48 1;
VDM1 369 D131 D 336 210 070101B702721E6E;D 0 211 206E01B70F01;R 48 211 48 1;R 96 211 48 1;R 144 211 48 1;R 192 211 48 1;R 240 211 48 1;R 288 211 48 1;
VDM1 370 22C0 D 336 211 070101B701721F6E;D 0 212 206E01B70A010549;R 48 212 48 73;R 96 212 48 73;D 144 212 28490801;R 192 212 48 1;R 240 212 48 1;R 288 212 48 1;
VDM1 371 D793 D 336 212 070101B701721F6E;D 0 213 206E01B70A0101490424;R 48 213 48 36;R 96 213 48 36;D 144 213 272401490801;R 192 213 48 1;R 240 213 48 1;R 288 213 48 1;
VDM1 372 E872 D 336 213 070101B701721F6E;D 0 214 206E01B70A0101490424;R 48 214 48 36;R 96 214 48 36;D 144 214 272401490801;R 192 214 48 1;R 240 214 48 1;R 288 214 48 1;
VDM1 373 2190 D 336 214 070101B701721F6E;D 0 215 206E01B70A0101490424;R 48 215 48 36;R 96 215 48 36;D 144 215 0B241A65022401490801;R 192 215 48 1;R 240 215 48 1;
VDM1 374 127E R 288 215 48 1;D 336 215 070101B701721F6E;D 0 216 206E01B70A0101490424;R 48 216 48 36;R 96 216 48 36;D 144 216 0B241A65022401490801;R 192 216 48 1;
VDM1 375 BFDA R 240 216 48 1;R 288 216 48 1;D 336 216 070101B701721F6E;D 0 217 206E01B70A0101490424;R 48 217 48 36;R 96 217 48 36;D 144 217 0B241A65022401490801;
VDM1 376 D24C R 192 217 48 1;R 240 217 48 1;R 288 217 48 1;D 336 217 070101B701721F6E;D 0 218 206E01B70A0101490424;R 48 218 48 36;R 96 218 48 36;
VDM1 377 4F2F D 144 218 0B241A65022401490801;R 192 218 48 1;R 240 218 48 1;R 288 218 48 1;D 336 218 070101B701721F6E;D 0 219 206E01B70A0101490424;
VDM1 378 BB8E D 48 219 012402FB0C2401FB032401FB102403FB0924;D 96 219 012401FB2E24;D 144 219 0B24046502FB036504FB026504FB0765022401490801;R 192 219 48 1;R 240 219 48 1;
VDM1 379 2065 R 288 219 48 1;D 336 219 070101B701721F6E;D 0 220 206E01B70A0101490424;D 48 220 01FB022401FB022401FB022401FB032403FB092402FB092401FB022401FB042402FB0224;
VDM1 380 CCA6 D 96 220 072401FB022401FB022402FB052402FB1A24;D 144 220 0B24036501FB026501FB026501FB056501FB0A65022401490801;R 192 220 48 1;R 240 220 48 1;R 288 220 48 1;
VDM1 381 42D3 D 336 220 070101B701721F6E;D 0 221 206E01B70A0101490424;D 48 221 04FB022401FB022401FB022401FB022401FB032401FB042401FB022401FB082401FB022401FB032401FB0424;
VDM1 382 4D08 D 96 221 012401FB052401FB022401FB012401FB012402FB032401FB1C24;D 144 221 0B24036501FB026501FB026503FB036503FB0865022401490801;R 192 221 48 1;R 240 221 48 1;
VDM1 383 BE67 R 288 221 48 1;D 336 221 070101B701721F6E;D 0 222 206E01B70A0101490424;
VDM1 384 ECD1 B 48 222 FB2424FB2424FB2424FB2424FB2424FB242424FB24242424FB2424FB2424242424242424FB2424FB242424FB24242424;
VDM1 385 56B0 D 96 222 012401FB052401FB012401FB022402FB052401FB1C24;D 144 222 0B24036501FB026501FB026501FB056501FB0A65022401490801;R 192 222 48 1;R 240 222 48 1;
VDM1 386 499E R 288 222 48 1;D 336 222 070101B701721F6E;D 0 223 206E01B70A0101490424;D 48 223 01FB022401FB032404FB022403FB042401FB042402FB092403FB042401FB0424;
VDM1 387 7A08 D 96 223 022401FB052401FB042403FB032401FB1C24;D 144 223 0B24046502FB036501FB056501FB0A65022401490801;R 192 223 48 1;R 240 223 48 1;R 288 223 48 1;
VDM CONTROLLER 1
VDM1 388 A04E D 336 223 070101B7206E;D 0 224 206E01B70A0101490424;R 48 224 48 36;R 96 224 48 36;D 144 224 0B241A65022401490801;R 192 224 48 1;R 240 224 48 1;R 288 224 48 1;
VDM1 389 C2C2 D 336 224 070101B7206E;D 0 225 206E01B70A0101490424;R 48 225 48 36;R 96 225 48 36;D 144 225 0B241A65022401490801;R 192 225 48 1;R 240 225 48 1;R 288 225 48 1;
VDM1 390 B5E8 D 336 225 070101B7206E;D 0 226 206E01B70A0101490424;R 48 226 48 36;R 96 226 48 36;D 144 226 0B241A65022401490801;R 192 226 48 1;R 240 226 48 1;R 288 226 48 1;
VDM1 391 BF3B D 336 226 070101B7206E;D 0 227 206E01B70A0101490424;R 48 227 48 36;R 96 227 48 36;D 144 227 0B241A65022401490801;R 192 227 48 1;R 240 227 48 1;R 288 227 48 1;
VDM1 392 6694 D 336 227 070101B7206E;D 0 228 206E01B70A0101490424;R 48 228 48 36;R 96 228 48 36;D 144 228 272401490801;R 192 228 48 1;R 240 228 48 1;R 288 228 48 1;
VDM1 393 077A D 336 228 070101B7206E;D 0 229 206E01B70A0101490424;R 48 229 48 36;R 96 229 48 36;D 144 229 272401490801;R 192 229 48 1;R 240 229 48 1;R 288 229 48 1;
VDM1 394 B264 D 336 229 070101B7206E;D 0 230 206E01B70A010549;R 48 230 48 73;R 96 230 48 73;D 144 230 28490801;R 192 230 48 1;R 240 230 48 1;R 288 230 48 1;
VDM1 395 6448 D 336 230 070101B7206E;D 0 231 206E01B70F01;R 48 231 48 1;R 96 231 48 1;R 144 231 48 1;R 192 231 48 1;R 240 231 48 1;R 288 231 48 1;D 336 231 070101B7206E;
VDM1 396 3FAB D 0 232 206E01B70F01;R 48 232 48 1;R 96 232 48 1;R 144 232 48 1;R 192 232 48 1;R 240 232 48 1;R 288 232 48 1;D 336 232 070101B7206E;D 0 233 206E01B70F01;
VDM1 397 3810 R 48 233 48 1;R 96 233 48 1;R 144 233 48 1;R 192 233 48 1;R 240 233 48 1;R 288 233 48 1;D 336 233 070101B7206E;D 0 234 206E01B70F01;R 48 234 48 1;
VDM1 398 6527 R 96 234 48 1;R 144 234 48 1;R 192 234 48 1;R 240 234 48 1;R 288 234 48 1;D 336 234 070101B7206E;D 0 235 206E01B70F01;R 48 235 48 1;R 96 235 48 1;
VDM1 399 9D87 R 144 235 48 1;R 192 235 48 1;R 240 235 48 1;R 288 235 48 1;D 336 235 070101B7206E;D 0 236 206E01B70F01;R 48 236 48 1;R 96 236 48 1;R 144 236 48 1;
VDM1 400 E158 R 192 236 48 1;R 240 236 48 1;R 288 236 48 1;D 336 236 070101B7206E;D 0 237 206E01B70F01;R 48 237 48 1;R 96 237 48 1;R 144 237 48 1;R 192 237 48 1;
VDM1 401 226E R 240 237 48 1;R 288 237 48 1;D 336 237 070101B7206E;D 0 238 206E01B70F01;R 48 238 48 1;R 96 238 48 1;R 144 238 48 1;R 192 238 48 1;R 240 238 48 1;
VDM1 402 B5CE R 288 238 48 1;D 336 238 070101B7206E;D 0 239 206E01B70D01026D;D 48 239 016D0F01016D1F01;R 96 239 48 1;R 144 239 48 1;R 192 239 48 1;R 240 239 48 1;
VDM1 403 3A2A R 288 239 48 1;D 336 239 070101B7206E;D 0 240 206E01B70C01016D0201;D 48 240 0301016D0201016D0401026D0201036D0401026D0301026D0101016D0801036D0501016D;
VDM1 404 5F76 D 96 240 016D0301026D0501026D0301026D0501026D0301026D0301016D0101016D0401026D0401026D;D 144 240 0501026D2901;R 192 240 48 1;R 240 240 48 1;R 288 240 48 1;
VDM1 405 092E D 336 240 070101B7206E;D 0 241 206E01B70D01026D;B 48 241 0101016D01016D0101016D6D010101016D010101016D016D6D01016D016D016D010101010101016D01016D0101016D01;
VDM1 406 F2DE B 96 241 0101016D016D6D0101016D010101016D016D6D0101016D010101016D016D6D01016D6D016D01016D01010101016D016D;D 144 241 016D0301026D2A01;R 192 241 48 1;
VDM1 407 64E7 R 240 241 48 1;R 288 241 48 1;D 336 241 070101B7206E;D 0 242 206E01B70F01;
VDM1 408 7774 B 48 242 6D01016D01016D01010101016D0101016D010101016D6D010101016D016D016D010101010101016D01016D0101016D01;
VDM1 409 C39D D 96 242 0301026D0501016D0401026D0501016D0401026D0401016D0201016D0201016D0501026D0101;D 144 242 0601016D2901;R 192 242 48 1;R 240 242 48 1;R 288 242 48 1;
VDM1 410 7A24 D 336 242 070101B7206E;D 0 243 206E01B70C01036D;D 48 243 0401036D0301026D0501016D0401036D0201016D0301016D0701036D0401016D0101;
VDM1 411 6377 D 96 243 0401036D0301026D0401036D0301016D0501036D0201016D0201016D0301026D0401026D;D 144 243 016D0301026D2A01;R 192 243 48 1;R 240 243 48 1;R 288 243 48 1;
VDM1 412 65FF D 336 243 070101B7206E;D 0 244 206E01B70F01;D 48 244 0601016D2001016D0801;D 96 244 0A01016D2501;R 144 244 48 1;R 192 244 48 1;R 240 244 48 1;R 288 244 48 1;
VDM1 413 A07E D 336 244 070101B7206E;D 0 245 206E01B70F01;D 48 245 0401026D2101016D0801;D 96 245 0A01016D2501;R 144 245 48 1;R 192 245 48 1;R 240 245 48 1;R 288 245 48 1;
VDM1 414 28BD D 336 245 070101B7206E;D 0 246 206E01B70F01;R 48 246 48 1;R 96 246 48 1;R 144 246 48 1;R 192 246 48 1;R 240 246 48 1;R 288 246 48 1;D 336 246 070101B7206E;
VDM1 415 2794 D 0 247 206E01B70F01;R 48 247 48 1;R 96 247 48 1;R 144 247 48 1;R 192 247 48 1;R 240 247 48 1;R 288 247 48 1;D 336 247 070101B7206E;D 0 248 206E01B70F01;
VDM1 416 15A8 R 48 248 48 1;R 96 248 48 1;R 144 248 48 1;R 192 248 48 1;R 240 248 48 1;R 288 248 48 1;D 336 248 070101B7206E;D 0 249 206E01B70F01;R 48 249 48 1;
VDM1 417 426A R 96 249 48 1;R 144 249 48 1;R 192 249 48 1;R 240 249 48 1;R 288 249 48 1;D 336 249 070101B7206E;D 0 250 206E01B70F01;R 48 250 48 1;R 96 250 48 1;
VDM1 418 27AA R 144 250 48 1;R 192 250 48 1;R 240 250 48 1;R 288 250 48 1;D 336 250 070101B7206E;D 0 251 206E10B7;R 48 251 48 183;R 96 251 48 183;R 144 251 48 183;
VDM1 419 FFB4 R 192 251 48 183;R 240 251 48 183;R 288 251 48 183;D 336 251 08B7206E;R 0 252 48 110;R 48 252 48 110;D 96 252 1B6E1572;D 144 252 14721C92;R 192 252 48 146;
VDM1 420 E022 R 240 252 48 146;D 288 252 0D922372;D 336 252 0872206E;R 0 253 48 110;R 48 253 48 110;D 96 253 1A6E1672;D 144 253 16721A92;R 192 253 48 146;R 240 253 48 146;
VDM1 421 36AC D 288 253 0D922372;D 336 253 0872206E;R 0 254 48 110;R 48 254 48 110;D 96 254 1D6E1372;D 144 254 16721A92;R 192 254 48 146;R 240 254 48 146;D 288 254 0C922472;
VDM1 422 CE05 D 336 254 0872206E;R 0 255 48 110;R 48 255 48 110;D 96 255 1D6E1372;D 144 255 17721992;R 192 255 48 146;R 240 255 48 146;D 288 255 0A922672;D 336 255 0872206E;
VDM1 423 C240 R 0 256 48 110;R 48 256 48 110;D 96 256 1E6E1272;D 144 256 18721892;R 192 256 48 146;R 240 256 48 146;D 288 256 09922772;D 336 256 0872206E;R 0 257 48 110;
VDM1 424 D190 R 48 257 48 110;D 96 257 1E6E1272;D 144 257 18721892;R 192 257 48 146;R 240 257 48 146;D 288 257 09922772;D 336 257 0872206E;R 0 258 48 110;R 48 258 48 110;
VDM1 425 869C D 96 258 1E6E1272;D 144 258 19721792;R 192 258 48 146;R 240 258 48 146;D 288 258 09922772;D 336 258 09721F6E;R 0 259 48 110;R 48 259 48 110;D 96 259 206E1072;
VDM1 426 482F D 144 259 1B721592;R 192 259 48 146;R 240 259 48 146;D 288 259 07922972;D 336 259 09721F6E;R 0 260 48 110;R 48 260 48 110;D 96 260 206E1072;D 144 260 1D721392;
VDM1 427 92E4 R 192 260 48 146;R 240 260 48 146;D 288 260 06922A72;D 336 260 09721F6E;R 0 261 48 110;R 48 261 48 110;D 96 261 206E1072;D 144 261 1D721392;R 192 261 48 146;
VDM1 428 35A8 R 240 261 48 146;D 288 261 05922B72;D 336 261 09721F6E;R 0 262 48 110;R 48 262 48 110;D 96 262 206E1072;D 144 262 1D721392;R 192 262 48 146;R 240 262 48 146;
VDM1 429 2007 D 288 262 05922B72;D 336 262 09721F6E;R 0 263 48 110;R 48 263 48 110;D 96 263 216E0F72;D 144 263 1E721292;R 192 263 48 146;R 240 263 48 146;D 288 263 04922C72;
VDM1 430 65B6 D 336 263 0972026E02721B6E;R 0 264 48 110;R 48 264 48 110;D 96 264 216E0F72;D 144 264 1F721192;R 192 264 48 146;R 240 264 48 146;D 288 264 02922E72;
VDM1 431 3CB6 D 336 264 0A721E6E;R 0 265 48 110;R 48 265 48 110;D 96 265 226E0E72;D 144 265 21720F92;R 192 265 48 146;R 240 265 48 146;D 288 265 02922E72;D 336 265 0B721D6E;
VDM1 432 221F R 0 266 48 110;R 48 266 48 110;D 96 266 236E0D72;D 144 266 22720E92;R 192 266 48 146;R 240 266 48 146;R 288 266 48 114;D 336 266 0C721C6E;R 0 267 48 110;
VDM1 433 5AEC R 48 267 48 110;D 96 267 236E0D72;D 144 267 22720E92;R 192 267 48 146;R 240 267 48 146;R 288 267 48 114;D 336 267 0C721C6E;R 0 268 48 110;R 48 268 48 110;
VDM1 434 D2D1 D 96 268 236E0D72;D 144 268 25720B92;R 192 268 48 146;D 240 268 2E920272;R 288 268 48 114;D 336 268 0C721C6E;R 0 269 48 110;R 48 269 48 110;D 96 269 236E0D72;
VDM1 435 E175 D 144 269 25720B92;R 192 269 48 146;D 240 269 2E920272;R 288 269 48 114;D 336 269 1072186E;R 0 270 48 219;R 48 270 48 219;R 96 270 48 219;R 144 270 48 219;
VDM1 436 2B21 R 192 270 48 219;R 240 270 48 219;R 288 270 48 219;R 336 270 40 219;R 0 271 48 219;R 48 271 48 219;R 96 271 48 219;R 144 271 48 219;R 192 271 48 219;
VDM1 437 1C31 R 240 271 48 219;R 288 271 48 219;R 336 271 40 219;R 0 272 48 219;R 48 272 48 219;R 96 272 48 219;R 144 272 48 219;R 192 272 48 219;R 240 272 48 219;
VDM1 438 7B85 R 288 272 48 219;R 336 272 40 219;R 0 273 48 219;R 48 273 48 219;R 96 273 48 219;R 144 273 48 219;R 192 273 48 219;R 240 273 48 219;
VDM1 439 A33E D 288 273 18DB044904DB04490CDB;D 336 273 044904DB04490CDB044904DB044904DB;R 0 274 48 219;R 48 274 48 219;R 96 274 48 219;R 144 274 48 219;R 192 274 48 219;
VDM1 440 A65C D 240 274 06DB024905DB014905DB014905DB01490BDB014905DB014904DB;D 288 274 07DB014905DB014909DB024902DB024902DB024902DB024904DB024904DB0149;
VDM1 441 1ECC D 336 274 014902DB024902DB024902DB024904DB024904DB024902DB024902DB024902DB024903DB;R 0 275 48 219;R 48 275 48 219;R 96 275 48 219;R 144 275 48 219;
VDM1 442 EEBD R 192 275 48 219;D 240 275 08DB014903DB014901DB014903DB014901DB014903DB014901DB014909DB014901DB014903DB024904DB;
VDM1 443 BD67 D 288 275 06DB014901DB014903DB024909DB024902DB024902DB024902DB024904DB024904DB0149;
VDM1 444 EB73 D 336 275 014902DB024902DB024902DB024904DB024904DB024902DB024902DB024902DB024903DB;R 0 276 48 219;R 48 276 48 219;R 96 276 48 219;R 144 276 48 219;
VDM1 445 4CA3 R 192 276 48 219;D 240 276 07DB014904DB014901DB014903DB014901DB014903DB014901DB014903DB034903DB014901DB014904DB014904DB;
VDM1 446 3DB7 D 288 276 034903DB014901DB014904DB014909DB024902DB024902DB024902DB02490ADB0149;D 336 276 014902DB024902DB024902DB02490ADB024902DB024902DB024902DB024903DB;
VDM1 447 5D3B R 0 277 48 219;R 48 277 48 219;R 96 277 48 219;R 144 277 48 219;R 192 277 48 219;
VDM1 448 B119 D 240 277 06DB014905DB014901DB014903DB014901DB014903DB014901DB014909DB014901DB014904DB014904DB;
VDM1 449 138E D 288 277 06DB014901DB014904DB014909DB024902DB024902DB024902DB024904DB024904DB0149;
VDM1 450 A614 D 336 277 014902DB024902DB024902DB024904DB024904DB024902DB024902DB024902DB024903DB;R 0 278 48 219;R 48 278 48 219;R 96 278 48 219;R 144 278 48 219;
VDM1 451 38A4 R 192 278 48 219;D 240 278 06DB034904DB014905DB014905DB01490BDB014904DB034903DB;D 288 278 07DB014904DB034909DB044904DB044905DB024905DB;
VDM1 452 85C9 D 336 278 044904DB044905DB024905DB044904DB044904DB;R 0 279 48 219;R 48 279 48 219;R 96 279 48 219;R 144 279 48 219;R 192 279 48 219;R 240 279 48 219;
VDM1 453 0C05 R 288 279 48 219;R 336 279 40 219;R 0 280 48 219;R 48 280 48 219;R 96 280 48 219;R 144 280 48 219;R 192 280 48 219;R 240 280 48 219;R 288 280 48 219;
VDM1 454 BB5A R 336 280 40 219;R 0 281 48 219;R 48 281 48 219;R 96 281 48 219;R 144 281 48 219;R 192 281 48 219;R 240 281 48 219;R 288 281 48 219;R 336 281 40 219;
VDM1 455 F9D3 R 0 282 48 219;R 48 282 48 219;R 96 282 48 219;R 144 282 48 219;R 192 282 48 219;R 240 282 48 219;R 288 282 48 219;R 336 282 40 219;R 0 283 48 219;
VDM1 456 E1BC R 48 283 48 219;R 96 283 48 219;R 144 283 48 219;R 192 283 48 219;R 240 283 48 219;R 288 283 48 219;R 336 283 40 219;R 0 284 48 219;R 48 284 48 219;
VDM1 457 8265 R 96 284 48 219;R 144 284 48 219;R 192 284 48 219;R 240 284 48 219;R 288 284 48 219;R 336 284 40 219;R 0 285 48 0;R 48 285 48 0;R 96 285 48 0;R 144 285 48 0;
VDM1 458 B4F4 R 192 285 48 0;R 240 285 48 0;R 288 285 48 0;R 336 285 40 0;R 0 286 48 0;R 48 286 48 0;R 96 286 48 0;R 144 286 48 0;R 192 286 48 0;R 240 286 48 0;
VDM1 459 10E8 R 288 286 48 0;R 336 286 40 0;R 0 287 48 0;R 48 287 48 0;R 96 287 48 0;R 144 287 48 0;R 192 287 48 0;R 240 287 48 0;R 288 287 48 0;R 336 287 40 0;E;
VDM CONTROLLER 1
VDM1 460 53AC R 79 56 3 251;D 77 57 02FB030002FB;B 77 58 FB0000;B 81 58 0000FB;B 76 59 FB0000;B 82 59 0000FB;B 76 60 FB00;B 83 60 00FB;B 76 61 FB0000;B 82 61 0000FB;
VDM1 461 E2C3 B 77 62 FB0000;B 81 62 0000FB;D 77 63 02FB030002FB;R 79 64 3 251;R 79 56 3 1;R 77 57 7 1;R 77 58 3 86;R 81 58 3 86;R 76 59 3 41;R 82 59 3 41;R 76 60 2 41;
VDM1 462 DE90 R 83 60 2 41;R 76 61 3 41;R 82 61 3 41;R 77 62 3 41;R 81 62 3 41;R 77 63 7 41;R 79 64 3 41;R 79 56 3 251;D 77 57 02FB030002FB;B 77 58 FB0000;B 81 58 0000FB;
VDM1 463 D320 B 76 59 FB0000;B 82 59 0000FB;B 76 60 FB00;B 83 60 00FB;B 76 61 FB0000;B 82 61 0000FB;B 77 62 FB0000;B 81 62 0000FB;D 77 63 02FB030002FB;R 79 64 3 251;
VDM1 464 E324 R 79 56 3 1;R 77 57 7 1;R 77 58 3 86;R 81 58 3 86;R 76 59 3 41;R 82 59 3 41;R 76 60 2 41;R 83 60 2 41;R 76 61 3 41;R 82 61 3 41;R 77 62 3 41;R 81 62 3 41;
VDM1 465 2E22 R 77 63 7 41;R 79 64 3 41;R 79 56 3 251;D 77 57 02FB030002FB;B 77 58 FB0000;B 81 58 0000FB;B 76 59 FB0000;B 82 59 0000FB;B 76 60 FB00;B 83 60 00FB;
VDM1 466 4808 B 76 61 FB0000;B 82 61 0000FB;B 77 62 FB0000;B 81 62 0000FB;D 77 63 02FB030002FB;R 79 64 3 251;R 79 56 3 1;R 77 57 7 1;R 77 58 3 86;R 81 58 3 86;R 76 59 3 41;
VDM1 467 9568 R 82 59 3 41;R 76 60 2 41;R 83 60 2 41;R 76 61 3 41;R 82 61 3 41;R 77 62 3 41;R 81 62 3 41;R 77 63 7 41;R 79 64 3 41;F 43 58 141 19 FF002400;
VDM1 468 CC79 O 43 58 141 19 FF55492B;T 48 64 6 8 FFFFDBFF FF002400 87 0228AADA2000;T 54 64 6 8 FFFFDBFF FF002400 97 00062491E000;
VDM1 469 781C T 60 64 6 8 FFFFDBFF FF002400 108 010410408000;T 66 64 6 8 FFFFDBFF FF002400 108 010410408000;T 72 64 6 8 FFFFDBFF FF002400 112 000E24938820;
VDM1 470 9026 T 78 64 6 8 FFFFDBFF FF002400 97 00062491E000;T 84 64 6 8 FFFFDBFF FF002400 112 000E24938820;T 90 64 6 8 FFFFDBFF FF002400 101 00062CC1C000;
VDM1 471 DEED T 96 64 6 8 FFFFDBFF FF002400 114 000310410000;T 102 64 6 8 FFFFDBFF FF002400 32 000000000000;T 108 64 6 8 FFFFDBFF FF002400 84 03E208208000;
VDM1 472 4045 T 114 64 6 8 FFFFDBFF FF002400 111 000624918000;T 120 64 6 8 FFFFDBFF FF002400 103 00062491C118;F 161 61 20 13 FF556D00;
VDM1 473 F450 T 164 64 6 8 FFFFDBFF FF556D00 79 018924918000;T 170 64 6 8 FFFFDBFF FF556D00 78 022CAA9A2000;F 43 80 141 19 FF554900;O 43 80 141 19 FFAAB62B;
VDM1 474 889B T 48 86 6 8 FFFFDBFF FF554900 84 03E208208000;T 54 86 6 8 FFFFDBFF FF554900 111 000624918000;T 60 86 6 8 FFFFDBFF FF554900 111 000624918000;
VDM1 475 1721 T 66 86 6 8 FFFFDBFF FF554900 108 010410408000;T 72 86 6 8 FFFFDBFF FF554900 116 010E10408000;T 78 86 6 8 FFFFDBFF FF554900 105 010010408000;
VDM1 476 F4BA T 84 86 6 8 FFFFDBFF FF554900 112 000E24938820;T 90 86 6 8 FFFFDBFF FF554900 115 000318118000;T 96 86 6 8 FFFFDBFF FF554900 32 000000000000;
VDM1 477 F32D T 102 86 6 8 FFFFDBFF FF554900 84 03E208208000;T 108 86 6 8 FFFFDBFF FF554900 111 000624918000;T 114 86 6 8 FFFFDBFF FF554900 103 00062491C118;
VDM1 478 DD0E F 161 83 20 13 FF556D00;T 164 86 6 8 FFFFDBFF FF556D00 79 018924918000;T 170 86 6 8 FFFFDBFF FF556D00 78 022CAA9A2000;R 79 56 3 251;D 77 57 02FB030002FB;
VDM1 479 CE80 B 77 58 FB0000;B 81 58 0000FB;B 76 59 FB0000;B 82 59 0000FB;B 76 60 FB00;B 83 60 00FB;B 76 61 FB0000;B 82 61 0000FB;B 77 62 FB0000;B 81 62 0000FB;
VDM1 480 E59E D 77 63 02FB030002FB;R 79 64 3 251;
Auto-reconnect failed
Hard-resetting BLE client: auto reconnect failed
Next reconnect attempt in 2053 ms
VDM CONTROLLER 1
attemptReconnectIfNeeded: reinitializing BLE client before reconnect
VDM1 481 4F96 R 79 56 3 1;R 77 57 7 1;R 77 58 3 73;R 81 58 3 73;R 76 59 3 36;R 82 59 3 36;R 76 60 2 36;R 83 60 2 36;R 76 61 3 36;R 82 61 3 36;R 77 62 3 36;R 81 62 3 36;
VDM CONTROLLER 1
VDM1 482 9611 R 77 63 7 36;R 79 64 3 36;F 0 283 83 2 FFAA6D55;F 83 283 5 2 FFAA6D55;F 88 283 8 2 FFAA6D55;F 96 283 8 2 FFAA6D55;F 104 283 2 2 FFAA6D55;
VDM1 483 5587 F 106 283 5 2 FFAA6D55;F 111 283 3 2 FFAA6D55;F 114 283 1 2 FFAA6D55;F 115 283 1 2 FFAA6D55;F 116 283 2 2 FFAA6D55;F 118 283 1 2 FFAA6D55;
VDM1 484 5ED4 F 119 283 1 2 FFAA6D55;F 120 283 1 2 FFAA6D55;F 121 283 1 2 FFAA6D55;F 122 283 1 2 FFAA6D55;F 123 283 1 2 FFAA6D55;F 124 283 1 2 FFAA6D55;
VDM1 485 6E0A F 125 283 2 2 FFAA6D55;F 127 283 1 2 FFAA6D55;F 128 283 1 2 FFAA6D55;F 129 283 5 2 FFAA6D55;F 134 283 3 2 FFAA6D55;F 137 283 4 2 FFAA9255;
VDM1 486 5516 F 141 283 3 2 FFAA9255;F 144 283 1 2 FFAA9255;F 145 283 1 2 FFAA9255;F 146 283 2 2 FFAA9255;F 148 283 3 2 FFAA9255;F 151 283 2 2 FFAA9255;
VDM1 487 BB3F F 153 283 2 2 FFAA9255;F 155 283 1 2 FFAA9255;F 156 283 1 2 FFAA9255;F 157 283 1 2 FFAA9255;F 158 283 2 2 FFAA9255;F 160 283 2 2 FFAA9255;
VDM1 488 7009 F 162 283 3 2 FFAA9255;F 165 283 3 2 FFAA9255;F 168 283 4 2 FFAA9255;F 172 283 1 2 FFAA9255;F 173 283 1 2 FFAA9255;F 174 283 2 2 FFAA9255;
VDM1 489 3E38 F 176 283 2 2 FFAA9255;F 178 283 1 2 FFAA9255;F 179 283 4 2 FFAA9255;F 183 283 4 2 FFAA9255;F 187 283 4 2 FFAA9255;F 191 283 1 2 FFAA9255;
VDM1 490 7747 F 192 283 5 2 FFAA9280;F 197 283 7 2 FFAA9280;F 204 283 5 2 FFAA9280;F 209 283 1 2 FFAA9280;F 210 283 1 2 FFAA9280;F 211 283 2 2 FFAA9280;
VDM1 491 2EEC F 213 283 6 2 FFAA9280;F 219 283 1 2 FFAA9280;F 220 283 2 2 FFAA9280;F 222 283 1 2 FFAA9280;F 223 283 16 2 FFAA9280;F 239 283 1 2 FFAA9280;
VDM1 492 6EE5 F 240 283 7 2 FFAA9280;F 247 283 1 2 FFAA9280;F 248 283 5 2 FFAA9280;F 253 283 2 2 FFAA9280;F 255 283 1 2 FFAA9280;F 256 283 10 2 FFAA9280;
VDM1 493 29D1 F 266 283 7 2 FFAA9280;F 273 283 4 2 FFAA9280;F 277 283 3 2 FFAA9255;F 280 283 2 2 FFAA9255;F 282 283 6 2 FFAA9255;F 288 283 5 2 FFAA9255;
VDM1 494 FF6A F 293 283 1 2 FFAA9255;F 294 283 4 2 FFAA9255;F 298 283 3 2 FFAA9255;F 301 283 1 2 FFAA9255;F 302 283 1 2 FFAA9255;F 303 283 2 2 FFAA9255;
VDM1 495 A0A6 F 305 283 1 2 FFAA9255;F 306 283 2 2 FFAA9255;F 308 283 4 2 FFAA9255;F 312 283 4 2 FFAA9255;F 316 283 6 2 FFAA9255;F 322 283 5 2 FFAA9255;
VDM1 496 1EC2 F 327 283 4 2 FFAA9255;F 331 283 3 2 FFAA9255;F 334 283 2 2 FFAA9255;F 336 283 5 2 FFAA9255;F 341 283 4 2 FFAA9255;F 345 283 2 2 FFAA9255;
VDM1 497 31D2 F 347 283 1 2 FFAA9255;F 348 283 2 2 FFAA9255;F 350 283 7 2 FFAA9255;F 357 283 4 2 FFAA9255;F 361 283 4 2 FFAA9255;F 365 283 3 2 FFAA9255;
VDM1 498 2708 F 368 283 1 2 FFAA9255;F 369 283 7 2 FFAA9255;F 0 282 83 2 FFAA6D55;F 83 282 5 2 FFAA6D55;F 88 282 1 2 FFAA6D55;F 89 282 7 2 FFAA6D55;F 96 282 6 2 FFAA6D55;
VDM1 499 5F58 F 102 282 1 2 FFAA6D55;F 103 282 2 2 FFAA6D55;F 105 282 6 2 FFAA6D55;F 111 282 1 2 FFAA6D55;F 112 282 3 2 FFAA6D55;F 115 282 3 2 FFAA6D55;
VDM1 500 1D4B F 118 282 2 2 FFAA6D55;F 120 282 1 2 FFAA6D55;F 121 282 3 2 FFAA6D55;F 124 282 1 2 FFAA6D55;F 125 282 1 2 FFAA6D55;F 126 282 1 2 FFAA6D55;
VDM1 501 F1F1 F 127 282 1 2 FFAA6D55;F 128 282 3 2 FFAA6D55;F 131 282 1 2 FFAA6D55;F 132 282 3 2 FFAA6D55;F 135 282 1 2 FFAA6D55;F 136 282 1 2 FFAA6D55;
VDM1 502 8070 F 137 282 3 2 FFAA9255;F 140 282 1 2 FFAA9255;F 141 282 2 2 FFAA9255;F 143 282 2 2 FFAA9255;F 145 282 1 2 FFAA9255;F 146 282 1 2 FFAA9255;
VDM1 503 BE7F F 147 282 3 2 FFAA9255;F 150 282 1 2 FFAA9255;F 151 282 1 2 FFAA9255;F 152 282 1 2 FFAA9255;F 153 282 2 2 FFAA9255;F 155 282 1 2 FFAA9255;
VDM1 504 9E00 F 156 282 1 2 FFAA9255;F 157 282 1 2 FFAA9255;F 158 282 3 2 FFAA9255;F 161 282 3 2 FFAA9255;F 164 282 4 2 FFAA9255;F 168 282 4 2 FFAA9255;
VDM1 505 CBC3 F 172 282 1 2 FFAA9255;F 173 282 1 2 FFAA9255;F 174 282 1 2 FFAA9255;F 175 282 4 2 FFAA9255;F 179 282 3 2 FFAA9255;F 182 282 5 2 FFAA9255;
VDM1 506 445C F 187 282 1 2 FFAA9255;F 188 282 4 2 FFAA9255;F 192 282 4 2 FFAA9280;F 196 282 6 2 FFAA9280;F 202 282 7 2 FFAA9280;F 209 282 5 2 FFAA9280;
VDM1 507 6356 F 214 282 1 2 FFAA9280;F 215 282 1 2 FFAA9280;F 216 282 1 2 FFAA9280;F 217 282 1 2 FFAA9280;F 218 282 2 2 FFAA9280;F 220 282 6 2 FFAA9280;
VDM1 508 2C3A F 226 282 8 2 FFAA9280;F 234 282 1 2 FFAA9280;F 235 282 9 2 FFAA9280;F 244 282 6 2 FFAA9280;F 250 282 1 2 FFAA9280;F 251 282 1 2 FFAA9280;
VDM1 509 4AD9 F 252 282 3 2 FFAA9280;F 255 282 1 2 FFAA9280;F 256 282 2 2 FFAA9280;F 258 282 1 2 FFAA9280;F 259 282 8 2 FFAA9280;F 267 282 7 2 FFAA9280;
VDM1 510 B9FC F 274 282 5 2 FFAA9280;F 279 282 2 2 FFAA9255;F 281 282 3 2 FFAA9255;F 284 282 2 2 FFAA9255;F 286 282 1 2 FFAA9255;F 287 282 1 2 FFAA9255;
VDM1 511 D744 F 288 282 4 2 FFAA9255;F 292 282 1 2 FFAA9255;F 293 282 1 2 FFAA9255;F 294 282 4 2 FFAA9255;F 298 282 3 2 FFAA9255;F 301 282 1 2 FFAA9255;
VDM1 512 FEF4 F 302 282 3 2 FFAA9255;F 305 282 1 2 FFAA9255;F 306 282 3 2 FFAA9255;F 309 282 1 2 FFAA9255;F 310 282 1 2 FFAA9255;F 311 282 4 2 FFAA9255;
VDM1 513 DBB9 F 315 282 5 2 FFAA9255;F 320 282 4 2 FFAA9255;F 324 282 1 2 FFAA9255;F 325 282 1 2 FFAA9255;F 326 282 1 2 FFAA9255;F 327 282 1 2 FFAA9255;
VDM1 514 8F3C F 328 282 2 2 FFAA9255;F 330 282 1 2 FFAA9255;F 331 282 1 2 FFAA9255;F 332 282 2 2 FFAA9255;F 334 282 5 2 FFAA9255;F 339 282 5 2 FFAA9255;
VDM1 515 488A F 344 282 2 2 FFAA9255;F 346 282 8 2 FFAA9255;F 354 282 1 2 FFAA9255;F 355 282 4 2 FFAA9255;F 359 282 1 2 FFAA9255;F 360 282 3 2 FFAA9255;
VDM1 516 0E5C F 363 282 8 2 FFAA9255;F 371 282 5 2 FFAA9255;F 0 281 83 2 FFAA6D55;F 83 281 5 2 FFAA6D55;F 88 281 1 2 FFAA6D55;F 89 281 7 2 FFAA6D55;F 96 281 6 2 FFAA6D55;
VDM1 517 6BA8 F 102 281 1 2 FFAA6D55;F 103 281 2 2 FFAA6D55;F 105 281 6 2 FFAA6D55;F 111 281 4 2 FFAA6D55;F 115 281 3 2 FFAA6D55;F 118 281 2 2 FFAA6D55;
VDM1 518 9765 F 120 281 1 2 FFAA6D55;F 121 281 3 2 FFAA6D55;F 124 281 2 2 FFAA6D55;F 126 281 2 2 FFAA6D55;F 128 281 3 2 FFAA6D55;F 131 281 1 2 FFAA6D55;
VDM1 519 52B0 F 132 281 4 2 FFAA6D55;F 136 281 4 2 FFAA9255;F 140 281 1 2 FFAA9255;F 141 281 2 2 FFAA9255;F 143 281 3 2 FFAA9255;F 146 281 1 2 FFAA9255;
VDM1 520 A9CD F 147 281 3 2 FFAA9255;F 150 281 1 2 FFAA9255;F 151 281 1 2 FFAA9255;F 152 281 1 2 FFAA9255;F 153 281 2 2 FFAA9255;F 155 281 1 2 FFAA9255;
VDM1 521 B966 F 156 281 1 2 FFAA9255;F 157 281 1 2 FFAA9255;F 158 281 2 2 FFAA9255;F 160 281 3 2 FFAA9255;F 163 281 4 2 FFAA9255;F 167 281 3 2 FFAA9255;
VDM1 522 9722 F 170 281 3 2 FFAA9255;F 173 281 1 2 FFAA9255;F 174 281 1 2 FFAA9255;F 175 281 3 2 FFAA9255;F 178 281 3 2 FFAA9255;F 181 281 5 2 FFAA9255;
VDM1 523 D243 F 186 281 2 2 FFAA9255;F 188 281 2 2 FFAA9255;F 190 281 5 2 FFAA9280;F 195 281 7 2 FFAA9280;F 202 281 5 2 FFAA9280;F 207 281 7 2 FFAA9280;
VDM1 524 11B1 F 214 281 1 2 FFAA9280;F 215 281 3 2 FFAA9280;F 218 281 3 2 FFAA9280;F 221 281 2 2 FFAA9280;F 223 281 1 2 FFAA9280;F 224 281 1 2 FFAA9280;
VDM1 525 9C72 F 225 281 1 2 FFAA9280;F 226 281 1 2 FFAA9280;F 227 281 7 2 FFAA9280;F 234 281 1 2 FFAA9280;F 235 281 4 2 FFAA9280;F 239 281 5 2 FFAA9280;
VDM1 526 4550 F 244 281 7 2 FFAA9280;F 251 281 1 2 FFAA9280;F 252 281 4 2 FFAA9280;F 256 281 1 2 FFAA9280;F 257 281 1 2 FFAA9280;F 258 281 9 2 FFAA9280;
VDM1 527 BE22 F 267 281 7 2 FFAA9280;F 274 281 5 2 FFAA9280;F 279 281 2 2 FFAA9255;F 281 281 3 2 FFAA9255;F 284 281 4 2 FFAA9255;F 288 281 4 2 FFAA9255;
VDM1 528 10C2 F 292 281 1 2 FFAA9255;F 293 281 1 2 FFAA9255;F 294 281 4 2 FFAA9255;F 298 281 4 2 FFAA9255;F 302 281 1 2 FFAA9255;F 303 281 2 2 FFAA9255;
VDM1 529 7380 F 305 281 1 2 FFAA9255;F 306 281 5 2 FFAA9255;F 311 281 4 2 FFAA9255;F 315 281 5 2 FFAA9255;F 320 281 5 2 FFAA9255;F 325 281 4 2 FFAA9255;
VDM1 530 2FEB F 329 281 1 2 FFAA9255;F 330 281 1 2 FFAA9255;F 331 281 2 2 FFAA9255;F 333 281 4 2 FFAA9255;F 337 281 3 2 FFAA9255;F 340 281 4 2 FFAA9255;
VDM1 531 5211 F 344 281 1 2 FFAA9255;F 345 281 6 2 FFAA9255;F 351 281 6 2 FFAA9255;F 357 281 1 2 FFAA9255;F 358 281 1 2 FFAA9255;F 359 281 5 2 FFAA9255;
VDM1 532 3A5B F 364 281 11 2 FFAA9255;F 375 281 1 2 FFAA6D55;F 0 279 83 3 FFAA6D55;F 83 279 5 3 FFAA6D55;F 88 279 8 3 FFAA6D55;F 96 279 6 3 FFAA6D55;F 102 279 1 3 FFAA6D55;
VDM1 533 19CE F 103 279 2 3 FFAA6D55;F 105 279 5 3 FFAA6D55;F 110 279 5 3 FFAA6D55;F 115 279 2 3 FFAA6D55;F 117 279 1 3 FFAA6D55;F 118 279 1 3 FFAA6D55;
VDM1 534 C649 F 119 279 2 3 FFAA6D55;F 121 279 1 3 FFAA6D55;F 122 279 1 3 FFAA6D55;F 123 279 1 3 FFAA6D55;F 124 279 2 3 FFAA6D55;F 126 279 2 3 FFAA6D55;
VDM1 535 B37E F 128 279 2 3 FFAA6D55;F 130 279 2 3 FFAA6D55;F 132 279 4 3 FFAA6D55;F 136 279 4 3 FFAA9255;F 140 279 1 3 FFAA9255;F 141 279 1 3 FFAA9255;
VDM1 536 A2D5 F 142 279 1 3 FFAA9255;F 143 279 2 3 FFAA9255;F 145 279 1 3 FFAA9255;F 146 279 4 3 FFAA9255;F 150 279 1 3 FFAA9255;F 151 279 1 3 FFAA9255;
VDM1 537 EB30 F 152 279 1 3 FFAA9255;F 153 279 2 3 FFAA9255;F 155 279 2 3 FFAA9255;F 157 279 1 3 FFAA9255;F 158 279 1 3 FFAA9255;F 159 279 3 3 FFAA9255;
VDM1 538 E649 F 162 279 4 3 FFAA9255;F 166 279 3 3 FFAA9255;F 169 279 3 3 FFAA9255;F 172 279 1 3 FFAA9255;F 173 279 1 3 FFAA9255;F 174 279 1 3 FFAA9255;
VDM1 539 9099 F 175 279 2 3 FFAA9255;F 177 279 3 3 FFAA9255;F 180 279 4 3 FFAA9255;F 184 279 4 3 FFAA9255;F 188 279 1 3 FFAA9255;F 189 279 5 3 FFAA9280;
VDM1 540 0F93 F 194 279 6 3 FFAA9280;F 200 279 3 3 FFAA9280;F 203 279 1 3 FFAA9280;F 204 279 1 3 FFAA9280;F 205 279 6 3 FFAA9280;F 211 279 3 3 FFAA9280;
VDM1 541 A099 F 214 279 5 3 FFAA9280;F 219 279 1 3 FFAA9280;F 220 279 1 3 FFAA9280;F 221 279 2 3 FFAA9280;F 223 279 11 3 FFAA9280;F 234 279 1 3 FFAA9280;
VDM1 542 AD0F F 235 279 4 3 FFAA9280;F 239 279 5 3 FFAA9280;F 244 279 1 3 FFAA9280;F 245 279 6 3 FFAA9280;F 251 279 1 3 FFAA9280;F 252 279 7 3 FFAA9280;
VDM1 543 4017 F 259 279 9 3 FFAA9280;F 268 279 8 3 FFAA9280;F 276 279 3 3 FFAA9280;F 279 279 1 3 FFAA9255;F 280 279 1 3 FFAA9280;F 281 279 3 3 FFAA9255;
VDM1 544 F217 F 284 279 3 3 FFAA9255;F 287 279 1 3 FFAA9255;F 288 279 4 3 FFAA9255;F 292 279 1 3 FFAA9255;F 293 279 1 3 FFAA9255;F 294 279 4 3 FFAA9255;
VDM1 545 61AD F 298 279 4 3 FFAA9255;F 302 279 1 3 FFAA9255;F 303 279 2 3 FFAA9255;F 305 279 1 3 FFAA9255;F 306 279 4 3 FFAA9255;F 310 279 4 3 FFAA9255;
VDM1 546 8248 F 314 279 4 3 FFAA9255;F 318 279 5 3 FFAA9255;F 323 279 6 3 FFAA9255;F 329 279 2 3 FFAA9255;F 331 279 1 3 FFAA9255;F 332 279 2 3 FFAA9255;
VDM1 547 BE15 F 334 279 3 3 FFAA9255;F 337 279 2 3 FFAA9255;F 339 279 1 3 FFAA9255;F 340 279 1 3 FFAA9255;F 341 279 1 3 FFAA9255;F 342 279 6 3 FFAA9255;
VDM1 548 25D6 F 348 279 3 3 FFAA9255;F 351 279 4 3 FFAA9255;F 355 279 1 3 FFAA9255;F 356 279 1 3 FFAA9255;F 357 279 3 3 FFAA9255;F 360 279 10 3 FFAA9255;
VDM1 549 881F F 370 279 6 3 FFAA6D55;F 0 278 83 2 FFAA6D55;F 83 278 4 2 FFAA6D55;F 87 278 1 2 FFAA6D55;F 88 278 8 2 FFAA6D55;F 96 278 6 2 FFAA6D55;F 102 278 3 2 FFAA6D55;
VDM1 550 775A F 105 278 5 2 FFAA6D55;F 110 278 5 2 FFAA6D55;F 115 278 1 2 FFAA6D55;F 116 278 1 2 FFAA6D55;F 117 278 1 2 FFAA6D55;F 118 278 3 2 FFAA6D55;
VDM1 551 52BB F 121 278 1 2 FFAA6D55;F 122 278 1 2 FFAA6D55;F 123 278 3 2 FFAA6D55;F 126 278 1 2 FFAA6D55;F 127 278 4 2 FFAA6D55;F 131 278 5 2 FFAA6D55;
VDM1 552 CC99 F 136 278 4 2 FFAA9255;F 140 278 1 2 FFAA9255;F 141 278 1 2 FFAA9255;F 142 278 4 2 FFAA9255;F 146 278 3 2 FFAA9255;F 149 278 2 2 FFAA9255;
VDM1 553 BCF8 F 151 278 2 2 FFAA9255;F 153 278 1 2 FFAA9255;F 154 278 3 2 FFAA9255;F 157 278 1 2 FFAA9255;F 158 278 4 2 FFAA9255;F 162 278 4 2 FFAA9255;
VDM CONTROLLER 1
VDM1 554 7171 F 166 278 2 2 FFAA9255;F 168 278 3 2 FFAA9255;F 171 278 1 2 FFAA9255;F 172 278 1 2 FFAA9255;F 173 278 2 2 FFAA9255;F 175 278 1 2 FFAA9255;
VDM1 555 0844 F 176 278 4 2 FFAA9255;F 180 278 4 2 FFAA9255;F 184 278 4 2 FFAA9255;F 188 278 5 2 FFAA9280;F 193 278 5 2 FFAA9280;F 198 278 5 2 FFAA9280;
VDM1 556 6B6E F 203 278 1 2 FFAA9280;F 204 278 1 2 FFAA9280;F 205 278 3 2 FFAA9280;F 208 278 3 2 FFAA9280;F 211 278 4 2 FFAA9280;F 215 278 30 2 FFAA9280;
VDM1 557 77DA F 245 278 1 2 FFAA9280;F 246 278 7 2 FFAA9280;F 253 278 1 2 FFAA9280;F 254 278 2 2 FFAA9280;F 256 278 5 2 FFAA9280;F 261 278 1 2 FFAA9280;
VDM1 558 B0FF F 262 278 2 2 FFAA9280;F 264 278 5 2 FFAA9280;F 269 278 8 2 FFAA9280;F 277 278 5 2 FFAA9280;F 282 278 2 2 FFAA9255;F 284 278 3 2 FFAA9255;
VDM1 559 3981 F 287 278 6 2 FFAA9255;F 293 278 1 2 FFAA9255;F 294 278 4 2 FFAA9255;F 298 278 4 2 FFAA9255;F 302 278 1 2 FFAA9255;F 303 278 2 2 FFAA9255;
VDM1 560 C795 F 305 278 1 2 FFAA9255;F 306 278 3 2 FFAA9255;F 309 278 5 2 FFAA9255;F 314 278 4 2 FFAA9255;F 318 278 5 2 FFAA9255;F 323 278 5 2 FFAA9255;
VDM1 561 29F2 F 328 278 1 2 FFAA9255;F 329 278 2 2 FFAA9255;F 331 278 1 2 FFAA9255;F 332 278 2 2 FFAA9255;F 334 278 3 2 FFAA9255;F 337 278 1 2 FFAA9255;
VDM1 562 1D33 F 338 278 1 2 FFAA9255;F 339 278 2 2 FFAA9255;F 341 278 6 2 FFAA9255;F 347 278 3 2 FFAA9255;F 350 278 1 2 FFAA9255;F 351 278 7 2 FFAA9255;
VDM1 563 24AC F 358 278 11 2 FFAA9255;F 369 278 7 2 FFAA6D55;F 0 277 81 2 FFAA6D55;F 81 277 5 2 FFAA6D55;F 86 277 1 2 FFAA6D55;F 87 277 9 2 FFAA6D55;F 96 277 6 2 FFAA6D55;
VDM1 564 0D22 F 102 277 3 2 FFAA6D55;F 105 277 5 2 FFAA6D55;F 110 277 5 2 FFAA6D55;F 115 277 1 2 FFAA6D55;F 116 277 2 2 FFAA6D55;F 118 277 1 2 FFAA6D55;
VDM1 565 D86F F 119 277 3 2 FFAA6D55;F 122 277 1 2 FFAA6D55;F 123 277 3 2 FFAA6D55;F 126 277 1 2 FFAA6D55;F 127 277 4 2 FFAA6D55;F 131 277 4 2 FFAA6D55;
VDM1 566 D72A F 135 277 5 2 FFAA9255;F 140 277 1 2 FFAA9255;F 141 277 1 2 FFAA9255;F 142 277 3 2 FFAA9255;F 145 277 3 2 FFAA9255;F 148 277 1 2 FFAA9255;
VDM1 567 3064 F 149 277 2 2 FFAA9255;F 151 277 2 2 FFAA9255;F 153 277 3 2 FFAA9255;F 156 277 1 2 FFAA9255;F 157 277 1 2 FFAA9255;F 158 277 4 2 FFAA9255;
VDM1 568 7EEE F 162 277 4 2 FFAA9255;F 166 277 2 2 FFAA9255;F 168 277 3 2 FFAA9255;F 171 277 1 2 FFAA9255;F 172 277 1 2 FFAA9255;F 173 277 2 2 FFAA9255;
VDM1 569 F58C F 175 277 1 2 FFAA9255;F 176 277 4 2 FFAA9255;F 180 277 3 2 FFAA9255;F 183 277 3 2 FFAA9255;F 186 277 2 2 FFAA9255;F 188 277 3 2 FFAA9280;
VDM1 570 C938 F 191 277 6 2 FFAA9280;F 197 277 7 2 FFAA9280;F 204 277 2 2 FFAA9280;F 206 277 3 2 FFAA9280;F 209 277 5 2 FFAA9280;F 214 277 5 2 FFAA9280;
VDM1 571 3B76 F 219 277 6 2 FFAA9280;F 225 277 1 2 FFAA9280;F 226 277 8 2 FFAA9280;F 234 277 5 2 FFAA9280;F 239 277 2 2 FFAA9280;F 241 277 1 2 FFAA9280;
VDM1 572 7FFB F 242 277 3 2 FFAA9280;F 245 277 1 2 FFAA9280;F 246 277 1 2 FFAA9280;F 247 277 2 2 FFAA9280;F 249 277 1 2 FFAA9280;F 250 277 4 2 FFAA9280;
VDM1 573 2AA4 F 254 277 1 2 FFAA9280;F 255 277 1 2 FFAA9280;F 256 277 1 2 FFAA9280;F 257 277 5 2 FFAA9280;F 262 277 2 2 FFAA9280;F 264 277 6 2 FFAA9280;
VDM1 574 1A87 F 270 277 6 2 FFAA9280;F 276 277 6 2 FFAA9280;F 282 277 2 2 FFAA9255;F 284 277 3 2 FFAA9255;F 287 277 6 2 FFAA9255;F 293 277 5 2 FFAA9255;
VDM1 575 B978 F 298 277 4 2 FFAA9255;F 302 277 1 2 FFAA9255;F 303 277 1 2 FFAA9255;F 304 277 1 2 FFAA9255;F 305 277 1 2 FFAA9255;F 306 277 3 2 FFAA9255;
VDM1 576 3CB3 F 309 277 5 2 FFAA9255;F 314 277 3 2 FFAA9255;F 317 277 6 2 FFAA9255;F 323 277 4 2 FFAA9255;F 327 277 1 2 FFAA9255;F 328 277 5 2 FFAA9255;
VDM1 577 0171 F 333 277 3 2 FFAA9255;F 336 277 1 2 FFAA9255;F 337 277 3 2 FFAA9255;F 340 277 5 2 FFAA9255;F 345 277 1 2 FFAA9255;F 346 277 2 2 FFAA9255;
VDM1 578 6994 F 348 277 1 2 FFAA9255;F 349 277 2 2 FFAA9255;F 351 277 3 2 FFAA9255;F 354 277 12 2 FFAA9255;F 366 277 9 2 FFAA6D55;F 375 277 1 2 FFAA6D55;
VDM1 579 A83A F 0 276 81 2 FFAA6D55;F 81 276 5 2 FFAA6D55;F 86 276 9 2 FFAA6D55;F 95 276 6 2 FFAA6D55;F 101 276 1 2 FFAA6D55;F 102 276 3 2 FFAA6D55;F 105 276 5 2 FFAA6D55;
VDM1 580 3B76 F 110 276 4 2 FFAA6D55;F 114 276 1 2 FFAA6D55;F 115 276 3 2 FFAA6D55;F 118 276 1 2 FFAA6D55;F 119 276 2 2 FFAA6D55;F 121 276 1 2 FFAA6D55;
VDM1 581 5749 F 122 276 1 2 FFAA6D55;F 123 276 3 2 FFAA6D55;F 126 276 4 2 FFAA6D55;F 130 276 5 2 FFAA6D55;F 135 276 4 2 FFAA9255;F 139 276 2 2 FFAA9255;
VDM1 582 FEF9 F 141 276 1 2 FFAA9255;F 142 276 3 2 FFAA9255;F 145 276 3 2 FFAA9255;F 148 276 2 2 FFAA9255;F 150 276 2 2 FFAA9255;F 152 276 3 2 FFAA9255;
VDM1 583 B03F F 155 276 1 2 FFAA9255;F 156 276 2 2 FFAA9255;F 158 276 4 2 FFAA9255;F 162 276 4 2 FFAA9255;F 166 276 2 2 FFAA9255;F 168 276 2 2 FFAA9255;
VDM1 584 7A6B F 170 276 1 2 FFAA9255;F 171 276 1 2 FFAA9255;F 172 276 1 2 FFAA9255;F 173 276 2 2 FFAA9255;F 175 276 4 2 FFAA9255;F 179 276 4 2 FFAA9255;
VDM1 585 E42D F 183 276 2 2 FFAA9255;F 185 276 2 2 FFAA9255;F 187 276 3 2 FFAA9280;F 190 276 5 2 FFAA9280;F 195 276 8 2 FFAA9280;F 203 276 1 2 FFAA9280;
VDM1 586 989A F 204 276 4 2 FFAA9280;F 208 276 2 2 FFAA9280;F 210 276 1 2 FFAA9280;F 211 276 2 2 FFAA9280;F 213 276 1 2 FFAA9280;F 214 276 5 2 FFAA9280;
VDM1 587 4DC9 F 219 276 22 2 FFAA9280;F 241 276 2 2 FFAA9280;F 243 276 3 2 FFAA9280;F 246 276 5 2 FFAA9280;F 251 276 5 2 FFAA9280;F 256 276 2 2 FFAA9280;
VDM1 588 BBD6 F 258 276 5 2 FFAA9280;F 263 276 8 2 FFAA9280;F 271 276 5 2 FFAA9280;F 276 276 6 2 FFAA9280;F 282 276 2 2 FFAA9255;F 284 276 4 2 FFAA9255;
VDM1 589 D40F F 288 276 5 2 FFAA9255;F 293 276 5 2 FFAA9255;F 298 276 4 2 FFAA9255;F 302 276 1 2 FFAA9255;F 303 276 1 2 FFAA9255;F 304 276 2 2 FFAA9255;
VDM1 590 161E F 306 276 3 2 FFAA9255;F 309 276 4 2 FFAA9255;F 313 276 4 2 FFAA9255;F 317 276 5 2 FFAA9255;F 322 276 2 2 FFAA9255;F 324 276 1 2 FFAA9255;
VDM1 591 3C1D F 325 276 1 2 FFAA9255;F 326 276 1 2 FFAA9255;F 327 276 4 2 FFAA9255;F 331 276 4 2 FFAA9255;F 335 276 3 2 FFAA9255;F 338 276 3 2 FFAA9255;
VDM1 592 72D8 F 341 276 5 2 FFAA9255;F 346 276 3 2 FFAA9255;F 349 276 5 2 FFAA9255;F 354 276 7 2 FFAA9255;F 361 276 9 2 FFAA6D55;F 370 276 6 2 FFAA6D55;
VDM1 593 400F F 0 274 81 3 FFAA6D55;F 81 274 1 3 FFAA6D55;F 82 274 1 3 FFAA6D55;F 83 274 2 3 FFAA6D55;F 85 274 1 3 FFAA6D55;F 86 274 9 3 FFAA6D55;F 95 274 6 3 FFAA6D55;
VDM1 594 889D F 101 274 1 3 FFAA6D55;F 102 274 3 3 FFAA6D55;F 105 274 5 3 FFAA6D55;F 110 274 4 3 FFAA6D55;F 114 274 1 3 FFAA6D55;F 115 274 3 3 FFAA6D55;
VDM1 595 E05E F 118 274 1 3 FFAA6D55;F 119 274 1 3 FFAA6D55;F 120 274 1 3 FFAA6D55;F 121 274 1 3 FFAA6D55;F 122 274 1 3 FFAA6D55;F 123 274 3 3 FFAA6D55;
VDM1 596 1655 F 126 274 4 3 FFAA6D55;F 130 274 4 3 FFAA6D55;F 134 274 5 3 FFAA9255;F 139 274 2 3 FFAA9255;F 141 274 3 3 FFAA9255;F 144 274 3 3 FFAA9255;
VDM1 597 0D34 F 147 274 1 3 FFAA9255;F 148 274 1 3 FFAA9255;F 149 274 2 3 FFAA9255;F 151 274 3 3 FFAA9255;F 154 274 1 3 FFAA9255;F 155 274 2 3 FFAA9255;
VDM1 598 4CC0 F 157 274 4 3 FFAA9255;F 161 274 3 3 FFAA9255;F 164 274 3 3 FFAA9255;F 167 274 2 3 FFAA9255;F 169 274 1 3 FFAA9255;F 170 274 1 3 FFAA9255;
VDM1 599 B023 F 171 274 1 3 FFAA9255;F 172 274 1 3 FFAA9255;F 173 274 1 3 FFAA9255;F 174 274 1 3 FFAA9255;F 175 274 3 3 FFAA9255;F 178 274 3 3 FFAA9255;
VDM1 600 B9D5 F 181 274 4 3 FFAA9255;F 185 274 1 3 FFAA9255;F 186 274 3 3 FFAA9280;F 189 274 5 3 FFAA9280;F 194 274 3 3 FFAA9280;F 197 274 7 3 FFAA9280;
VDM1 601 E0BA F 204 274 2 3 FFAA9280;F 206 274 1 3 FFAA9280;F 207 274 2 3 FFAA9280;F 209 274 1 3 FFAA9280;F 210 274 1 3 FFAA9280;F 211 274 3 3 FFAA9280;
VDM1 602 1DD4 F 214 274 1 3 FFAA9280;F 215 274 4 3 FFAA9280;F 219 274 1 3 FFAA9280;F 220 274 1 3 FFAA9280;F 221 274 2 3 FFAA9280;F 223 274 1 3 FFAA9280;
VDM1 603 D516 F 224 274 10 3 FFAA9280;F 234 274 1 3 FFAA9280;F 235 274 2 3 FFAA9280;F 237 274 1 3 FFAA9280;F 238 274 2 3 FFAA9280;F 240 274 1 3 FFAA9280;
VDM1 604 CD7F F 241 274 3 3 FFAA9280;F 244 274 1 3 FFAA9280;F 245 274 1 3 FFAA9280;F 246 274 3 3 FFAA9280;F 249 274 1 3 FFAA9280;F 250 274 5 3 FFAA9280;
VDM1 605 6865 F 255 274 3 3 FFAA9280;F 258 274 1 3 FFAA9280;F 259 274 1 3 FFAA9280;F 260 274 7 3 FFAA9280;F 267 274 5 3 FFAA9280;F 272 274 6 3 FFAA9280;
VDM1 606 9843 F 278 274 4 3 FFAA9280;F 282 274 3 3 FFAA9255;F 285 274 3 3 FFAA9255;F 288 274 1 3 FFAA9255;F 289 274 1 3 FFAA9255;F 290 274 3 3 FFAA9255;
VDM1 607 F0FE F 293 274 5 3 FFAA9255;F 298 274 4 3 FFAA9255;F 302 274 1 3 FFAA9255;F 303 274 1 3 FFAA9255;F 304 274 2 3 FFAA9255;F 306 274 3 3 FFAA9255;
VDM1 608 7362 F 309 274 4 3 FFAA9255;F 313 274 3 3 FFAA9255;F 316 274 5 3 FFAA9255;F 321 274 3 3 FFAA9255;F 324 274 1 3 FFAA9255;F 325 274 1 3 FFAA9255;
VDM1 609 CC15 F 326 274 4 3 FFAA9255;F 330 274 3 3 FFAA9255;F 333 274 2 3 FFAA9255;F 335 274 2 3 FFAA9255;F 337 274 4 3 FFAA9255;F 341 274 4 3 FFAA9255;
VDM1 610 5AEA F 345 274 1 3 FFAA9255;F 346 274 1 3 FFAA9255;F 347 274 5 3 FFAA9255;F 352 274 7 3 FFAA9255;F 359 274 5 3 FFAA6D55;F 364 274 11 3 FFAA6D55;
VDM1 611 F525 F 375 274 1 3 FFAA6D55;F 0 273 78 2 FFAA6D55;F 78 273 2 2 FFAA6D55;F 80 273 1 2 FFAA6D55;F 81 273 1 2 FFAA6D55;F 82 273 1 2 FFAA6D55;F 83 273 2 2 FFAA6D55;
VDM1 612 01F6 F 85 273 1 2 FFAA6D55;F 86 273 9 2 FFAA6D55;F 95 273 6 2 FFAA6D55;F 101 273 1 2 FFAA6D55;F 102 273 3 2 FFAA6D55;F 105 273 5 2 FFAA6D55;F 110 273 3 2 FFAA6D55;
VDM1 613 8A1D F 113 273 2 2 FFAA6D55;F 115 273 3 2 FFAA6D55;F 118 273 1 2 FFAA6D55;F 119 273 1 2 FFAA6D55;F 120 273 1 2 FFAA6D55;F 121 273 1 2 FFAA6D55;
VDM1 614 6B90 F 122 273 2 2 FFAA6D55;F 124 273 2 2 FFAA6D55;F 126 273 3 2 FFAA6D55;F 129 273 5 2 FFAA6D55;F 134 273 1 2 FFAA9255;F 135 273 1 2 FFAA9255;
VDM1 615 BB6F F 136 273 3 2 FFAA9255;F 139 273 1 2 FFAA9255;F 140 273 1 2 FFAA9255;F 141 273 3 2 FFAA9255;F 144 273 2 2 FFAA9255;F 146 273 1 2 FFAA9255;
VDM1 616 F4FD F 147 273 2 2 FFAA9255;F 149 273 2 2 FFAA9255;F 151 273 3 2 FFAA9255;F 154 273 1 2 FFAA9255;F 155 273 2 2 FFAA9255;F 157 273 3 2 FFAA9255;
VDM1 617 E07C F 160 273 3 2 FFAA9255;F 163 273 3 2 FFAA9255;F 166 273 3 2 FFAA9255;F 169 273 1 2 FFAA9255;F 170 273 1 2 FFAA9255;F 171 273 2 2 FFAA9255;
VDM1 618 48E4 F 173 273 1 2 FFAA9255;F 174 273 1 2 FFAA9255;F 175 273 1 2 FFAA9255;F 176 273 4 2 FFAA9255;F 180 273 3 2 FFAA9255;F 183 273 2 2 FFAA9255;
VDM1 619 B991 F 185 273 3 2 FFAA9280;F 188 273 4 2 FFAA9280;F 192 273 4 2 FFAA9280;F 196 273 1 2 FFAA9280;F 197 273 5 2 FFAA9280;F 202 273 1 2 FFAA9280;
VDM1 620 2BEF F 203 273 1 2 FFAA9280;F 204 273 2 2 FFAA9280;F 206 273 1 2 FFAA9280;F 207 273 4 2 FFAA9280;F 211 273 4 2 FFAA9280;F 215 273 1 2 FFAA9280;
VDM1 621 01E7 F 216 273 9 2 FFAA9280;F 225 273 1 2 FFAA9280;F 226 273 8 2 FFAA9280;F 234 273 1 2 FFAA9280;F 235 273 6 2 FFAA9280;F 241 273 3 2 FFAA9280;
VDM1 622 E717 F 244 273 1 2 FFAA9280;F 245 273 6 2 FFAA9280;F 251 273 4 2 FFAA9280;F 255 273 1 2 FFAA9280;F 256 273 1 2 FFAA9280;F 257 273 1 2 FFAA9280;
VDM1 623 8765 F 258 273 2 2 FFAA9280;F 260 273 5 2 FFAA9280;F 265 273 2 2 FFAA9280;F 267 273 7 2 FFAA9280;F 274 273 5 2 FFAA9280;F 279 273 3 2 FFAA9280;
VDM1 624 8A56 F 282 273 4 2 FFAA9255;F 286 273 1 2 FFAA9255;F 287 273 1 2 FFAA9255;F 288 273 1 2 FFAA9255;F 289 273 1 2 FFAA9255;F 290 273 3 2 FFAA9255;
VDM1 625 98B5 F 293 273 5 2 FFAA9255;F 298 273 4 2 FFAA9255;F 302 273 1 2 FFAA9255;F 303 273 1 2 FFAA9255;F 304 273 2 2 FFAA9255;F 306 273 1 2 FFAA9255;
VDM1 626 E4ED F 307 273 6 2 FFAA9255;F 313 273 3 2 FFAA9255;F 316 273 4 2 FFAA9255;F 320 273 5 2 FFAA9255;F 325 273 1 2 FFAA9255;F 326 273 3 2 FFAA9255;
VDM1 627 D1BF F 329 273 1 2 FFAA9255;F 330 273 1 2 FFAA9255;F 331 273 2 2 FFAA9255;F 333 273 1 2 FFAA9255;F 334 273 1 2 FFAA9255;F 335 273 1 2 FFAA9255;
VDM CONTROLLER 1
VDM1 628 FA02 F 336 273 5 2 FFAA9255;F 341 273 4 2 FFAA9255;F 345 273 1 2 FFAA9255;F 346 273 4 2 FFAA9255;F 350 273 6 2 FFAA9255;F 356 273 7 2 FFAA6D55;
VDM1 629 8BC1 F 363 273 6 2 FFAA6D55;F 369 273 2 2 FFAA6D55;F 371 273 1 2 FFAA6D55;F 372 273 4 2 FFAA6D55;F 0 272 81 2 FFAA6D55;F 81 272 2 2 FFAA6D55;F 83 272 1 2 FFAA6D55;
VDM1 630 98F6 F 84 272 2 2 FFAA6D55;F 86 272 8 2 FFAA6D55;F 94 272 6 2 FFAA6D55;F 100 272 3 2 FFAA6D55;F 103 272 2 2 FFAA6D55;F 105 272 1 2 FFAA6D55;F 106 272 3 2 FFAA6D55;
VDM1 631 BEC6 F 109 272 3 2 FFAA6D55;F 112 272 3 2 FFAA6D55;F 115 272 3 2 FFAA6D55;F 118 272 3 2 FFAA6D55;F 121 272 4 2 FFAA6D55;F 125 272 1 2 FFAA6D55;
VDM1 632 DB61 F 126 272 4 2 FFAA6D55;F 130 272 4 2 FFAA6D55;F 134 272 4 2 FFAA9255;F 138 272 2 2 FFAA9255;F 140 272 1 2 FFAA9255;F 141 272 3 2 FFAA9255;
VDM1 633 574F F 144 272 2 2 FFAA9255;F 146 272 1 2 FFAA9255;F 147 272 1 2 FFAA9255;F 148 272 2 2 FFAA9255;F 150 272 4 2 FFAA9255;F 154 272 1 2 FFAA9255;
VDM1 634 B0F9 F 155 272 2 2 FFAA9255;F 157 272 1 2 FFAA9255;F 158 272 5 2 FFAA9255;F 163 272 2 2 FFAA9255;F 165 272 1 2 FFAA9255;F 166 272 1 2 FFAA9255;
VDM1 635 8730 F 167 272 2 2 FFAA9255;F 169 272 1 2 FFAA9255;F 170 272 1 2 FFAA9255;F 171 272 2 2 FFAA9255;F 173 272 3 2 FFAA9255;F 176 272 3 2 FFAA9255;
VDM1 636 1F87 F 179 272 4 2 FFAA9255;F 183 272 1 2 FFAA9255;F 184 272 3 2 FFAA9280;F 187 272 3 2 FFAA9280;F 190 272 6 2 FFAA9280;F 196 272 4 2 FFAA9280;
VDM1 637 DA26 F 200 272 1 2 FFAA9280;F 201 272 2 2 FFAA9280;F 203 272 1 2 FFAA9280;F 204 272 2 2 FFAA9280;F 206 272 1 2 FFAA9280;F 207 272 3 2 FFAA9280;
VDM1 638 70FE F 210 272 1 2 FFAA9280;F 211 272 4 2 FFAA9280;F 215 272 4 2 FFAA9280;F 219 272 7 2 FFAA9280;F 226 272 1 2 FFAA9280;F 227 272 10 2 FFAA9280;
VDM1 639 0134 F 237 272 1 2 FFAA9280;F 238 272 6 2 FFAA9280;F 244 272 1 2 FFAA9280;F 245 272 9 2 FFAA9280;F 254 272 2 2 FFAA9280;F 256 272 2 2 FFAA9280;
VDM1 640 6A89 F 258 272 2 2 FFAA9280;F 260 272 5 2 FFAA9280;F 265 272 1 2 FFAA9280;F 266 272 1 2 FFAA9280;F 267 272 2 2 FFAA9280;F 269 272 2 2 FFAA9280;
VDM1 641 FC67 F 271 272 1 2 FFAA9280;F 272 272 3 2 FFAA9280;F 275 272 5 2 FFAA9280;F 280 272 4 2 FFAA9280;F 284 272 2 2 FFAA9255;F 286 272 2 2 FFAA9255;
Auto-reconnect failed
Hard-resetting BLE client: auto reconnect failed
Next reconnect attempt in 2094 ms
VDM1 642 189B F 288 272 2 2 FFAA9255;F 290 272 1 2 FFAA9255;F 291 272 1 2 FFAA9255;F 292 272 2 2 FFAA9255;F 294 272 2 2 FFAA9255;F 296 272 2 2 FFAA9255;
VDM1 643 5232 F 298 272 1 2 FFAA9255;F 299 272 2 2 FFAA9255;F 301 272 2 2 FFAA9255;F 303 272 1 2 FFAA9255;F 304 272 1 2 FFAA9255;F 305 272 3 2 FFAA9255;
VDM1 644 5693 F 308 272 5 2 FFAA9255;F 313 272 3 2 FFAA9255;F 316 272 3 2 FFAA9255;F 319 272 2 2 FFAA9255;F 321 272 1 2 FFAA9255;F 322 272 3 2 FFAA9255;
VDM1 645 BFC9 F 325 272 4 2 FFAA9255;F 329 272 4 2 FFAA9255;F 333 272 1 2 FFAA9255;F 334 272 1 2 FFAA9255;F 335 272 4 2 FFAA9255;F 339 272 4 2 FFAA9255;
VDM1 646 1A09 F 343 272 2 2 FFAA9255;F 345 272 3 2 FFAA9255;F 348 272 7 2 FFAA9255;F 355 272 1 2 FFAA6D55;F 356 272 1 2 FFAA6D55;F 357 272 1 2 FFAA6D55;
VDM1 647 7EFC F 358 272 2 2 FFAA9255;F 360 272 1 2 FFAA6D55;F 361 272 6 2 FFAA6D55;F 367 272 1 2 FFAA6D55;F 368 272 1 2 FFAA6D55;F 369 272 1 2 FFAA6D55;
VDM1 648 175C F 370 272 1 2 FFAA6D55;F 371 272 2 2 FFAA6D55;F 373 272 2 2 FFAA6D55;F 375 272 1 2 FFAA6D55;F 0 271 81 2 FFAA6D55;F 81 271 5 2 FFAA6D55;F 86 271 8 2 FFAA6D55;
VDM1 649 FFA5 F 94 271 6 2 FFAA6D55;F 100 271 3 2 FFAA6D55;F 103 271 6 2 FFAA6D55;F 109 271 3 2 FFAA6D55;F 112 271 4 2 FFAA6D55;F 116 271 5 2 FFAA6D55;
VDM1 650 576E F 121 271 4 2 FFAA6D55;F 125 271 1 2 FFAA6D55;F 126 271 3 2 FFAA6D55;F 129 271 4 2 FFAA6D55;F 133 271 4 2 FFAA9255;F 137 271 3 2 FFAA9255;
VDM1 651 D353 F 140 271 1 2 FFAA9255;F 141 271 2 2 FFAA9255;F 143 271 2 2 FFAA9255;F 145 271 2 2 FFAA9255;F 147 271 1 2 FFAA9255;F 148 271 2 2 FFAA9255;
VDM1 652 772D F 150 271 3 2 FFAA9255;F 153 271 2 2 FFAA9255;F 155 271 2 2 FFAA9255;F 157 271 1 2 FFAA9255;F 158 271 5 2 FFAA9255;F 163 271 2 2 FFAA9255;
VDM1 653 20B4 F 165 271 1 2 FFAA9255;F 166 271 1 2 FFAA9255;F 167 271 2 2 FFAA9255;F 169 271 3 2 FFAA9255;F 172 271 3 2 FFAA9255;F 175 271 3 2 FFAA9255;
VDM1 654 176C F 178 271 4 2 FFAA9255;F 182 271 1 2 FFAA9255;F 183 271 3 2 FFAA9280;F 186 271 4 2 FFAA9280;F 190 271 5 2 FFAA9280;F 195 271 4 2 FFAA9280;
VDM1 655 A951 F 199 271 1 2 FFAA9280;F 200 271 2 2 FFAA9280;F 202 271 1 2 FFAA9280;F 203 271 1 2 FFAA9280;F 204 271 2 2 FFAA9280;F 206 271 3 2 FFAA9280;
VDM1 656 CB7A F 209 271 6 2 FFAA9280;F 215 271 2 2 FFAA9280;F 217 271 1 2 FFAA9280;F 218 271 8 2 FFAA9280;F 226 271 1 2 FFAA9280;F 227 271 9 2 FFAA9280;
VDM1 657 4BDD F 236 271 1 2 FFAA9280;F 237 271 5 2 FFAA9280;F 242 271 1 2 FFAA9280;F 243 271 3 2 FFAA9280;F 246 271 1 2 FFAA9280;F 247 271 9 2 FFAA9280;
VDM1 658 0F8B F 256 271 5 2 FFAA9280;F 261 271 5 2 FFAA9280;F 266 271 1 2 FFAA9280;F 267 271 3 2 FFAA9280;F 270 271 4 2 FFAA9280;F 274 271 1 2 FFAA9280;
VDM1 659 FD51 F 275 271 1 2 FFAA9280;F 276 271 5 2 FFAA9280;F 281 271 3 2 FFAA9280;F 284 271 1 2 FFAA9280;F 285 271 1 2 FFAA9255;F 286 271 2 2 FFAA9255;
VDM1 660 B124 F 288 271 2 2 FFAA9255;F 290 271 4 2 FFAA9255;F 294 271 1 2 FFAA9255;F 295 271 1 2 FFAA9255;F 296 271 2 2 FFAA9255;F 298 271 1 2 FFAA9255;
VDM1 661 8D3D F 299 271 2 2 FFAA9255;F 301 271 2 2 FFAA9255;F 303 271 1 2 FFAA9255;F 304 271 1 2 FFAA9255;F 305 271 1 2 FFAA9255;F 306 271 2 2 FFAA9255;
????????????????????????????????????????????????????????????????A9255;F 313 271 3 2 FFAA9255;F 316 271 3 2 FFAA9255;F 319 271 2 2 FFAA9255;F 321 271 1 2 FFAA9255;F 322 271 2 2 FFAA9255;
VDM CONTROLLER 1
attemptReconnectIfNeeded: reinitializing BLE client before reconnect
VDM CONTROLLER 1
VDM CONTROLLER 1
Auto-reconnect failed
Hard-resetting BLE client: auto reconnect failed
Next reconnect attempt in 2042 ms
VDM CONTROLLER 1
VDM1 662 0442 F 308 271 5 2 FFAA9255;F 313 271 3 2 FFAA9255;F 316 271 3 2 FFAA9255;F 319 271 2 2 FFAA9255;F 321 271 1 2 FFAA9255;F 322 271 2 2 FFAA9255;
VDM1 663 5AB3 F 324 271 1 2 FFAA9255;F 325 271 4 2 FFAA9255;F 329 271 3 2 FFAA9255;F 332 271 2 2 FFAA9255;F 334 271 5 2 FFAA9255;F 339 271 3 2 FFAA9255;
VDM1 664 5EC5 F 342 271 1 2 FFAA9255;F 343 271 1 2 FFAA9255;F 344 271 3 2 FFAA9255;F 347 271 6 2 FFAA9255;F 353 271 1 2 FFAA6D55;F 354 271 1 2 FFAA9255;
VDM1 665 09F4 F 355 271 5 2 FFAA6D55;F 360 271 5 2 FFAA6D55;F 365 271 2 2 FFAA6D55;F 367 271 5 2 FFAA6D55;F 372 271 1 2 FFAA6D55;F 373 271 1 2 FFAA6D55;
VDM1 666 E135 F 374 271 1 2 FFAA6D55;F 375 271 1 2 FFAA6D55;F 0 269 81 3 FFAA6D55;F 81 269 5 3 FFAA6D55;F 86 269 8 3 FFAA6D55;F 94 269 6 3 FFAA6D55;F 100 269 2 3 FFAA6D55;
VDM1 667 EEDE F 102 269 1 3 FFAA6D55;F 103 269 5 3 FFAA6D55;F 108 269 4 3 FFAA6D55;F 112 269 1 3 FFAA6D55;F 113 269 4 3 FFAA6D55;F 117 269 4 3 FFAA6D55;
VDM1 668 1F98 F 121 269 3 3 FFAA6D55;F 124 269 1 3 FFAA6D55;F 125 269 4 3 FFAA6D55;F 129 269 3 3 FFAA6D55;F 132 269 3 3 FFAA9255;F 135 269 4 3 FFAA9255;
VDM1 669 CE3A F 139 269 1 3 FFAA9255;F 140 269 1 3 FFAA9255;F 141 269 2 3 FFAA9255;F 143 269 2 3 FFAA9255;F 145 269 2 3 FFAA9255;F 147 269 2 3 FFAA9255;
VDM1 670 9A84 F 149 269 3 3 FFAA9255;F 152 269 2 3 FFAA9255;F 154 269 2 3 FFAA9255;F 156 269 2 3 FFAA9255;F 158 269 4 3 FFAA9255;F 162 269 2 3 FFAA9255;
VDM1 671 1FE6 F 164 269 2 3 FFAA9255;F 166 269 1 3 FFAA9255;F 167 269 1 3 FFAA9255;F 168 269 1 3 FFAA9255;F 169 269 2 3 FFAA9255;F 171 269 3 3 FFAA9255;
VDM1 672 ACE8 F 174 269 3 3 FFAA9255;F 177 269 3 3 FFAA9255;F 180 269 2 3 FFAA9255;F 182 269 3 3 FFAA9280;F 185 269 4 3 FFAA9280;F 189 269 5 3 FFAA9280;
VDM1 673 CF2A F 194 269 2 3 FFAA9280;F 196 269 2 3 FFAA9280;F 198 269 1 3 FFAA9280;F 199 269 1 3 FFAA9280;F 200 269 4 3 FFAA9280;F 204 269 1 3 FFAA9280;
VDM1 674 35C6 F 205 269 1 3 FFAA9280;F 206 269 1 3 FFAA9280;F 207 269 3 3 FFAA9280;F 210 269 1 3 FFAA9280;F 211 269 3 3 FFAA9280;F 214 269 2 3 FFAA9280;
VDM1 675 7BF6 F 216 269 3 3 FFAA9280;F 219 269 1 3 FFAA9280;F 220 269 1 3 FFAA9280;F 221 269 1 3 FFAA9280;F 222 269 2 3 FFAA9280;F 224 269 2 3 FFAA9280;
VDM1 676 60DE F 226 269 12 3 FFAA9280;F 238 269 1 3 FFAA9280;F 239 269 6 3 FFAA9280;F 245 269 1 3 FFAA9280;F 246 269 3 3 FFAA9280;F 249 269 1 3 FFAA9280;
VDM1 677 861D F 250 269 1 3 FFAA9280;F 251 269 7 3 FFAA9280;F 258 269 6 3 FFAA9280;F 264 269 3 3 FFAA9280;F 267 269 5 3 FFAA9280;F 272 269 2 3 FFAA9280;
VDM1 678 84AF F 274 269 1 3 FFAA9280;F 275 269 2 3 FFAA9280;F 277 269 1 3 FFAA9280;F 278 269 1 3 FFAA9280;F 279 269 3 3 FFAA9280;F 282 269 3 3 FFAA9280;
VDM1 679 AFCE F 285 269 1 3 FFAA9255;F 286 269 5 3 FFAA9255;F 291 269 3 3 FFAA9255;F 294 269 1 3 FFAA9255;F 295 269 1 3 FFAA9255;F 296 269 3 3 FFAA9255;
VDM1 680 304E F 299 269 1 3 FFAA9255;F 300 269 1 3 FFAA9255;F 301 269 2 3 FFAA9255;F 303 269 2 3 FFAA9255;F 305 269 1 3 FFAA9255;F 306 269 2 3 FFAA9255;
VDM1 681 693F F 308 269 5 3 FFAA9255;F 313 269 3 3 FFAA9255;F 316 269 3 3 FFAA9255;F 319 269 2 3 FFAA9255;F 321 269 3 3 FFAA9255;F 324 269 1 3 FFAA9255;
VDM1 682 803A F 325 269 4 3 FFAA9255;F 329 269 2 3 FFAA9255;F 331 269 2 3 FFAA9255;F 333 269 1 3 FFAA9255;F 334 269 2 3 FFAA9255;F 336 269 6 3 FFAA9255;
VDM1 683 53F3 F 342 269 1 3 FFAA9255;F 343 269 3 3 FFAA9255;F 346 269 6 3 FFAA9255;F 352 269 6 3 FFAA6D55;F 358 269 6 3 FFAA6D55;F 364 269 1 3 FFAA6D55;
attemptReconnectIfNeeded: reinitializing BLE client before reconnect
VDM1 684 DEC8 F 365 269 6 3 FFAA6D55;F 371 269 1 3 FFAA6D55;F 372 269 2 3 FFAA6D55;F 374 269 1 3 FFAA6D55;F 375 269 1 3 FFAA6D55;F 0 268 80 2 FFAA6D55;F 80 268 5 2 FFAA6D55;
VDM1 685 41AD F 85 268 1 2 FFAA6D55;F 86 268 8 2 FFAA6D55;F 94 268 4 2 FFAA6D55;F 98 268 2 2 FFAA6D55;F 100 268 1 2 FFAA6D55;F 101 268 7 2 FFAA6D55;F 108 268 3 2 FFAA6D55;
VDM1 686 17AE F 111 268 2 2 FFAA6D55;F 113 268 4 2 FFAA6D55;F 117 268 2 2 FFAA6D55;F 119 268 5 2 FFAA6D55;F 124 268 1 2 FFAA6D55;F 125 268 3 2 FFAA6D55;
VDM1 687 69BF F 128 268 3 2 FFAA6D55;F 131 268 4 2 FFAA9255;F 135 268 4 2 FFAA9255;F 139 268 1 2 FFAA9255;F 140 268 1 2 FFAA9255;F 141 268 3 2 FFAA9255;
VDM1 688 F01C F 144 268 1 2 FFAA9255;F 145 268 1 2 FFAA9255;F 146 268 3 2 FFAA9255;F 149 268 2 2 FFAA9255;F 151 268 3 2 FFAA9255;F 154 268 1 2 FFAA9255;
VDM1 689 DDBF F 155 268 3 2 FFAA9255;F 158 268 2 2 FFAA9255;F 160 268 4 2 FFAA9255;F 164 268 1 2 FFAA9255;F 165 268 1 2 FFAA9255;F 166 268 1 2 FFAA9255;
VDM1 690 7CF8 F 167 268 3 2 FFAA9255;F 170 268 2 2 FFAA9255;F 172 268 1 2 FFAA9255;F 173 268 3 2 FFAA9255;F 176 268 3 2 FFAA9255;F 179 268 2 2 FFAA9255;
VDM1 691 F831 F 181 268 3 2 FFAA9280;F 184 268 4 2 FFAA9280;F 188 268 2 2 FFAA9280;F 190 268 4 2 FFAA9280;F 194 268 1 2 FFAA9280;F 195 268 4 2 FFAA9280;
VDM1 692 64E6 F 199 268 3 2 FFAA9280;F 202 268 1 2 FFAA9280;F 203 268 1 2 FFAA9280;F 204 268 2 2 FFAA9280;F 206 268 1 2 FFAA9280;F 207 268 2 2 FFAA9280;
VDM1 693 3449 F 209 268 2 2 FFAA9280;F 211 268 2 2 FFAA9280;F 213 268 1 2 FFAA9280;F 214 268 5 2 FFAA9280;F 219 268 1 2 FFAA9280;F 220 268 2 2 FFAA9280;
VDM1 694 8397 F 222 268 2 2 FFAA9280;F 224 268 2 2 FFAA9280;F 226 268 12 2 FFAA9280;F 238 268 1 2 FFAA9280;F 239 268 2 2 FFAA9280;F 241 268 3 2 FFAA9280;
VDM1 695 B539 F 244 268 1 2 FFAA9280;F 245 268 4 2 FFAA9280;F 249 268 1 2 FFAA9280;F 250 268 1 2 FFAA9280;F 251 268 1 2 FFAA9280;F 252 268 3 2 FFAA9280;
VDM1 696 8593 F 255 268 3 2 FFAA9280;F 258 268 2 2 FFAA9280;F 260 268 5 2 FFAA9280;F 265 268 3 2 FFAA9280;F 268 268 1 2 FFAA9280;F 269 268 2 2 FFAA9280;
VDM1 697 C01B F 271 268 1 2 FFAA9280;F 272 268 1 2 FFAA9280;F 273 268 4 2 FFAA9280;F 277 268 5 2 FFAA9280;F 282 268 4 2 FFAA9280;F 286 268 1 2 FFAA9255;
VDM1 698 F15B F 287 268 5 2 FFAA9255;F 292 268 2 2 FFAA9255;F 294 268 1 2 FFAA9255;F 295 268 1 2 FFAA9255;F 296 268 3 2 FFAA9255;F 299 268 2 2 FFAA9255;
VDM1 699 D6C2 F 301 268 2 2 FFAA9255;F 303 268 2 2 FFAA9255;F 305 268 1 2 FFAA9255;F 306 268 3 2 FFAA9255;F 309 268 4 2 FFAA9255;F 313 268 3 2 FFAA9255;
VDM1 700 0CA7 F 316 268 3 2 FFAA9255;F 319 268 1 2 FFAA9255;F 320 268 4 2 FFAA9255;F 324 268 1 2 FFAA9255;F 325 268 3 2 FFAA9255;F 328 268 3 2 FFAA9255;
VDM1 701 DE74 F 331 268 2 2 FFAA9255;F 333 268 2 2 FFAA9255;F 335 268 6 2 FFAA9255;F 341 268 1 2 FFAA9255;F 342 268 1 2 FFAA9255;F 343 268 3 2 FFAA9255;
VDM1 702 AA55 F 346 268 6 2 FFAA9255;F 352 268 5 2 FFAA6D55;F 357 268 6 2 FFAA6D55;F 363 268 2 2 FFAA6D55;F 365 268 4 2 FFAA6D55;F 369 268 6 2 FFAA6D55;
VDM1 703 4222 F 375 268 1 2 FFAA6D55;F 0 267 80 2 FFAA6D55;F 80 267 5 2 FFAA6D55;F 85 267 9 2 FFAA6D55;F 94 267 4 2 FFAA6D55;F 98 267 1 2 FFAA6D55;F 99 267 1 2 FFAA6D55;
VDM1 704 85F7 F 100 267 1 2 FFAA6D55;F 101 267 6 2 FFAA6D55;F 107 267 4 2 FFAA6D55;F 111 267 2 2 FFAA6D55;F 113 267 4 2 FFAA6D55;F 117 267 2 2 FFAA6D55;
VDM1 705 D31B F 119 267 4 2 FFAA6D55;F 123 267 1 2 FFAA6D55;F 124 267 4 2 FFAA6D55;F 128 267 3 2 FFAA6D55;F 131 267 4 2 FFAA9255;F 135 267 3 2 FFAA9255;
VDM CONTROLLER 1
VDM1 706 98AF F 138 267 1 2 FFAA9255;F 139 267 1 2 FFAA9255;F 140 267 1 2 FFAA9255;F 141 267 2 2 FFAA9255;F 143 267 2 2 FFAA9255;F 145 267 3 2 FFAA9255;
VDM1 707 5314 F 148 267 2 2 FFAA9255;F 150 267 1 2 FFAA9255;F 151 267 2 2 FFAA9255;F 153 267 1 2 FFAA9255;F 154 267 3 2 FFAA9255;F 157 267 2 2 FFAA9255;
VDM1 708 BB6F F 159 267 3 2 FFAA9255;F 162 267 1 2 FFAA9255;F 163 267 1 2 FFAA9255;F 164 267 2 2 FFAA9255;F 166 267 3 2 FFAA9255;F 169 267 2 2 FFAA9255;
VDM1 709 27FD F 171 267 2 2 FFAA9255;F 173 267 2 2 FFAA9255;F 175 267 3 2 FFAA9255;F 178 267 3 2 FFAA9255;F 181 267 2 2 FFAA9280;F 183 267 4 2 FFAA9280;
VDM1 710 BA72 F 187 267 2 2 FFAA9280;F 189 267 3 2 FFAA9280;F 192 267 1 2 FFAA9280;F 193 267 3 2 FFAA9280;F 196 267 4 2 FFAA9280;F 200 267 5 2 FFAA9280;
VDM1 711 90E5 F 205 267 1 2 FFAA9280;F 206 267 6 2 FFAA9280;F 212 267 7 2 FFAA9280;F 219 267 1 2 FFAA9280;F 220 267 1 2 FFAA9280;F 221 267 1 2 FFAA9280;
VDM1 712 C4F4 F 222 267 17 2 FFAA9280;F 239 267 1 2 FFAA9280;F 240 267 1 2 FFAA9280;F 241 267 3 2 FFAA9280;F 244 267 5 2 FFAA9280;F 249 267 9 2 FFAA9280;
VDM1 713 61EA F 258 267 1 2 FFAA9280;F 259 267 1 2 FFAA9280;F 260 267 4 2 FFAA9280;F 264 267 3 2 FFAA9280;F 267 267 3 2 FFAA9280;F 270 267 2 2 FFAA9280;
VDM1 714 F63B F 272 267 1 2 FFAA9280;F 273 267 2 2 FFAA9280;F 275 267 4 2 FFAA9280;F 279 267 4 2 FFAA9280;F 283 267 3 2 FFAA9280;F 286 267 2 2 FFAA9255;
VDM1 715 C913 F 288 267 5 2 FFAA9255;F 293 267 4 2 FFAA9255;F 297 267 4 2 FFAA9255;F 301 267 2 2 FFAA9255;F 303 267 3 2 FFAA9255;F 306 267 1 2 FFAA9255;
VDM1 716 F730 F 307 267 1 2 FFAA9255;F 308 267 1 2 FFAA9255;F 309 267 4 2 FFAA9255;F 313 267 3 2 FFAA9255;F 316 267 3 2 FFAA9255;F 319 267 1 2 FFAA9255;
VDM1 717 C0BC F 320 267 3 2 FFAA9255;F 323 267 1 2 FFAA9255;F 324 267 1 2 FFAA9255;F 325 267 2 2 FFAA9255;F 327 267 2 2 FFAA9255;F 329 267 2 2 FFAA9255;
VDM1 718 0420 F 331 267 1 2 FFAA9255;F 332 267 1 2 FFAA9255;F 333 267 3 2 FFAA9255;F 336 267 4 2 FFAA9255;F 340 267 1 2 FFAA9255;F 341 267 1 2 FFAA9255;
VDM1 719 F056 F 342 267 3 2 FFAA9255;F 345 267 3 2 FFAA9255;F 348 267 8 2 FFAA6D55;F 356 267 5 2 FFAA6D55;F 361 267 3 2 FFAA6D55;F 364 267 5 2 FFAA6D55;
VDM1 720 8FE2 F 369 267 3 2 FFAA6D55;F 372 267 2 2 FFAA6D55;F 374 267 1 2 FFAA6D55;F 375 267 1 2 FFAA6D55;F 0 266 80 2 FFAA6D55;F 80 266 3 2 FFAA6D55;F 83 266 1 2 FFAA6D55;
VDM1 721 2A4A F 84 266 1 2 FFAA6D55;F 85 266 1 2 FFAA6D55;F 86 266 7 2 FFAA6D55;F 93 266 5 2 FFAA6D55;F 98 266 2 2 FFAA6D55;F 100 266 7 2 FFAA6D55;F 107 266 3 2 FFAA6D55;
VDM1 722 5D7D F 110 266 3 2 FFAA6D55;F 113 266 3 2 FFAA6D55;F 116 266 3 2 FFAA6D55;F 119 266 2 2 FFAA6D55;F 121 266 2 2 FFAA6D55;F 123 266 3 2 FFAA6D55;
VDM1 723 94AF F 126 266 5 2 FFAA6D55;F 131 266 4 2 FFAA9255;F 135 266 1 2 FFAA9255;F 136 266 3 2 FFAA9255;F 139 266 2 2 FFAA9255;F 141 266 2 2 FFAA9255;
VDM1 724 5DD2 F 143 266 2 2 FFAA9255;F 145 266 2 2 FFAA9255;F 147 266 2 2 FFAA9255;F 149 266 2 2 FFAA9255;F 151 266 2 2 FFAA9255;F 153 266 3 2 FFAA9255;
VDM1 725 12D6 F 156 266 2 2 FFAA9255;F 158 266 2 2 FFAA9255;F 160 266 2 2 FFAA9255;F 162 266 1 2 FFAA9255;F 163 266 1 2 FFAA9255;F 164 266 1 2 FFAA9255;
VDM1 726 3FDA F 165 266 1 2 FFAA9255;F 166 266 2 2 FFAA9255;F 168 266 2 2 FFAA9255;F 170 266 2 2 FFAA9255;F 172 266 2 2 FFAA9255;F 174 266 3 2 FFAA9255;
VDM1 727 2CC5 F 177 266 1 2 FFAA9255;F 178 266 2 2 FFAA9280;F 180 266 1 2 FFAA9280;F 181 266 1 2 FFAA9280;F 182 266 4 2 FFAA9280;F 186 266 2 2 FFAA9280;
VDM1 728 07BC F 188 266 3 2 FFAA9280;F 191 266 1 2 FFAA9280;F 192 266 3 2 FFAA9280;F 195 266 1 2 FFAA9280;F 196 266 1 2 FFAA9280;F 197 266 5 2 FFAA9280;
VDM1 729 E0B2 F 202 266 2 2 FFAA9280;F 204 266 2 2 FFAA9280;F 206 266 2 2 FFAA9280;F 208 266 1 2 FFAA9280;F 209 266 4 2 FFAA9280;F 213 266 5 2 FFAA9280;
VDM1 730 D691 F 218 266 1 2 FFAA9280;F 219 266 1 2 FFAA9280;F 220 266 1 2 FFAA9280;F 221 266 1 2 FFAA9280;F 222 266 19 2 FFAA9280;F 241 266 7 2 FFAA9280;
VDM1 731 AF75 F 248 266 1 2 FFAA9280;F 249 266 2 2 FFAA9280;F 251 266 9 2 FFAA9280;F 260 266 1 2 FFAA9280;F 261 266 5 2 FFAA9280;F 266 266 4 2 FFAA9280;
VDM1 732 50CD F 270 266 3 2 FFAA9280;F 273 266 1 2 FFAA9280;F 274 266 1 2 FFAA9280;F 275 266 5 2 FFAA9280;F 280 266 1 2 FFAA9280;F 281 266 3 2 FFAA9280;
VDM1 733 49F0 F 284 266 4 2 FFAA9280;F 288 266 1 2 FFAA9255;F 289 266 1 2 FFAA9255;F 290 266 4 2 FFAA9255;F 294 266 4 2 FFAA9255;F 298 266 3 2 FFAA9255;
VDM1 734 D0C2 F 301 266 2 2 FFAA9255;F 303 266 1 2 FFAA9255;F 304 266 1 2 FFAA9255;F 305 266 2 2 FFAA9255;F 307 266 1 2 FFAA9255;F 308 266 1 2 FFAA9255;
VDM1 735 2130 F 309 266 4 2 FFAA9255;F 313 266 3 2 FFAA9255;F 316 266 3 2 FFAA9255;F 319 266 2 2 FFAA9255;F 321 266 2 2 FFAA9255;F 323 266 1 2 FFAA9255;
VDM1 736 36E2 F 324 266 1 2 FFAA9255;F 325 266 2 2 FFAA9255;F 327 266 2 2 FFAA9255;F 329 266 2 2 FFAA9255;F 331 266 5 2 FFAA9255;F 336 266 1 2 FFAA9255;
VDM1 737 D5BF F 337 266 2 2 FFAA9255;F 339 266 1 2 FFAA9255;F 340 266 1 2 FFAA9255;F 341 266 4 2 FFAA9255;F 345 266 3 2 FFAA9255;F 348 266 6 2 FFAA6D55;
VDM1 738 2782 F 354 266 4 2 FFAA6D55;F 358 266 3 2 FFAA6D55;F 361 266 1 2 FFAA6D55;F 362 266 4 2 FFAA6D55;F 366 266 1 2 FFAA6D55;F 367 266 1 2 FFAA6D55;
VDM1 739 CB7E F 368 266 1 2 FFAA6D55;F 369 266 1 2 FFAA6D55;F 370 266 2 2 FFAA6D55;F 372 266 2 2 FFAA6D55;F 374 266 1 2 FFAA6D55;F 375 266 1 2 FFAA6D55;
VDM1 740 F81E F 0 264 80 2 FFAA6D55;F 80 264 3 2 FFAA6D55;F 83 264 3 2 FFAA6D55;F 86 264 7 2 FFAA6D55;F 93 264 5 2 FFAA6D55;F 98 264 2 2 FFAA6D55;F 100 264 7 2 FFAA6D55;
VDM1 741 CDF4 F 107 264 3 2 FFAA6D55;F 110 264 5 2 FFAA6D55;F 115 264 3 2 FFAA6D55;F 118 264 3 2 FFAA6D55;F 121 264 3 2 FFAA6D55;F 124 264 2 2 FFAA6D55;
VDM1 742 C8CF F 126 264 4 2 FFAA6D55;F 130 264 4 2 FFAA9255;F 134 264 2 2 FFAA9255;F 136 264 3 2 FFAA9255;F 139 264 1 2 FFAA9255;F 140 264 2 2 FFAA9255;
VDM1 743 3DF9 F 142 264 1 2 FFAA9255;F 143 264 1 2 FFAA9255;F 144 264 2 2 FFAA9255;F 146 264 3 2 FFAA9255;F 149 264 2 2 FFAA9255;F 151 264 2 2 FFAA9255;
VDM1 744 8903 F 153 264 2 2 FFAA9255;F 155 264 2 2 FFAA9255;F 157 264 3 2 FFAA9255;F 160 264 2 2 FFAA9255;F 162 264 1 2 FFAA9255;F 163 264 1 2 FFAA9255;
VDM1 745 D88C F 164 264 2 2 FFAA9255;F 166 264 1 2 FFAA9255;F 167 264 2 2 FFAA9255;F 169 264 1 2 FFAA9255;F 170 264 1 2 FFAA9255;F 171 264 2 2 FFAA9255;
VDM1 746 4BB5 F 173 264 1 2 FFAA9255;F 174 264 2 2 FFAA9255;F 176 264 1 2 FFAA9255;F 177 264 2 2 FFAA9280;F 179 264 4 2 FFAA9280;F 183 264 4 2 FFAA9280;
VDM1 747 AA7C F 187 264 1 2 FFAA9280;F 188 264 2 2 FFAA9280;F 190 264 1 2 FFAA9280;F 191 264 2 2 FFAA9280;F 193 264 2 2 FFAA9280;F 195 264 1 2 FFAA9280;
VDM1 748 C64F F 196 264 5 2 FFAA9280;F 201 264 3 2 FFAA9280;F 204 264 1 2 FFAA9280;F 205 264 1 2 FFAA9280;F 206 264 1 2 FFAA9280;F 207 264 1 2 FFAA9280;
VDM1 749 8A1B F 208 264 11 2 FFAA9280;F 219 264 1 2 FFAA9280;F 220 264 14 2 FFAA9280;F 234 264 1 2 FFAA9280;F 235 264 12 2 FFAA9280;F 247 264 2 2 FFAA9280;
VDM1 750 6EAB F 249 264 1 2 FFAA9280;F 250 264 6 2 FFAA9280;F 256 264 2 2 FFAA9280;F 258 264 2 2 FFAA9280;F 260 264 1 2 FFAA9280;F 261 264 4 2 FFAA9280;
VDM1 751 E647 F 265 264 4 2 FFAA9280;F 269 264 2 2 FFAA9280;F 271 264 3 2 FFAA9280;F 274 264 1 2 FFAA9280;F 275 264 3 2 FFAA9280;F 278 264 1 2 FFAA9280;
VDM1 752 EF48 F 279 264 2 2 FFAA9280;F 281 264 1 2 FFAA9280;F 282 264 4 2 FFAA9280;F 286 264 4 2 FFAA9280;F 290 264 3 2 FFAA9255;F 293 264 2 2 FFAA9255;
VDM1 753 F504 F 295 264 3 2 FFAA9255;F 298 264 3 2 FFAA9255;F 301 264 2 2 FFAA9255;F 303 264 1 2 FFAA9255;F 304 264 2 2 FFAA9255;F 306 264 2 2 FFAA9255;
VDM1 754 884F F 308 264 1 2 FFAA9255;F 309 264 4 2 FFAA9255;F 313 264 3 2 FFAA9255;F 316 264 3 2 FFAA9255;F 319 264 4 2 FFAA9255;F 323 264 2 2 FFAA9255;
VDM1 755 8F41 F 325 264 2 2 FFAA9255;F 327 264 2 2 FFAA9255;F 329 264 1 2 FFAA9255;F 330 264 1 2 FFAA9255;F 331 264 4 2 FFAA9255;F 335 264 1 2 FFAA9255;
VDM1 756 2077 F 336 264 3 2 FFAA9255;F 339 264 1 2 FFAA9255;F 340 264 1 2 FFAA9255;F 341 264 1 2 FFAA9255;F 342 264 5 2 FFAA9255;F 347 264 6 2 FFAA6D55;
VDM1 757 228C F 353 264 4 2 FFAA6D55;F 357 264 1 2 FFAA6D55;F 358 264 6 2 FFAA6D55;F 364 264 1 2 FFAA6D55;F 365 264 1 2 FFAA6D55;F 366 264 3 2 FFAA6D55;
VDM1 758 839A F 369 264 1 2 FFAA6D55;F 370 264 2 2 FFAA6D55;F 372 264 2 2 FFAA6D55;F 374 264 2 2 FFAA6D55;F 0 263 80 2 FFAA6D55;F 80 263 3 2 FFAA6D55;F 83 263 3 2 FFAA6D55;
VDM1 759 245E F 86 263 1 2 FFAA6D55;F 87 263 3 2 FFAA6D55;F 90 263 1 2 FFAA6D55;F 91 263 2 2 FFAA6D55;F 93 263 5 2 FFAA6D55;F 98 263 2 2 FFAA6D55;F 100 263 6 2 FFAA6D55;
VDM1 760 2FA2 F 106 263 1 2 FFAA6D55;F 107 263 3 2 FFAA6D55;F 110 263 4 2 FFAA6D55;F 114 263 2 2 FFAA6D55;F 116 263 2 2 FFAA6D55;F 118 263 2 2 FFAA6D55;
VDM1 761 7DA0 F 120 263 1 2 FFAA6D55;F 121 263 3 2 FFAA6D55;F 124 263 2 2 FFAA6D55;F 126 263 3 2 FFAA6D55;F 129 263 4 2 FFAA9255;F 133 263 3 2 FFAA9255;
VDM1 762 8D10 F 136 263 2 2 FFAA9255;F 138 263 1 2 FFAA9255;F 139 263 1 2 FFAA9255;F 140 263 1 2 FFAA9255;F 141 263 2 2 FFAA9255;F 143 263 1 2 FFAA9255;
VDM1 763 9E85 F 144 263 2 2 FFAA9255;F 146 263 2 2 FFAA9255;F 148 263 2 2 FFAA9255;F 150 263 1 2 FFAA9255;F 151 263 2 2 FFAA9255;F 153 263 2 2 FFAA9255;
VDM1 764 A7EF F 155 263 2 2 FFAA9255;F 157 263 2 2 FFAA9255;F 159 263 2 2 FFAA9255;F 161 263 1 2 FFAA9255;F 162 263 1 2 FFAA9255;F 163 263 3 2 FFAA9255;
VDM1 765 0720 F 166 263 1 2 FFAA9255;F 167 263 2 2 FFAA9255;F 169 263 1 2 FFAA9255;F 170 263 1 2 FFAA9255;F 171 263 1 2 FFAA9255;F 172 263 1 2 FFAA9255;
VDM1 766 CCD5 F 173 263 2 2 FFAA9255;F 175 263 3 2 FFAA9280;F 178 263 4 2 FFAA9280;F 182 263 4 2 FFAA9280;F 186 263 1 2 FFAA9280;F 187 263 1 2 FFAA9280;
VDM1 767 51F6 F 188 263 2 2 FFAA9280;F 190 263 1 2 FFAA9280;F 191 263 2 2 FFAA9280;F 193 263 1 2 FFAA9280;F 194 263 6 2 FFAA9280;F 200 263 1 2 FFAA9280;
VDM1 768 5672 F 201 263 3 2 FFAA9280;F 204 263 2 2 FFAA9280;F 206 263 1 2 FFAA9280;F 207 263 3 2 FFAA9280;F 210 263 13 2 FFAA9280;F 223 263 11 2 FFAA9280;
VDM1 769 51E8 F 234 263 1 2 FFAA9280;F 235 263 3 2 FFAA9280;F 238 263 2 2 FFAA9280;F 240 263 1 2 FFAA9280;F 241 263 1 2 FFAA9280;F 242 263 9 2 FFAA9280;
VDM1 770 8074 F 251 263 4 2 FFAA9280;F 255 263 1 2 FFAA9280;F 256 263 3 2 FFAA9280;F 259 263 2 2 FFAA9280;F 261 263 1 2 FFAA9280;F 262 263 3 2 FFAA9280;
VDM1 771 9B14 F 265 263 1 2 FFAA9280;F 266 263 4 2 FFAA9280;F 270 263 3 2 FFAA9280;F 273 263 3 2 FFAA9280;F 276 263 1 2 FFAA9280;F 277 263 1 2 FFAA9280;
VDM1 772 9849 F 278 263 1 2 FFAA9280;F 279 263 1 2 FFAA9280;F 280 263 1 2 FFAA9280;F 281 263 1 2 FFAA9280;F 282 263 2 2 FFAA9280;F 284 263 2 2 FFAA9280;
VDM1 773 7B7A F 286 263 2 2 FFAA9280;F 288 263 1 2 FFAA9280;F 289 263 1 2 FFAA9280;F 290 263 5 2 FFAA9255;F 295 263 1 2 FFAA9255;F 296 263 3 2 FFAA9255;
VDM1 774 4C83 F 299 263 2 2 FFAA9255;F 301 263 2 2 FFAA9255;F 303 263 1 2 FFAA9255;F 304 263 2 2 FFAA9255;F 306 263 2 2 FFAA9255;F 308 263 1 2 FFAA9255;
VDM1 775 4063 F 309 263 4 2 FFAA9255;F 313 263 3 2 FFAA9255;F 316 263 3 2 FFAA9255;F 319 263 4 2 FFAA9255;F 323 263 2 2 FFAA9255;F 325 263 2 2 FFAA9255;
VDM1 776 459A F 327 263 2 2 FFAA9255;F 329 263 1 2 FFAA9255;F 330 263 1 2 FFAA9255;F 331 263 4 2 FFAA9255;F 335 263 1 2 FFAA9255;F 336 263 3 2 FFAA9255;
VDM1 777 A742 F 339 263 1 2 FFAA9255;F 340 263 3 2 FFAA9255;F 343 263 3 2 FFAA9255;F 346 263 6 2 FFAA6D55;F 352 263 2 2 FFAA6D55;F 354 263 1 2 FFAA6D55;
VDM1 778 D393 F 355 263 1 2 FFAA6D55;F 356 263 1 2 FFAA6D55;F 357 263 1 2 FFAA6D55;F 358 263 1 2 FFAA6D55;F 359 263 1 2 FFAA6D55;F 360 263 3 2 FFAA6D55;
VDM1 779 2757 F 363 263 1 2 FFAA6D55;F 364 263 1 2 FFAA6D55;F 365 263 2 2 FFAA6D55;F 367 263 2 2 FFAA6D55;F 369 263 1 2 FFAA6D55;F 370 263 4 2 FFAA6D55;
VDM CONTROLLER 1
VDM1 780 E56D F 374 263 1 2 FFAA6D55;F 375 263 1 2 FFAA6D55;F 0 262 78 2 FFAA6D55;F 78 262 4 2 FFAA6D55;F 82 262 1 2 FFAA6D55;F 83 262 1 2 FFAA6D55;F 84 262 10 2 FFAA6D55;
VDM1 781 8C13 F 94 262 3 2 FFAA6D55;F 97 262 1 2 FFAA6D55;F 98 262 1 2 FFAA6D55;F 99 262 6 2 FFAA6D55;F 105 262 3 2 FFAA6D55;F 108 262 3 2 FFAA6D55;F 111 262 2 2 FFAA6D55;
VDM1 782 D819 F 113 262 1 2 FFAA6D55;F 114 262 1 2 FFAA6D55;F 115 262 1 2 FFAA6D55;F 116 262 1 2 FFAA6D55;F 117 262 3 2 FFAA6D55;F 120 262 1 2 FFAA6D55;
VDM1 783 896A F 121 262 4 2 FFAA6D55;F 125 262 4 2 FFAA6D55;F 129 262 3 2 FFAA9255;F 132 262 3 2 FFAA9255;F 135 262 1 2 FFAA9255;F 136 262 1 2 FFAA9255;
VDM1 784 157E F 137 262 2 2 FFAA9255;F 139 262 2 2 FFAA9255;F 141 262 1 2 FFAA9255;F 142 262 3 2 FFAA9255;F 145 262 2 2 FFAA9255;F 147 262 1 2 FFAA9255;
VDM1 785 7E00 F 148 262 2 2 FFAA9255;F 150 262 1 2 FFAA9255;F 151 262 3 2 FFAA9255;F 154 262 3 2 FFAA9255;F 157 262 1 2 FFAA9255;F 158 262 1 2 FFAA9255;
VDM1 786 3070 F 159 262 1 2 FFAA9255;F 160 262 1 2 FFAA9255;F 161 262 1 2 FFAA9255;F 162 262 1 2 FFAA9255;F 163 262 2 2 FFAA9255;F 165 262 3 2 FFAA9255;
VDM1 787 A38E F 168 262 3 2 FFAA9255;F 171 262 2 2 FFAA9255;F 173 262 1 2 FFAA9255;F 174 262 3 2 FFAA9280;F 177 262 2 2 FFAA9280;F 179 262 2 2 FFAA9280;
VDM1 788 E13C F 181 262 1 2 FFAA9280;F 182 262 1 2 FFAA9280;F 183 262 1 2 FFAA9280;F 184 262 2 2 FFAA9280;F 186 262 1 2 FFAA9280;F 187 262 1 2 FFAA9280;
VDM1 789 90EC F 188 262 3 2 FFAA9280;F 191 262 1 2 FFAA9280;F 192 262 4 2 FFAA9280;F 196 262 1 2 FFAA9280;F 197 262 6 2 FFAA9280;F 203 262 1 2 FFAA9280;
VDM1 790 B876 F 204 262 1 2 FFAA9280;F 205 262 3 2 FFAA9280;F 208 262 9 2 FFAA9280;F 217 262 17 2 FFAA9280;F 234 262 1 2 FFAA9280;F 235 262 5 2 FFAA9280;
VDM1 791 8057 F 240 262 1 2 FFAA9280;F 241 262 2 2 FFAA9280;F 243 262 1 2 FFAA9280;F 244 262 1 2 FFAA9280;F 245 262 1 2 FFAA9280;F 246 262 8 2 FFAA9280;
VDM1 792 B52C F 254 262 1 2 FFAA9280;F 255 262 1 2 FFAA9280;F 256 262 1 2 FFAA9280;F 257 262 1 2 FFAA9280;F 258 262 4 2 FFAA9280;F 262 262 1 2 FFAA9280;
VDM1 793 BB01 F 263 262 1 2 FFAA9280;F 264 262 1 2 FFAA9280;F 265 262 2 2 FFAA9280;F 267 262 4 2 FFAA9280;F 271 262 4 2 FFAA9280;F 275 262 2 2 FFAA9280;
VDM1 794 7D45 F 277 262 1 2 FFAA9280;F 278 262 1 2 FFAA9280;F 279 262 2 2 FFAA9280;F 281 262 4 2 FFAA9280;F 285 262 3 2 FFAA9280;F 288 262 4 2 FFAA9280;
VDM1 795 1616 F 292 262 2 2 FFAA9255;F 294 262 3 2 FFAA9255;F 297 262 1 2 FFAA9255;F 298 262 2 2 FFAA9255;F 300 262 1 2 FFAA9255;F 301 262 2 2 FFAA9255;
VDM1 796 393C F 303 262 3 2 FFAA9255;F 306 262 2 2 FFAA9255;F 308 262 1 2 FFAA9255;F 309 262 2 2 FFAA9255;F 311 262 2 2 FFAA9255;F 313 262 3 2 FFAA9255;
VDM1 797 F3D3 F 316 262 1 2 FFAA9255;F 317 262 2 2 FFAA9255;F 319 262 2 2 FFAA9255;F 321 262 1 2 FFAA9255;F 322 262 1 2 FFAA9255;F 323 262 2 2 FFAA9255;
VDM1 798 F570 F 325 262 2 2 FFAA9255;F 327 262 2 2 FFAA9255;F 329 262 2 2 FFAA9255;F 331 262 3 2 FFAA9255;F 334 262 3 2 FFAA9255;F 337 262 1 2 FFAA9255;
VDM1 799 0EA9 F 338 262 1 2 FFAA9255;F 339 262 3 2 FFAA9255;F 342 262 3 2 FFAA9255;F 345 262 2 2 FFAA6D55;F 347 262 2 2 FFAA9255;F 349 262 2 2 FFAA6D55;
VDM1 800 A549 F 351 262 3 2 FFAA6D55;F 354 262 3 2 FFAA6D55;F 357 262 4 2 FFAA6D55;F 361 262 1 2 FFAA6D55;F 362 262 4 2 FFAA6D55;F 366 262 1 2 FFAA6D55;
VDM1 801 8505 F 367 262 1 2 FFAA6D55;F 368 262 1 2 FFAA6D55;F 369 262 4 2 FFAA6D55;F 373 262 1 2 FFAA6D55;F 374 262 2 2 FFAA6D55;F 0 260 78 3 FFAA6D55;F 78 260 4 3 FFAA6D55;
VDM1 802 E141 F 82 260 1 3 FFAA6D55;F 83 260 1 3 FFAA6D55;F 84 260 9 3 FFAA6D55;F 93 260 4 3 FFAA6D55;F 97 260 1 3 FFAA6D55;F 98 260 1 3 FFAA6D55;F 99 260 5 3 FFAA6D55;
VDM1 803 9E94 F 104 260 1 3 FFAA6D55;F 105 260 2 3 FFAA6D55;F 107 260 1 3 FFAA6D55;F 108 260 2 3 FFAA6D55;F 110 260 1 3 FFAA6D55;F 111 260 1 3 FFAA6D55;
VDM1 804 F5E6 F 112 260 1 3 FFAA6D55;F 113 260 1 3 FFAA6D55;F 114 260 1 3 FFAA6D55;F 115 260 1 3 FFAA6D55;F 116 260 1 3 FFAA6D55;F 117 260 2 3 FFAA6D55;
VDM1 805 5617 F 119 260 2 3 FFAA6D55;F 121 260 4 3 FFAA6D55;F 125 260 3 3 FFAA6D55;F 128 260 3 3 FFAA9255;F 131 260 3 3 FFAA9255;F 134 260 2 3 FFAA9255;
VDM1 806 0DAC F 136 260 2 3 FFAA9255;F 138 260 3 3 FFAA9255;F 141 260 1 3 FFAA9255;F 142 260 2 3 FFAA9255;F 144 260 2 3 FFAA9255;F 146 260 1 3 FFAA9255;
VDM1 807 156E F 147 260 2 3 FFAA9255;F 149 260 4 3 FFAA9255;F 153 260 3 3 FFAA9255;F 156 260 1 3 FFAA9255;F 157 260 1 3 FFAA9255;F 158 260 1 3 FFAA9255;
VDM1 808 DCD4 F 159 260 2 3 FFAA9255;F 161 260 3 3 FFAA9255;F 164 260 4 3 FFAA9255;F 168 260 3 3 FFAA9255;F 171 260 2 3 FFAA9255;F 173 260 2 3 FFAA9280;
VDM1 809 7D04 F 175 260 4 3 FFAA9280;F 179 260 4 3 FFAA9280;F 183 260 1 3 FFAA9280;F 184 260 1 3 FFAA9280;F 185 260 1 3 FFAA9280;F 186 260 1 3 FFAA9280;
VDM1 810 7265 F 187 260 1 3 FFAA9280;F 188 260 3 3 FFAA9280;F 191 260 1 3 FFAA9280;F 192 260 2 3 FFAA9280;F 194 260 2 3 FFAA9280;F 196 260 1 3 FFAA9280;
VDM1 811 9EA6 F 197 260 1 3 FFAA9280;F 198 260 3 3 FFAA9280;F 201 260 2 3 FFAA9280;F 203 260 1 3 FFAA9280;F 204 260 6 3 FFAA9280;F 210 260 7 3 FFAA9280;
VDM1 812 84FF F 217 260 1 3 FFAA9280;F 218 260 9 3 FFAA9280;F 227 260 6 3 FFAA9280;F 233 260 11 3 FFAA9280;F 244 260 7 3 FFAA9280;F 251 260 4 3 FFAA9280;
VDM1 813 3BF3 F 255 260 2 3 FFAA9280;F 257 260 4 3 FFAA9280;F 261 260 2 3 FFAA9280;F 263 260 1 3 FFAA9280;F 264 260 2 3 FFAA9280;F 266 260 1 3 FFAA9280;
VDM1 814 2B8A F 267 260 1 3 FFAA9280;F 268 260 1 3 FFAA9280;F 269 260 2 3 FFAA9280;F 271 260 2 3 FFAA9280;F 273 260 4 3 FFAA9280;F 277 260 2 3 FFAA9280;
VDM1 815 93B1 F 279 260 1 3 FFAA9280;F 280 260 2 3 FFAA9280;F 282 260 5 3 FFAA9280;F 287 260 3 3 FFAA9280;F 290 260 3 3 FFAA9280;F 293 260 1 3 FFAA9255;
VDM1 816 BE3F F 294 260 4 3 FFAA9255;F 298 260 1 3 FFAA9255;F 299 260 5 3 FFAA9255;F 304 260 1 3 FFAA9255;F 305 260 2 3 FFAA9255;F 307 260 1 3 FFAA9255;
VDM1 817 19B5 F 308 260 1 3 FFAA9255;F 309 260 2 3 FFAA9255;F 311 260 2 3 FFAA9255;F 313 260 5 3 FFAA9255;F 318 260 1 3 FFAA9255;F 319 260 1 3 FFAA9255;
VDM1 818 C9C0 F 320 260 2 3 FFAA9255;F 322 260 3 3 FFAA9255;F 325 260 2 3 FFAA9255;F 327 260 2 3 FFAA9255;F 329 260 2 3 FFAA9255;F 331 260 3 3 FFAA9255;
VDM1 819 3BCB F 334 260 4 3 FFAA9255;F 338 260 1 3 FFAA9255;F 339 260 3 3 FFAA9255;F 342 260 3 3 FFAA9255;F 345 260 5 3 FFAA6D55;F 350 260 4 3 FFAA6D55;
VDM1 820 AD7D F 354 260 2 3 FFAA6D55;F 356 260 5 3 FFAA6D55;F 361 260 5 3 FFAA6D55;F 366 260 5 3 FFAA6D55;F 371 260 5 3 FFAA6D55;F 0 259 78 2 FFAA6D55;F 78 259 3 2 FFAA6D55;
VDM1 821 E4EE F 81 259 1 2 FFAA6D55;F 82 259 1 2 FFAA6D55;F 83 259 1 2 FFAA6D55;F 84 259 7 2 FFAA6D55;F 91 259 7 2 FFAA6D55;F 98 259 6 2 FFAA6D55;F 104 259 1 2 FFAA6D55;
VDM1 822 CDBB F 105 259 1 2 FFAA6D55;F 106 259 1 2 FFAA6D55;F 107 259 2 2 FFAA6D55;F 109 259 2 2 FFAA6D55;F 111 259 1 2 FFAA6D55;F 112 259 1 2 FFAA6D55;
VDM1 823 CB62 F 113 259 3 2 FFAA6D55;F 116 259 3 2 FFAA6D55;F 119 259 1 2 FFAA6D55;F 120 259 5 2 FFAA6D55;F 125 259 3 2 FFAA6D55;F 128 259 2 2 FFAA9255;
VDM1 824 34F7 F 130 259 4 2 FFAA9255;F 134 259 1 2 FFAA9255;F 135 259 1 2 FFAA9255;F 136 259 1 2 FFAA9255;F 137 259 3 2 FFAA9255;F 140 259 1 2 FFAA9255;
VDM1 825 EA9E F 141 259 2 2 FFAA9255;F 143 259 3 2 FFAA9255;F 146 259 1 2 FFAA9255;F 147 259 2 2 FFAA9255;F 149 259 3 2 FFAA9255;F 152 259 2 2 FFAA9255;
VDM1 826 C93D F 154 259 3 2 FFAA9255;F 157 259 1 2 FFAA9255;F 158 259 1 2 FFAA9255;F 159 259 1 2 FFAA9255;F 160 259 3 2 FFAA9255;F 163 259 2 2 FFAA9255;
VDM1 827 F130 F 165 259 1 2 FFAA9255;F 166 259 3 2 FFAA9255;F 169 259 2 2 FFAA9255;F 171 259 1 2 FFAA9255;F 172 259 1 2 FFAA9255;F 173 259 1 2 FFAA9280;
VDM1 828 104E F 174 259 3 2 FFAA9280;F 177 259 3 2 FFAA9280;F 180 259 4 2 FFAA9280;F 184 259 1 2 FFAA9280;F 185 259 1 2 FFAA9280;F 186 259 1 2 FFAA9280;
VDM1 829 17A3 F 187 259 1 2 FFAA9280;F 188 259 1 2 FFAA9280;F 189 259 2 2 FFAA9280;F 191 259 2 2 FFAA9280;F 193 259 1 2 FFAA9280;F 194 259 3 2 FFAA9280;
VDM1 830 6E33 F 197 259 2 2 FFAA9280;F 199 259 1 2 FFAA9280;F 200 259 2 2 FFAA9280;F 202 259 5 2 FFAA9280;F 207 259 5 2 FFAA9280;F 212 259 7 2 FFAA9280;
VDM1 831 D048 F 219 259 22 2 FFAA9280;F 241 259 1 2 FFAA9280;F 242 259 3 2 FFAA9280;F 245 259 6 2 FFAA9280;F 251 259 5 2 FFAA9280;F 256 259 7 2 FFAA9280;
VDM1 832 5355 F 263 259 1 2 FFAA9280;F 264 259 1 2 FFAA9280;F 265 259 2 2 FFAA9280;F 267 259 1 2 FFAA9280;F 268 259 2 2 FFAA9280;F 270 259 1 2 FFAA9280;
VDM1 833 DBD5 F 271 259 2 2 FFAA9280;F 273 259 1 2 FFAA9280;F 274 259 1 2 FFAA9280;F 275 259 2 2 FFAA9280;F 277 259 2 2 FFAA9280;F 279 259 2 2 FFAA9280;
VDM1 834 A03D F 281 259 1 2 FFAA9280;F 282 259 2 2 FFAA9280;F 284 259 4 2 FFAA9280;F 288 259 3 2 FFAA9280;F 291 259 3 2 FFAA9280;F 294 259 2 2 FFAA9255;
VDM1 835 039D F 296 259 2 2 FFAA9255;F 298 259 4 2 FFAA9255;F 302 259 3 2 FFAA9255;F 305 259 2 2 FFAA9255;F 307 259 1 2 FFAA9255;F 308 259 1 2 FFAA9255;
VDM1 836 342F F 309 259 1 2 FFAA9255;F 310 259 2 2 FFAA9255;F 312 259 2 2 FFAA9255;F 314 259 4 2 FFAA9255;F 318 259 2 2 FFAA9255;F 320 259 1 2 FFAA9255;
VDM1 837 5828 F 321 259 1 2 FFAA9255;F 322 259 3 2 FFAA9255;F 325 259 2 2 FFAA9255;F 327 259 2 2 FFAA9255;F 329 259 2 2 FFAA9255;F 331 259 3 2 FFAA9255;
VDM1 838 273E F 334 259 3 2 FFAA9255;F 337 259 1 2 FFAA9255;F 338 259 4 2 FFAA9255;F 342 259 3 2 FFAA9255;F 345 259 5 2 FFAA6D55;F 350 259 4 2 FFAA6D55;
VDM1 839 7E45 F 354 259 1 2 FFAA6D55;F 355 259 4 2 FFAA6D55;F 359 259 2 2 FFAA6D55;F 361 259 2 2 FFAA6D55;F 363 259 2 2 FFAA6D55;F 365 259 5 2 FFAA6D55;
VDM1 840 6DAD F 370 259 1 2 FFAA6D55;F 371 259 2 2 FFAA6D55;F 373 259 1 2 FFAA6D55;F 374 259 1 2 FFAA6D55;F 375 259 1 2 FFAA6D55;F 0 258 77 2 FFAA6D55;F 77 258 4 2 FFAA6D55;
VDM1 841 094E F 81 258 10 2 FFAA6D55;F 91 258 4 2 FFAA6D55;F 95 258 1 2 FFAA6D55;F 96 258 2 2 FFAA6D55;F 98 258 6 2 FFAA6D55;F 104 258 4 2 FFAA6D55;F 108 258 2 2 FFAA6D55;
VDM1 842 0F94 F 110 258 2 2 FFAA6D55;F 112 258 1 2 FFAA6D55;F 113 258 2 2 FFAA6D55;F 115 258 3 2 FFAA6D55;F 118 258 2 2 FFAA6D55;F 120 258 4 2 FFAA6D55;
VDM1 843 F40F F 124 258 4 2 FFAA6D55;F 128 258 2 2 FFAA9255;F 130 258 3 2 FFAA9255;F 133 258 1 2 FFAA9255;F 134 258 1 2 FFAA9255;F 135 258 1 2 FFAA9255;
VDM1 844 0CD1 F 136 258 3 2 FFAA9255;F 139 258 2 2 FFAA9255;F 141 258 1 2 FFAA9255;F 142 258 3 2 FFAA9255;F 145 258 1 2 FFAA9255;F 146 258 2 2 FFAA9255;
VDM1 845 29B0 F 148 258 2 2 FFAA9255;F 150 258 3 2 FFAA9255;F 153 258 3 2 FFAA9255;F 156 258 1 2 FFAA9255;F 157 258 1 2 FFAA9255;F 158 258 1 2 FFAA9255;
VDM1 846 3EE5 F 159 258 2 2 FFAA9255;F 161 258 3 2 FFAA9255;F 164 258 2 2 FFAA9255;F 166 258 1 2 FFAA9255;F 167 258 3 2 FFAA9255;F 170 258 1 2 FFAA9255;
VDM1 847 BABC F 171 258 2 2 FFAA9280;F 173 258 3 2 FFAA9280;F 176 258 3 2 FFAA9280;F 179 258 2 2 FFAA9280;F 181 258 1 2 FFAA9280;F 182 258 3 2 FFAA9280;
VDM1 848 5715 F 185 258 1 2 FFAA9280;F 186 258 2 2 FFAA9280;F 188 258 2 2 FFAA9280;F 190 258 1 2 FFAA9280;F 191 258 1 2 FFAA9280;F 192 258 4 2 FFAA9280;
VDM1 849 7DBD F 196 258 2 2 FFAA9280;F 198 258 4 2 FFAA9280;F 202 258 2 2 FFAA9280;F 204 258 4 2 FFAA9280;F 208 258 4 2 FFAA9280;F 212 258 1 2 FFAA9280;
VDM1 850 FD22 F 213 258 5 2 FFAA9280;F 218 258 1 2 FFAA9280;F 219 258 1 2 FFAA9280;F 220 258 2 2 FFAA9280;F 222 258 5 2 FFAA9280;F 227 258 16 2 FFAA9280;
VDM1 851 2E63 F 243 258 2 2 FFAA9280;F 245 258 4 2 FFAA9280;F 249 258 1 2 FFAA9280;F 250 258 1 2 FFAA9280;F 251 258 4 2 FFAA9280;F 255 258 1 2 FFAA9280;
VDM1 852 7B76 F 256 258 5 2 FFAA9280;F 261 258 5 2 FFAA9280;F 266 258 1 2 FFAA9280;F 267 258 3 2 FFAA9280;F 270 258 5 2 FFAA9280;F 275 258 3 2 FFAA9280;
VDM1 853 14CB F 278 258 3 2 FFAA9280;F 281 258 1 2 FFAA9280;F 282 258 2 2 FFAA9280;F 284 258 1 2 FFAA9280;F 285 258 1 2 FFAA9280;F 286 258 2 2 FFAA9280;
VDM CONTROLLER 1
VDM1 854 0BBE F 288 258 4 2 FFAA9280;F 292 258 3 2 FFAA9280;F 295 258 2 2 FFAA9255;F 297 258 3 2 FFAA9255;F 300 258 3 2 FFAA9255;F 303 258 2 2 FFAA9255;
VDM1 855 9F96 F 305 258 1 2 FFAA9255;F 306 258 2 2 FFAA9255;F 308 258 1 2 FFAA9255;F 309 258 1 2 FFAA9255;F 310 258 2 2 FFAA9255;F 312 258 2 2 FFAA9255;
VDM1 856 1175 F 314 258 2 2 FFAA9255;F 316 258 5 2 FFAA9255;F 321 258 1 2 FFAA9255;F 322 258 2 2 FFAA9255;F 324 258 1 2 FFAA9255;F 325 258 2 2 FFAA9255;
VDM1 857 AA6A F 327 258 2 2 FFAA9255;F 329 258 2 2 FFAA9255;F 331 258 2 2 FFAA9255;F 333 258 3 2 FFAA9255;F 336 258 1 2 FFAA9255;F 337 258 4 2 FFAA9255;
VDM1 858 6796 F 341 258 4 2 FFAA9255;F 345 258 4 2 FFAA6D55;F 349 258 4 2 FFAA6D55;F 353 258 1 2 FFAA6D55;F 354 258 4 2 FFAA6D55;F 358 258 1 2 FFAA6D55;
VDM1 859 1C90 F 359 258 1 2 FFAA6D55;F 360 258 1 2 FFAA6D55;F 361 258 2 2 FFAA6D55;F 363 258 1 2 FFAA6D55;F 364 258 6 2 FFAA6D55;F 370 258 6 2 FFAA6D55;
VDM1 860 C530 F 0 257 76 2 FFAA6D55;F 76 257 5 2 FFAA6D55;F 81 257 10 2 FFAA6D55;F 91 257 4 2 FFAA6D55;F 95 257 1 2 FFAA6D55;F 96 257 2 2 FFAA6D55;F 98 257 5 2 FFAA6D55;
VDM1 861 DA43 F 103 257 5 2 FFAA6D55;F 108 257 3 2 FFAA6D55;F 111 257 1 2 FFAA6D55;F 112 257 1 2 FFAA6D55;F 113 257 1 2 FFAA6D55;F 114 257 4 2 FFAA6D55;
VDM1 862 DC4E F 118 257 1 2 FFAA6D55;F 119 257 5 2 FFAA6D55;F 124 257 2 2 FFAA6D55;F 126 257 4 2 FFAA9255;F 130 257 2 2 FFAA9255;F 132 257 1 2 FFAA9255;
VDM1 863 FADB F 133 257 1 2 FFAA9255;F 134 257 2 2 FFAA9255;F 136 257 2 2 FFAA9255;F 138 257 1 2 FFAA9255;F 139 257 2 2 FFAA9255;F 141 257 4 2 FFAA9255;
VDM1 864 8517 F 145 257 2 2 FFAA9255;F 147 257 3 2 FFAA9255;F 150 257 3 2 FFAA9255;F 153 257 2 2 FFAA9255;F 155 257 1 2 FFAA9255;F 156 257 1 2 FFAA9255;
VDM1 865 604D F 157 257 1 2 FFAA9255;F 158 257 2 2 FFAA9255;F 160 257 3 2 FFAA9255;F 163 257 1 2 FFAA9255;F 164 257 2 2 FFAA9255;F 166 257 2 2 FFAA9255;
VDM1 866 872A F 168 257 1 2 FFAA9255;F 169 257 3 2 FFAA9280;F 172 257 3 2 FFAA9280;F 175 257 4 2 FFAA9280;F 179 257 2 2 FFAA9280;F 181 257 3 2 FFAA9280;
VDM1 867 2C50 F 184 257 1 2 FFAA9280;F 185 257 1 2 FFAA9280;F 186 257 1 2 FFAA9280;F 187 257 1 2 FFAA9280;F 188 257 1 2 FFAA9280;F 189 257 2 2 FFAA9280;
VDM1 868 F421 F 191 257 1 2 FFAA9280;F 192 257 1 2 FFAA9280;F 193 257 3 2 FFAA9280;F 196 257 1 2 FFAA9280;F 197 257 5 2 FFAA9280;F 202 257 3 2 FFAA9280;
VDM1 869 683C F 205 257 4 2 FFAA9280;F 209 257 2 2 FFAA9280;F 211 257 2 2 FFAA9280;F 213 257 9 2 FFAA9280;F 222 257 1 2 FFAA9280;F 223 257 2 2 FFAA9280;
Auto-reconnect failed
Hard-resetting BLE client: auto reconnect failed
Next reconnect attempt in 2066 ms
VDM1 870 0462 F 225 257 16 2 FFAA9280;F 241 257 3 2 FFAA9280;F 244 257 3 2 FFAA9280;F 247 257 4 2 FFAA9280;F 251 257 4 2 FFAA9280;F 255 257 4 2 FFAA9280;
VDM1 871 3BE2 F 259 257 5 2 FFAA9280;F 264 257 3 2 FFAA9280;F 267 257 3 2 FFAA9280;F 270 257 1 2 FFAA9280;F 271 257 2 2 FFAA9280;F 273 257 2 2 FFAA9280;
VDM1 872 3426 F 275 257 1 2 FFAA9280;F 276 257 4 2 FFAA9280;F 280 257 2 2 FFAA9280;F 282 257 2 2 FFAA9280;F 284 257 1 2 FFAA9280;F 285 257 1 2 FFAA9280;
VDM1 873 EF52 F 286 257 4 2 FFAA9280;F 290 257 4 2 FFAA9280;F 294 257 3 2 FFAA9280;F 297 257 1 2 FFAA9255;F 298 257 2 2 FFAA9255;F 300 257 3 2 FFAA9255;
VDM1 874 3183 F 303 257 3 2 FFAA9255;F 306 257 2 2 FFAA9255;F 308 257 1 2 FFAA9255;F 309 257 2 2 FFAA9255;F 311 257 1 2 FFAA9255;F 312 257 2 2 FFAA9255;
VDM1 875 F5B8 F 314 257 3 2 FFAA9255;F 317 257 4 2 FFAA9255;F 321 257 1 2 FFAA9255;F 322 257 2 2 FFAA9255;F 324 257 1 2 FFAA9255;F 325 257 2 2 FFAA9255;
VDM1 876 E310 F 327 257 2 2 FFAA9255;F 329 257 2 2 FFAA9255;F 331 257 2 2 FFAA9255;F 333 257 3 2 FFAA9255;F 336 257 1 2 FFAA9255;F 337 257 4 2 FFAA9255;
VDM1 877 CA41 F 341 257 4 2 FFAA9255;F 345 257 3 2 FFAA6D55;F 348 257 5 2 FFAA6D55;F 353 257 1 2 FFAA6D55;F 354 257 4 2 FFAA6D55;F 358 257 1 2 FFAA6D55;
VDM1 878 ED9A F 359 257 2 2 FFAA6D55;F 361 257 2 2 FFAA6D55;F 363 257 5 2 FFAA6D55;F 368 257 7 2 FFAA6D55;F 375 257 1 2 FFAA6D55;F 0 255 76 3 FFAA6D55;F 76 255 4 3 FFAA6D55;
VDM1 879 7DB7 F 80 255 1 3 FFAA6D55;F 81 255 8 3 FFAA6D55;F 89 255 2 3 FFAA6D55;F 91 255 1 3 FFAA6D55;F 92 255 2 3 FFAA6D55;F 94 255 1 3 FFAA6D55;F 95 255 1 3 FFAA6D55;
VDM1 880 3007 F 96 255 2 3 FFAA6D55;F 98 255 5 3 FFAA6D55;F 103 255 3 3 FFAA6D55;F 106 255 5 3 FFAA6D55;F 111 255 1 3 FFAA6D55;F 112 255 1 3 FFAA6D55;F 113 255 1 3 FFAA6D55;
VDM1 881 72AF F 114 255 3 3 FFAA6D55;F 117 255 1 3 FFAA6D55;F 118 255 6 3 FFAA6D55;F 124 255 2 3 FFAA6D55;F 126 255 3 3 FFAA9255;F 129 255 3 3 FFAA9255;
VDM1 882 13D0 F 132 255 1 3 FFAA9255;F 133 255 2 3 FFAA9255;F 135 255 2 3 FFAA9255;F 137 255 1 3 FFAA9255;F 138 255 2 3 FFAA9255;F 140 255 1 3 FFAA9255;
VDM1 883 67EE F 141 255 3 3 FFAA9255;F 144 255 1 3 FFAA9255;F 145 255 1 3 FFAA9255;F 146 255 3 3 FFAA9255;F 149 255 3 3 FFAA9255;F 152 255 2 3 FFAA9255;
VDM1 884 846D F 154 255 1 3 FFAA9255;F 155 255 1 3 FFAA9255;F 156 255 1 3 FFAA9255;F 157 255 1 3 FFAA9255;F 158 255 1 3 FFAA9255;F 159 255 2 3 FFAA9255;
VDM1 885 3216 F 161 255 1 3 FFAA9255;F 162 255 3 3 FFAA9255;F 165 255 1 3 FFAA9255;F 166 255 2 3 FFAA9255;F 168 255 3 3 FFAA9280;F 171 255 3 3 FFAA9280;
VDM1 886 0473 F 174 255 2 3 FFAA9280;F 176 255 2 3 FFAA9280;F 178 255 2 3 FFAA9280;F 180 255 1 3 FFAA9280;F 181 255 1 3 FFAA9280;F 182 255 1 3 FFAA9280;
VDM1 887 54DD F 183 255 1 3 FFAA9280;F 184 255 1 3 FFAA9280;F 185 255 1 3 FFAA9280;F 186 255 1 3 FFAA9280;F 187 255 1 3 FFAA9280;F 188 255 1 3 FFAA9280;
VDM1 888 93DC F 189 255 1 3 FFAA9280;F 190 255 1 3 FFAA9280;F 191 255 1 3 FFAA9280;F 192 255 1 3 FFAA9280;F 193 255 1 3 FFAA9280;F 194 255 3 3 FFAA9280;
VDM1 889 63B3 F 197 255 5 3 FFAA9280;F 202 255 4 3 FFAA9280;F 206 255 2 3 FFAA9280;F 208 255 1 3 FFAA9280;F 209 255 1 3 FFAA9280;F 210 255 4 3 FFAA9280;
VDM1 890 0F12 F 214 255 1 3 FFAA9280;F 215 255 2 3 FFAA9280;F 217 255 6 3 FFAA9280;F 223 255 1 3 FFAA9280;F 224 255 2 3 FFAA9280;F 226 255 8 3 FFAA9280;
VDM1 891 8A18 F 234 255 1 3 FFAA9280;F 235 255 6 3 FFAA9280;F 241 255 1 3 FFAA9280;F 242 255 2 3 FFAA9280;F 244 255 1 3 FFAA9280;F 245 255 4 3 FFAA9280;
VDM1 892 14BF F 249 255 5 3 FFAA9280;F 254 255 3 3 FFAA9280;F 257 255 2 3 FFAA9280;F 259 255 1 3 FFAA9280;F 260 255 4 3 FFAA9280;F 264 255 3 3 FFAA9280;
VDM1 893 471A F 267 255 3 3 FFAA9280;F 270 255 2 3 FFAA9280;F 272 255 2 3 FFAA9280;F 274 255 2 3 FFAA9280;F 276 255 2 3 FFAA9280;F 278 255 3 3 FFAA9280;
VDM1 894 8F2B F 281 255 3 3 FFAA9280;F 284 255 1 3 FFAA9280;F 285 255 1 3 FFAA9280;F 286 255 2 3 FFAA9280;F 288 255 4 3 FFAA9280;F 292 255 3 3 FFAA9280;
VDM1 895 50C3 F 295 255 2 3 FFAA9280;F 297 255 1 3 FFAA9255;F 298 255 3 3 FFAA9255;F 301 255 2 3 FFAA9255;F 303 255 3 3 FFAA9255;F 306 255 3 3 FFAA9255;
VDM1 896 8F94 F 309 255 2 3 FFAA9255;F 311 255 1 3 FFAA9255;F 312 255 1 3 FFAA9255;F 313 255 1 3 FFAA9255;F 314 255 2 3 FFAA9255;F 316 255 1 3 FFAA9255;
VDM1 897 59A3 F 317 255 1 3 FFAA9255;F 318 255 3 3 FFAA9255;F 321 255 1 3 FFAA9255;F 322 255 2 3 FFAA9255;F 324 255 1 3 FFAA9255;F 325 255 2 3 FFAA9255;
VDM1 898 5990 F 327 255 2 3 FFAA9255;F 329 255 2 3 FFAA9255;F 331 255 2 3 FFAA9255;F 333 255 2 3 FFAA9255;F 335 255 1 3 FFAA9255;F 336 255 1 3 FFAA9255;
VDM1 899 AD23 F 337 255 3 3 FFAA9255;F 340 255 4 3 FFAA9255;F 344 255 4 3 FFAA6D55;F 348 255 4 3 FFAA6D55;F 352 255 2 3 FFAA6D55;F 354 255 3 3 FFAA6D55;
VDM1 900 74D9 F 357 255 1 3 FFAA6D55;F 358 255 3 3 FFAA6D55;F 361 255 1 3 FFAA6D55;F 362 255 5 3 FFAA6D55;F 367 255 2 3 FFAA6D55;F 369 255 1 3 FFAA6D55;
VDM1 901 C8E7 F 370 255 1 3 FFAA6D55;F 371 255 3 3 FFAA6D55;F 374 255 2 3 FFAA6D55;F 0 254 76 2 FFAA6D55;F 76 254 3 2 FFAA6D55;F 79 254 1 2 FFAA6D55;F 80 254 1 2 FFAA6D55;
VDM1 902 5D16 F 81 254 7 2 FFAA6D55;F 88 254 3 2 FFAA6D55;F 91 254 1 2 FFAA6D55;F 92 254 2 2 FFAA6D55;F 94 254 2 2 FFAA6D55;F 96 254 5 2 FFAA6D55;F 101 254 1 2 FFAA6D55;
VDM1 903 261A F 102 254 1 2 FFAA6D55;F 103 254 3 2 FFAA6D55;F 106 254 2 2 FFAA6D55;F 108 254 1 2 FFAA6D55;F 109 254 1 2 FFAA6D55;F 110 254 1 2 FFAA6D55;
VDM1 904 FE33 F 111 254 1 2 FFAA6D55;F 112 254 1 2 FFAA6D55;F 113 254 4 2 FFAA6D55;F 117 254 1 2 FFAA6D55;F 118 254 5 2 FFAA6D55;F 123 254 2 2 FFAA6D55;
VDM1 905 7BAA F 125 254 3 2 FFAA9255;F 128 254 3 2 FFAA9255;F 131 254 1 2 FFAA9255;F 132 254 2 2 FFAA9255;F 134 254 2 2 FFAA9255;F 136 254 2 2 FFAA9255;
VDM1 906 C210 F 138 254 3 2 FFAA9255;F 141 254 1 2 FFAA9255;F 142 254 2 2 FFAA9255;F 144 254 1 2 FFAA9255;F 145 254 3 2 FFAA9255;F 148 254 2 2 FFAA9255;
VDM1 907 8FA6 F 150 254 3 2 FFAA9255;F 153 254 2 2 FFAA9255;F 155 254 1 2 FFAA9255;F 156 254 1 2 FFAA9255;F 157 254 1 2 FFAA9255;F 158 254 2 2 FFAA9255;
VDM1 908 1F4C F 160 254 1 2 FFAA9255;F 161 254 2 2 FFAA9255;F 163 254 3 2 FFAA9255;F 166 254 1 2 FFAA9255;F 167 254 2 2 FFAA9280;F 169 254 3 2 FFAA9280;
VDM1 909 D4F8 F 172 254 2 2 FFAA9280;F 174 254 2 2 FFAA9280;F 176 254 1 2 FFAA9280;F 177 254 2 2 FFAA9280;F 179 254 1 2 FFAA9280;F 180 254 1 2 FFAA9280;
VDM1 910 57F1 F 181 254 2 2 FFAA9280;F 183 254 1 2 FFAA9280;F 184 254 2 2 FFAA9280;F 186 254 1 2 FFAA9280;F 187 254 1 2 FFAA9280;F 188 254 1 2 FFAA9280;
VDM1 911 289C F 189 254 2 2 FFAA9280;F 191 254 1 2 FFAA9280;F 192 254 1 2 FFAA9280;F 193 254 6 2 FFAA9280;F 199 254 3 2 FFAA9280;F 202 254 2 2 FFAA9280;
VDM1 912 A849 F 204 254 3 2 FFAA9280;F 207 254 2 2 FFAA9280;F 209 254 9 2 FFAA9280;F 218 254 4 2 FFAA9280;F 222 254 1 2 FFAA9280;F 223 254 3 2 FFAA9280;
VDM1 913 188E F 226 254 8 2 FFAA9280;F 234 254 1 2 FFAA9280;F 235 254 6 2 FFAA9280;F 241 254 1 2 FFAA9280;F 242 254 1 2 FFAA9280;F 243 254 1 2 FFAA9280;
VDM1 914 8913 F 244 254 2 2 FFAA9280;F 246 254 1 2 FFAA9280;F 247 254 2 2 FFAA9280;F 249 254 4 2 FFAA9280;F 253 254 1 2 FFAA9280;F 254 254 6 2 FFAA9280;
VDM1 915 C5A0 F 260 254 2 2 FFAA9280;F 262 254 2 2 FFAA9280;F 264 254 3 2 FFAA9280;F 267 254 3 2 FFAA9280;F 270 254 3 2 FFAA9280;F 273 254 1 2 FFAA9280;
VDM1 916 BAAA F 274 254 3 2 FFAA9280;F 277 254 1 2 FFAA9280;F 278 254 1 2 FFAA9280;F 279 254 2 2 FFAA9280;F 281 254 3 2 FFAA9280;F 284 254 1 2 FFAA9280;
VDM1 917 6969 F 285 254 2 2 FFAA9280;F 287 254 1 2 FFAA9280;F 288 254 1 2 FFAA9280;F 289 254 2 2 FFAA9280;F 291 254 2 2 FFAA9280;F 293 254 3 2 FFAA9280;
VDM1 918 F9D8 F 296 254 2 2 FFAA9280;F 298 254 2 2 FFAA9255;F 300 254 2 2 FFAA9255;F 302 254 2 2 FFAA9255;F 304 254 3 2 FFAA9255;F 307 254 2 2 FFAA9255;
VDM1 919 1BD5 F 309 254 1 2 FFAA9255;F 310 254 2 2 FFAA9255;F 312 254 1 2 FFAA9255;F 313 254 1 2 FFAA9255;F 314 254 3 2 FFAA9255;F 317 254 2 2 FFAA9255;
VDM1 920 9ACC F 319 254 2 2 FFAA9255;F 321 254 1 2 FFAA9255;F 322 254 2 2 FFAA9255;F 324 254 1 2 FFAA9255;F 325 254 2 2 FFAA9255;F 327 254 2 2 FFAA9255;
VDM1 921 C62E F 329 254 3 2 FFAA9255;F 332 254 1 2 FFAA9255;F 333 254 2 2 FFAA9255;F 335 254 1 2 FFAA9255;F 336 254 4 2 FFAA9255;F 340 254 4 2 FFAA9255;
VDM1 922 097D F 344 254 3 2 FFAA6D55;F 347 254 5 2 FFAA6D55;F 352 254 2 2 FFAA6D55;F 354 254 1 2 FFAA6D55;F 355 254 1 2 FFAA6D55;F 356 254 1 2 FFAA6D55;
VDM1 923 C6EC F 357 254 4 2 FFAA6D55;F 361 254 5 2 FFAA6D55;F 366 254 1 2 FFAA6D55;F 367 254 2 2 FFAA6D55;F 369 254 1 2 FFAA6D55;F 370 254 1 2 FFAA6D55;
VDM1 924 4794 F 371 254 1 2 FFAA6D55;F 372 254 1 2 FFAA6D55;F 373 254 3 2 FFAA6D55;F 0 253 76 2 FFAA6D55;F 76 253 3 2 FFAA6D55;F 79 253 1 2 FFAA6D55;F 80 253 1 2 FFAA6D55;
VDM1 925 B973 F 81 253 7 2 FFAA6D55;F 88 253 6 2 FFAA6D55;F 94 253 2 2 FFAA6D55;F 96 253 2 2 FFAA6D55;F 98 253 1 2 FFAA6D55;F 99 253 1 2 FFAA6D55;F 100 253 1 2 FFAA6D55;
VDM1 926 45A3 F 101 253 2 2 FFAA6D55;F 103 253 1 2 FFAA6D55;F 104 253 2 2 FFAA6D55;F 106 253 2 2 FFAA6D55;F 108 253 1 2 FFAA6D55;F 109 253 2 2 FFAA6D55;
VDM1 927 9710 F 111 253 1 2 FFAA6D55;F 112 253 1 2 FFAA6D55;F 113 253 1 2 FFAA6D55;F 114 253 3 2 FFAA6D55;F 117 253 1 2 FFAA6D55;F 118 253 4 2 FFAA6D55;
VDM CONTROLLER 1
VDM1 928 44DD F 122 253 3 2 FFAA6D55;F 125 253 3 2 FFAA9255;F 128 253 2 2 FFAA9255;F 130 253 1 2 FFAA9255;F 131 253 2 2 FFAA9255;F 133 253 3 2 FFAA9255;
VDM1 929 2D9F F 136 253 1 2 FFAA9255;F 137 253 1 2 FFAA9255;F 138 253 2 2 FFAA9255;F 140 253 1 2 FFAA9255;F 141 253 2 2 FFAA9255;F 143 253 1 2 FFAA9255;
VDM1 930 AE66 F 144 253 3 2 FFAA9255;F 147 253 2 2 FFAA9255;F 149 253 3 2 FFAA9255;F 152 253 2 2 FFAA9255;F 154 253 1 2 FFAA9255;F 155 253 1 2 FFAA9255;
VDM1 931 FAB6 F 156 253 1 2 FFAA9255;F 157 253 1 2 FFAA9255;F 158 253 1 2 FFAA9255;F 159 253 1 2 FFAA9255;F 160 253 2 2 FFAA9255;F 162 253 2 2 FFAA9255;
VDM1 932 9571 F 164 253 1 2 FFAA9255;F 165 253 1 2 FFAA9255;F 166 253 1 2 FFAA9280;F 167 253 1 2 FFAA9280;F 168 253 3 2 FFAA9280;F 171 253 2 2 FFAA9280;
VDM1 933 8D28 F 173 253 1 2 FFAA9280;F 174 253 1 2 FFAA9280;F 175 253 1 2 FFAA9280;F 176 253 1 2 FFAA9280;F 177 253 2 2 FFAA9280;F 179 253 1 2 FFAA9280;
VDM1 934 EFE6 F 180 253 1 2 FFAA9280;F 181 253 2 2 FFAA9280;F 183 253 3 2 FFAA9280;F 186 253 1 2 FFAA9280;F 187 253 1 2 FFAA9280;F 188 253 1 2 FFAA9280;
VDM1 935 7558 F 189 253 3 2 FFAA9280;F 192 253 4 2 FFAA9280;F 196 253 2 2 FFAA9280;F 198 253 1 2 FFAA9280;F 199 253 1 2 FFAA9280;F 200 253 1 2 FFAA9280;
VDM1 936 3627 F 201 253 1 2 FFAA9280;F 202 253 3 2 FFAA9280;F 205 253 3 2 FFAA9280;F 208 253 9 2 FFAA9280;F 217 253 1 2 FFAA9280;F 218 253 1 2 FFAA9280;
VDM1 937 1446 F 219 253 1 2 FFAA9280;F 220 253 2 2 FFAA9280;F 222 253 1 2 FFAA9280;F 223 253 4 2 FFAA9280;F 227 253 7 2 FFAA9280;F 234 253 9 2 FFAA9280;
VDM1 938 331B F 243 253 1 2 FFAA9280;F 244 253 2 2 FFAA9280;F 246 253 1 2 FFAA9280;F 247 253 2 2 FFAA9280;F 249 253 2 2 FFAA9280;F 251 253 4 2 FFAA9280;
VDM1 939 4379 F 255 253 1 2 FFAA9280;F 256 253 4 2 FFAA9280;F 260 253 1 2 FFAA9280;F 261 253 2 2 FFAA9280;F 263 253 1 2 FFAA9280;F 264 253 1 2 FFAA9280;
VDM1 940 8023 F 265 253 2 2 FFAA9280;F 267 253 2 2 FFAA9280;F 269 253 4 2 FFAA9280;F 273 253 3 2 FFAA9280;F 276 253 2 2 FFAA9280;F 278 253 1 2 FFAA9280;
VDM1 941 43FC F 279 253 2 2 FFAA9280;F 281 253 1 2 FFAA9280;F 282 253 3 2 FFAA9280;F 285 253 2 2 FFAA9280;F 287 253 1 2 FFAA9280;F 288 253 1 2 FFAA9280;
VDM1 942 0452 F 289 253 1 2 FFAA9280;F 290 253 1 2 FFAA9280;F 291 253 2 2 FFAA9280;F 293 253 1 2 FFAA9280;F 294 253 3 2 FFAA9280;F 297 253 3 2 FFAA9280;
VDM1 943 1DB5 F 300 253 1 2 FFAA9255;F 301 253 2 2 FFAA9255;F 303 253 2 2 FFAA9255;F 305 253 4 2 FFAA9255;F 309 253 2 2 FFAA9255;F 311 253 1 2 FFAA9255;
VDM1 944 2CFB F 312 253 1 2 FFAA9255;F 313 253 1 2 FFAA9255;F 314 253 2 2 FFAA9255;F 316 253 2 2 FFAA9255;F 318 253 4 2 FFAA9255;F 322 253 1 2 FFAA9255;
VDM1 945 E7DF F 323 253 1 2 FFAA9255;F 324 253 1 2 FFAA9255;F 325 253 2 2 FFAA9255;F 327 253 2 2 FFAA9255;F 329 253 1 2 FFAA9255;F 330 253 1 2 FFAA9255;
VDM1 946 807D F 331 253 1 2 FFAA9255;F 332 253 3 2 FFAA9255;F 335 253 1 2 FFAA9255;F 336 253 4 2 FFAA9255;F 340 253 4 2 FFAA9255;F 344 253 2 2 FFAA6D55;
attemptReconnectIfNeeded: reinitializing BLE client before reconnect
VDM1 947 64CB F 346 253 6 2 FFAA6D55;F 352 253 2 2 FFAA6D55;F 354 253 2 2 FFAA6D55;F 356 253 4 2 FFAA6D55;F 360 253 1 2 FFAA6D55;F 361 253 3 2 FFAA6D55;
VDM1 948 2879 F 364 253 1 2 FFAA6D55;F 365 253 2 2 FFAA6D55;F 367 253 2 2 FFAA6D55;F 369 253 1 2 FFAA6D55;F 370 253 1 2 FFAA6D55;F 371 253 1 2 FFAA6D55;
VDM1 949 5EEE F 372 253 1 2 FFAA6D55;F 373 253 3 2 FFAA6D55;F 0 252 74 2 FFAA6D55;F 74 252 5 2 FFAA6D55;F 79 252 1 2 FFAA6D55;F 80 252 1 2 FFAA6D55;F 81 252 8 2 FFAA6D55;
VDM1 950 AB44 F 89 252 2 2 FFAA6D55;F 91 252 1 2 FFAA6D55;F 92 252 1 2 FFAA6D55;F 93 252 1 2 FFAA6D55;F 94 252 1 2 FFAA6D55;F 95 252 1 2 FFAA6D55;F 96 252 4 2 FFAA6D55;
VDM1 951 38FF F 100 252 1 2 FFAA6D55;F 101 252 2 2 FFAA6D55;F 103 252 1 2 FFAA6D55;F 104 252 1 2 FFAA6D55;F 105 252 1 2 FFAA6D55;F 106 252 3 2 FFAA6D55;
VDM1 952 5D9F F 109 252 1 2 FFAA6D55;F 110 252 1 2 FFAA6D55;F 111 252 5 2 FFAA6D55;F 116 252 1 2 FFAA6D55;F 117 252 2 2 FFAA6D55;F 119 252 3 2 FFAA6D55;
VDM1 953 CBC6 F 122 252 5 2 FFAA9255;F 127 252 1 2 FFAA9255;F 128 252 1 2 FFAA9255;F 129 252 1 2 FFAA9255;F 130 252 4 2 FFAA9255;F 134 252 1 2 FFAA9255;
VDM1 954 B21E F 135 252 1 2 FFAA9255;F 136 252 1 2 FFAA9255;F 137 252 2 2 FFAA9255;F 139 252 2 2 FFAA9255;F 141 252 2 2 FFAA9255;F 143 252 1 2 FFAA9255;
VDM1 955 BC14 F 144 252 1 2 FFAA9255;F 145 252 1 2 FFAA9255;F 146 252 2 2 FFAA9255;F 148 252 2 2 FFAA9255;F 150 252 1 2 FFAA9255;F 151 252 2 2 FFAA9255;
VDM1 956 9C4E F 153 252 1 2 FFAA9255;F 154 252 1 2 FFAA9255;F 155 252 2 2 FFAA9255;F 157 252 1 2 FFAA9255;F 158 252 4 2 FFAA9255;F 162 252 1 2 FFAA9255;
VDM1 957 FCF2 F 163 252 3 2 FFAA9255;F 166 252 1 2 FFAA9280;F 167 252 1 2 FFAA9280;F 168 252 1 2 FFAA9280;F 169 252 3 2 FFAA9280;F 172 252 1 2 FFAA9280;
VDM1 958 C8E5 F 173 252 2 2 FFAA9280;F 175 252 1 2 FFAA9280;F 176 252 1 2 FFAA9280;F 177 252 1 2 FFAA9280;F 178 252 3 2 FFAA9280;F 181 252 1 2 FFAA9280;
VDM1 959 51F7 F 182 252 2 2 FFAA9280;F 184 252 1 2 FFAA9280;F 185 252 1 2 FFAA9280;F 186 252 1 2 FFAA9280;F 187 252 1 2 FFAA9280;F 188 252 1 2 FFAA9280;
VDM1 960 C512 F 189 252 1 2 FFAA9280;F 190 252 3 2 FFAA9280;F 193 252 1 2 FFAA9280;F 194 252 2 2 FFAA9280;F 196 252 1 2 FFAA9280;F 197 252 1 2 FFAA9280;
VDM1 961 086D F 198 252 1 2 FFAA9280;F 199 252 2 2 FFAA9280;F 201 252 5 2 FFAA9280;F 206 252 5 2 FFAA9280;F 211 252 1 2 FFAA9280;F 212 252 7 2 FFAA9280;
VDM1 962 9218 F 219 252 3 2 FFAA9280;F 222 252 19 2 FFAA9280;F 241 252 1 2 FFAA9280;F 242 252 1 2 FFAA9280;F 243 252 1 2 FFAA9280;F 244 252 2 2 FFAA9280;
VDM1 963 2DDD F 246 252 3 2 FFAA9280;F 249 252 1 2 FFAA9280;F 250 252 1 2 FFAA9280;F 251 252 4 2 FFAA9280;F 255 252 1 2 FFAA9280;F 256 252 2 2 FFAA9280;
VDM1 964 4E22 F 258 252 2 2 FFAA9280;F 260 252 1 2 FFAA9280;F 261 252 2 2 FFAA9280;F 263 252 3 2 FFAA9280;F 266 252 1 2 FFAA9280;F 267 252 2 2 FFAA9280;
VDM1 965 A30C F 269 252 1 2 FFAA9280;F 270 252 2 2 FFAA9280;F 272 252 1 2 FFAA9280;F 273 252 2 2 FFAA9280;F 275 252 1 2 FFAA9280;F 276 252 2 2 FFAA9280;
VDM1 966 7BCF F 278 252 2 2 FFAA9280;F 280 252 1 2 FFAA9280;F 281 252 1 2 FFAA9280;F 282 252 3 2 FFAA9280;F 285 252 1 2 FFAA9280;F 286 252 2 2 FFAA9280;
VDM1 967 E486 F 288 252 2 2 FFAA9280;F 290 252 1 2 FFAA9280;F 291 252 1 2 FFAA9280;F 292 252 1 2 FFAA9280;F 293 252 1 2 FFAA9280;F 294 252 4 2 FFAA9280;
VDM1 968 231E F 298 252 3 2 FFAA9280;F 301 252 2 2 FFAA9255;F 303 252 1 2 FFAA9255;F 304 252 2 2 FFAA9255;F 306 252 3 2 FFAA9255;F 309 252 2 2 FFAA9255;
VDM1 969 9412 F 311 252 1 2 FFAA9255;F 312 252 1 2 FFAA9255;F 313 252 1 2 FFAA9255;F 314 252 2 2 FFAA9255;F 316 252 3 2 FFAA9255;F 319 252 3 2 FFAA9255;
VDM1 970 2F10 F 322 252 2 2 FFAA9255;F 324 252 2 2 FFAA9255;F 326 252 1 2 FFAA9255;F 327 252 2 2 FFAA9255;F 329 252 4 2 FFAA9255;F 333 252 2 2 FFAA9255;
VDM1 971 10B5 F 335 252 1 2 FFAA9255;F 336 252 4 2 FFAA9255;F 340 252 4 2 FFAA9255;F 344 252 2 2 FFAA6D55;F 346 252 4 2 FFAA6D55;F 350 252 3 2 FFAA6D55;
VDM1 972 9BC2 F 353 252 1 2 FFAA6D55;F 354 252 1 2 FFAA6D55;F 355 252 1 2 FFAA6D55;F 356 252 3 2 FFAA6D55;F 359 252 1 2 FFAA6D55;F 360 252 1 2 FFAA6D55;
VDM1 973 EBAF F 361 252 3 2 FFAA6D55;F 364 252 1 2 FFAA6D55;F 365 252 4 2 FFAA6D55;F 369 252 1 2 FFAA6D55;F 370 252 2 2 FFAA6D55;F 372 252 1 2 FFAA6D55;
VDM1 974 8D36 F 373 252 1 2 FFAA6D55;F 374 252 1 2 FFAA6D55;F 375 252 1 2 FFAA6D55;F 0 250 74 3 FFAA6D55;F 74 250 6 3 FFAA6D55;F 80 250 9 3 FFAA6D55;F 89 250 4 3 FFAA6D55;
VDM1 975 3F31 F 93 250 1 3 FFAA6D55;F 94 250 1 3 FFAA6D55;F 95 250 1 3 FFAA6D55;F 96 250 4 3 FFAA6D55;F 100 250 3 3 FFAA6D55;F 103 250 1 3 FFAA6D55;F 104 250 2 3 FFAA6D55;
VDM1 976 DFEC F 106 250 2 3 FFAA6D55;F 108 250 1 3 FFAA6D55;F 109 250 1 3 FFAA6D55;F 110 250 1 3 FFAA6D55;F 111 250 5 3 FFAA6D55;F 116 250 1 3 FFAA6D55;
VDM1 977 D064 F 117 250 2 3 FFAA6D55;F 119 250 4 3 FFAA6D55;F 123 250 3 3 FFAA9255;F 126 250 2 3 FFAA9255;F 128 250 1 3 FFAA9255;F 129 250 3 3 FFAA9255;
VDM1 978 3631 F 132 250 2 3 FFAA9255;F 134 250 2 3 FFAA9255;F 136 250 1 3 FFAA9255;F 137 250 1 3 FFAA9255;F 138 250 3 3 FFAA9255;F 141 250 1 3 FFAA9255;
VDM1 979 36D5 F 142 250 3 3 FFAA9255;F 145 250 2 3 FFAA9255;F 147 250 3 3 FFAA9255;F 150 250 1 3 FFAA9255;F 151 250 1 3 FFAA9255;F 152 250 2 3 FFAA9255;
VDM1 980 5ACC F 154 250 2 3 FFAA9255;F 156 250 1 3 FFAA9255;F 157 250 1 3 FFAA9255;F 158 250 2 3 FFAA9255;F 160 250 2 3 FFAA9255;F 162 250 2 3 FFAA9255;
VDM1 981 7BD4 F 164 250 2 3 FFAA9280;F 166 250 2 3 FFAA9280;F 168 250 3 3 FFAA9280;F 171 250 2 3 FFAA9280;F 173 250 1 3 FFAA9280;F 174 250 2 3 FFAA9280;
VDM1 982 F416 F 176 250 1 3 FFAA9280;F 177 250 1 3 FFAA9280;F 178 250 1 3 FFAA9280;F 179 250 2 3 FFAA9280;F 181 250 1 3 FFAA9280;F 182 250 1 3 FFAA9280;
VDM1 983 A457 F 183 250 1 3 FFAA9280;F 184 250 1 3 FFAA9280;F 185 250 1 3 FFAA9280;F 186 250 2 3 FFAA9280;F 188 250 1 3 FFAA9280;F 189 250 2 3 FFAA9280;
VDM1 984 32FE F 191 250 2 3 FFAA9280;F 193 250 1 3 FFAA9280;F 194 250 1 3 FFAA9280;F 195 250 4 3 FFAA9280;F 199 250 5 3 FFAA9280;F 204 250 4 3 FFAA9280;
VDM1 985 40E0 F 208 250 2 3 FFAA9280;F 210 250 1 3 FFAA9280;F 211 250 1 3 FFAA9280;F 212 250 5 3 FFAA9280;F 217 250 8 3 FFAA9280;F 225 250 16 3 FFAA9280;
VDM1 986 3AEE F 241 250 3 3 FFAA9280;F 244 250 1 3 FFAA9280;F 245 250 1 3 FFAA9280;F 246 250 1 3 FFAA9280;F 247 250 4 3 FFAA9280;F 251 250 4 3 FFAA9280;
VDM1 987 4910 F 255 250 1 3 FFAA9280;F 256 250 2 3 FFAA9280;F 258 250 4 3 FFAA9280;F 262 250 2 3 FFAA9280;F 264 250 4 3 FFAA9280;F 268 250 2 3 FFAA9280;
VDM1 988 1AA6 F 270 250 2 3 FFAA9280;F 272 250 1 3 FFAA9280;F 273 250 4 3 FFAA9280;F 277 250 1 3 FFAA9280;F 278 250 3 3 FFAA9280;F 281 250 1 3 FFAA9280;
VDM1 989 0353 F 282 250 4 3 FFAA9280;F 286 250 1 3 FFAA9280;F 287 250 2 3 FFAA9280;F 289 250 2 3 FFAA9280;F 291 250 1 3 FFAA9280;F 292 250 1 3 FFAA9280;
VDM1 990 FF45 F 293 250 1 3 FFAA9280;F 294 250 2 3 FFAA9280;F 296 250 3 3 FFAA9280;F 299 250 2 3 FFAA9280;F 301 250 2 3 FFAA9255;F 303 250 1 3 FFAA9255;
VDM1 991 7E3C F 304 250 3 3 FFAA9255;F 307 250 2 3 FFAA9255;F 309 250 2 3 FFAA9255;F 311 250 1 3 FFAA9255;F 312 250 1 3 FFAA9255;F 313 250 1 3 FFAA9255;
VDM1 992 30AC F 314 250 3 3 FFAA9255;F 317 250 2 3 FFAA9255;F 319 250 3 3 FFAA9255;F 322 250 2 3 FFAA9255;F 324 250 1 3 FFAA9255;F 325 250 2 3 FFAA9255;
VDM1 993 2188 F 327 250 2 3 FFAA9255;F 329 250 2 3 FFAA9255;F 331 250 2 3 FFAA9255;F 333 250 2 3 FFAA9255;F 335 250 1 3 FFAA9255;F 336 250 4 3 FFAA9255;
VDM1 994 59DC F 340 250 4 3 FFAA9255;F 344 250 2 3 FFAA6D55;F 346 250 4 3 FFAA6D55;F 350 250 2 3 FFAA6D55;F 352 250 3 3 FFAA6D55;F 355 250 1 3 FFAA6D55;
VDM1 995 695A F 356 250 3 3 FFAA6D55;F 359 250 1 3 FFAA6D55;F 360 250 1 3 FFAA6D55;F 361 250 2 3 FFAA6D55;F 363 250 2 3 FFAA6D55;F 365 250 1 3 FFAA6D55;
VDM1 996 C247 F 366 250 3 3 FFAA6D55;F 369 250 6 3 FFAA6D55;F 375 250 1 3 FFAA6D55;F 0 249 74 2 FFAA6D55;F 74 249 5 2 FFAA6D55;F 79 249 9 2 FFAA6D55;F 88 249 5 2 FFAA6D55;
VDM1 997 3601 F 93 249 1 2 FFAA6D55;F 94 249 1 2 FFAA6D55;F 95 249 3 2 FFAA6D55;F 98 249 2 2 FFAA6D55;F 100 249 1 2 FFAA6D55;F 101 249 1 2 FFAA6D55;F 102 249 1 2 FFAA6D55;
VDM1 998 519B F 103 249 1 2 FFAA6D55;F 104 249 2 2 FFAA6D55;F 106 249 1 2 FFAA6D55;F 107 249 2 2 FFAA6D55;F 109 249 2 2 FFAA6D55;F 111 249 4 2 FFAA6D55;
VDM1 999 A31D F 115 249 1 2 FFAA6D55;F 116 249 3 2 FFAA6D55;F 119 249 4 2 FFAA6D55;F 123 249 3 2 FFAA9255;F 126 249 1 2 FFAA9255;F 127 249 1 2 FFAA9255;
VDM1 1000 8A12 F 128 249 1 2 FFAA9255;F 129 249 2 2 FFAA9255;F 131 249 2 2 FFAA9255;F 133 249 1 2 FFAA9255;F 134 249 1 2 FFAA9255;F 135 249 2 2 FFAA9255;
VDM1 1001 6BCB F 137 249 2 2 FFAA9255;F 139 249 2 2 FFAA9255;F 141 249 3 2 FFAA9255;F 144 249 2 2 FFAA9255;F 146 249 2 2 FFAA9255;F 148 249 3 2 FFAA9255;
VDM CONTROLLER 1
VDM1 1002 935A F 151 249 1 2 FFAA9255;F 152 249 2 2 FFAA9255;F 154 249 1 2 FFAA9255;F 155 249 2 2 FFAA9255;F 157 249 2 2 FFAA9255;F 159 249 1 2 FFAA9255;
VDM1 1003 8969 F 160 249 1 2 FFAA9255;F 161 249 3 2 FFAA9280;F 164 249 2 2 FFAA9280;F 166 249 3 2 FFAA9280;F 169 249 2 2 FFAA9280;F 171 249 1 2 FFAA9280;
VDM1 1004 E915 F 172 249 1 2 FFAA9280;F 173 249 1 2 FFAA9280;F 174 249 1 2 FFAA9280;F 175 249 2 2 FFAA9280;F 177 249 3 2 FFAA9280;F 180 249 2 2 FFAA9280;
VDM1 1005 DB87 F 182 249 1 2 FFAA9280;F 183 249 1 2 FFAA9280;F 184 249 2 2 FFAA9280;F 186 249 2 2 FFAA9280;F 188 249 2 2 FFAA9280;F 190 249 1 2 FFAA9280;
VDM1 1006 0584 F 191 249 1 2 FFAA9280;F 192 249 1 2 FFAA9280;F 193 249 1 2 FFAA9280;F 194 249 2 2 FFAA9280;F 196 249 5 2 FFAA9280;F 201 249 3 2 FFAA9280;
VDM1 1007 6465 F 204 249 2 2 FFAA9280;F 206 249 1 2 FFAA9280;F 207 249 2 2 FFAA9280;F 209 249 2 2 FFAA9280;F 211 249 6 2 FFAA9280;F 217 249 8 2 FFAA9280;
VDM1 1008 2844 F 225 249 14 2 FFAA9280;F 239 249 10 2 FFAA9280;F 249 249 2 2 FFAA9280;F 251 249 5 2 FFAA9280;F 256 249 1 2 FFAA9280;F 257 249 1 2 FFAA9280;
VDM1 1009 7005 F 258 249 3 2 FFAA9280;F 261 249 1 2 FFAA9280;F 262 249 2 2 FFAA9280;F 264 249 3 2 FFAA9280;F 267 249 1 2 FFAA9280;F 268 249 3 2 FFAA9280;
VDM1 1010 D937 F 271 249 1 2 FFAA9280;F 272 249 1 2 FFAA9280;F 273 249 1 2 FFAA9280;F 274 249 2 2 FFAA9280;F 276 249 1 2 FFAA9280;F 277 249 1 2 FFAA9280;
VDM1 1011 0509 F 278 249 3 2 FFAA9280;F 281 249 1 2 FFAA9280;F 282 249 1 2 FFAA9280;F 283 249 2 2 FFAA9280;F 285 249 1 2 FFAA9280;F 286 249 1 2 FFAA9280;
VDM1 1012 F21F F 287 249 2 2 FFAA9280;F 289 249 2 2 FFAA9280;F 291 249 1 2 FFAA9280;F 292 249 1 2 FFAA9280;F 293 249 3 2 FFAA9280;F 296 249 2 2 FFAA9280;
VDM1 1013 28F2 F 298 249 1 2 FFAA9280;F 299 249 3 2 FFAA9280;F 302 249 1 2 FFAA9255;F 303 249 2 2 FFAA9255;F 305 249 1 2 FFAA9255;F 306 249 2 2 FFAA9255;
VDM1 1014 BABC F 308 249 3 2 FFAA9255;F 311 249 1 2 FFAA9255;F 312 249 1 2 FFAA9255;F 313 249 1 2 FFAA9255;F 314 249 1 2 FFAA9255;F 315 249 2 2 FFAA9255;
VDM1 1015 AB76 F 317 249 2 2 FFAA9255;F 319 249 3 2 FFAA9255;F 322 249 2 2 FFAA9255;F 324 249 1 2 FFAA9255;F 325 249 3 2 FFAA9255;F 328 249 1 2 FFAA9255;
VDM1 1016 A44A F 329 249 2 2 FFAA9255;F 331 249 2 2 FFAA9255;F 333 249 2 2 FFAA9255;F 335 249 1 2 FFAA9255;F 336 249 3 2 FFAA9255;F 339 249 5 2 FFAA9255;
VDM1 1017 D344 F 344 249 2 2 FFAA6D55;F 346 249 3 2 FFAA6D55;F 349 249 1 2 FFAA6D55;F 350 249 5 2 FFAA6D55;F 355 249 1 2 FFAA6D55;F 356 249 3 2 FFAA6D55;
VDM1 1018 DA27 F 359 249 1 2 FFAA6D55;F 360 249 2 2 FFAA6D55;F 362 249 4 2 FFAA6D55;F 366 249 1 2 FFAA6D55;F 367 249 2 2 FFAA6D55;F 369 249 3 2 FFAA6D55;
VDM1 1019 7995 F 372 249 2 2 FFAA6D55;F 374 249 1 2 FFAA6D55;F 375 249 1 2 FFAA6D55;F 0 248 74 2 FFAA6D55;F 74 248 4 2 FFAA6D55;F 78 248 1 2 FFAA6D55;F 79 248 9 2 FFAA6D55;
VDM1 1020 06E2 F 88 248 5 2 FFAA6D55;F 93 248 5 2 FFAA6D55;F 98 248 1 2 FFAA6D55;F 99 248 4 2 FFAA6D55;F 103 248 3 2 FFAA6D55;F 106 248 1 2 FFAA6D55;F 107 248 4 2 FFAA6D55;
VDM1 1021 BFDF F 111 248 2 2 FFAA6D55;F 113 248 1 2 FFAA6D55;F 114 248 1 2 FFAA6D55;F 115 248 4 2 FFAA6D55;F 119 248 3 2 FFAA6D55;F 122 248 3 2 FFAA9255;
VDM1 1022 FC7A F 125 248 1 2 FFAA9255;F 126 248 1 2 FFAA9255;F 127 248 1 2 FFAA9255;F 128 248 2 2 FFAA9255;F 130 248 2 2 FFAA9255;F 132 248 1 2 FFAA9255;
VDM1 1023 927D F 133 248 1 2 FFAA9255;F 134 248 2 2 FFAA9255;F 136 248 2 2 FFAA9255;F 138 248 2 2 FFAA9255;F 140 248 1 2 FFAA9255;F 141 248 2 2 FFAA9255;
VDM1 1024 59A7 F 143 248 2 2 FFAA9255;F 145 248 2 2 FFAA9255;F 147 248 2 2 FFAA9255;F 149 248 2 2 FFAA9255;F 151 248 1 2 FFAA9255;F 152 248 1 2 FFAA9255;
VDM1 1025 15E1 F 153 248 3 2 FFAA9255;F 156 248 1 2 FFAA9255;F 157 248 2 2 FFAA9255;F 159 248 1 2 FFAA9255;F 160 248 1 2 FFAA9280;F 161 248 4 2 FFAA9280;
VDM1 1026 C54F F 165 248 3 2 FFAA9280;F 168 248 1 2 FFAA9280;F 169 248 1 2 FFAA9280;F 170 248 1 2 FFAA9280;F 171 248 1 2 FFAA9280;F 172 248 1 2 FFAA9280;
VDM1 1027 EC62 F 173 248 1 2 FFAA9280;F 174 248 1 2 FFAA9280;F 175 248 1 2 FFAA9280;F 176 248 2 2 FFAA9280;F 178 248 1 2 FFAA9280;F 179 248 1 2 FFAA9280;
VDM1 1028 CA71 F 180 248 2 2 FFAA9280;F 182 248 1 2 FFAA9280;F 183 248 3 2 FFAA9280;F 186 248 1 2 FFAA9280;F 187 248 1 2 FFAA9280;F 188 248 1 2 FFAA9280;
VDM1 1029 41CD F 189 248 1 2 FFAA9280;F 190 248 1 2 FFAA9280;F 191 248 1 2 FFAA9280;F 192 248 1 2 FFAA9280;F 193 248 3 2 FFAA9280;F 196 248 3 2 FFAA9280;
VDM1 1030 E055 F 199 248 1 2 FFAA9280;F 200 248 1 2 FFAA9280;F 201 248 1 2 FFAA9280;F 202 248 2 2 FFAA9280;F 204 248 1 2 FFAA9280;F 205 248 1 2 FFAA9280;
VDM1 1031 293B F 206 248 2 2 FFAA9280;F 208 248 1 2 FFAA9280;F 209 248 2 2 FFAA9280;F 211 248 1 2 FFAA9280;F 212 248 5 2 FFAA9280;F 217 248 1 2 FFAA9280;
VDM1 1032 045B F 218 248 7 2 FFAA9280;F 225 248 1 2 FFAA9280;F 226 248 5 2 FFAA9280;F 231 248 2 2 FFAA9280;F 233 248 6 2 FFAA9280;F 239 248 9 2 FFAA9280;
VDM1 1033 AD8F F 248 248 3 2 FFAA9280;F 251 248 1 2 FFAA9280;F 252 248 3 2 FFAA9280;F 255 248 1 2 FFAA9280;F 256 248 5 2 FFAA9280;F 261 248 2 2 FFAA9280;
VDM1 1034 62CF F 263 248 1 2 FFAA9280;F 264 248 3 2 FFAA9280;F 267 248 1 2 FFAA9280;F 268 248 4 2 FFAA9280;F 272 248 1 2 FFAA9280;F 273 248 1 2 FFAA9280;
VDM1 1035 1678 F 274 248 1 2 FFAA9280;F 275 248 1 2 FFAA9280;F 276 248 1 2 FFAA9280;F 277 248 2 2 FFAA9280;F 279 248 2 2 FFAA9280;F 281 248 2 2 FFAA9280;
VDM1 1036 AF61 F 283 248 1 2 FFAA9280;F 284 248 2 2 FFAA9280;F 286 248 2 2 FFAA9280;F 288 248 1 2 FFAA9280;F 289 248 1 2 FFAA9280;F 290 248 2 2 FFAA9280;
VDM1 1037 CB56 F 292 248 1 2 FFAA9280;F 293 248 2 2 FFAA9280;F 295 248 1 2 FFAA9280;F 296 248 1 2 FFAA9280;F 297 248 1 2 FFAA9280;F 298 248 2 2 FFAA9280;
VDM1 1038 7FA4 F 300 248 2 2 FFAA9280;F 302 248 1 2 FFAA9280;F 303 248 2 2 FFAA9255;F 305 248 1 2 FFAA9255;F 306 248 3 2 FFAA9255;F 309 248 2 2 FFAA9255;
VDM1 1039 E82E F 311 248 1 2 FFAA9255;F 312 248 1 2 FFAA9255;F 313 248 1 2 FFAA9255;F 314 248 2 2 FFAA9255;F 316 248 2 2 FFAA9255;F 318 248 2 2 FFAA9255;
VDM1 1040 8E89 F 320 248 2 2 FFAA9255;F 322 248 2 2 FFAA9255;F 324 248 2 2 FFAA9255;F 326 248 2 2 FFAA9255;F 328 248 1 2 FFAA9255;F 329 248 2 2 FFAA9255;
VDM1 1041 E2A9 F 331 248 2 2 FFAA9255;F 333 248 2 2 FFAA9255;F 335 248 1 2 FFAA9255;F 336 248 3 2 FFAA9255;F 339 248 5 2 FFAA9255;F 344 248 1 2 FFAA6D55;
VDM1 1042 1201 F 345 248 3 2 FFAA6D55;F 348 248 1 2 FFAA6D55;F 349 248 6 2 FFAA6D55;F 355 248 1 2 FFAA6D55;F 356 248 3 2 FFAA6D55;F 359 248 2 2 FFAA6D55;
VDM1 1043 1F8B F 361 248 5 2 FFAA6D55;F 366 248 3 2 FFAA6D55;F 369 248 1 2 FFAA6D55;F 370 248 1 2 FFAA6D55;F 371 248 2 2 FFAA6D55;F 373 248 1 2 FFAA6D55;
VDM1 1044 C6AD F 374 248 1 2 FFAA6D55;F 375 248 1 2 FFAA6D55;F 0 247 74 2 FFAA6D55;F 74 247 2 2 FFAA6D55;F 76 247 2 2 FFAA6D55;F 78 247 8 2 FFAA6D55;F 86 247 5 2 FFAA6D55;
VDM1 1045 4FF6 F 91 247 1 2 FFAA6D55;F 92 247 1 2 FFAA6D55;F 93 247 5 2 FFAA6D55;F 98 247 1 2 FFAA6D55;F 99 247 4 2 FFAA6D55;F 103 247 3 2 FFAA6D55;F 106 247 2 2 FFAA6D55;
VDM1 1046 8468 F 108 247 2 2 FFAA6D55;F 110 247 3 2 FFAA6D55;F 113 247 1 2 FFAA6D55;F 114 247 2 2 FFAA6D55;F 116 247 6 2 FFAA6D55;F 122 247 2 2 FFAA9255;
VDM1 1047 7F5B F 124 247 2 2 FFAA9255;F 126 247 1 2 FFAA9255;F 127 247 2 2 FFAA9255;F 129 247 2 2 FFAA9255;F 131 247 1 2 FFAA9255;F 132 247 1 2 FFAA9255;
VDM1 1048 AD48 F 133 247 2 2 FFAA9255;F 135 247 3 2 FFAA9255;F 138 247 1 2 FFAA9255;F 139 247 1 2 FFAA9255;F 140 247 1 2 FFAA9255;F 141 247 1 2 FFAA9255;
VDM1 1049 8F5E F 142 247 3 2 FFAA9255;F 145 247 1 2 FFAA9255;F 146 247 2 2 FFAA9255;F 148 247 3 2 FFAA9255;F 151 247 1 2 FFAA9255;F 152 247 2 2 FFAA9255;
VDM1 1050 2539 F 154 247 3 2 FFAA9255;F 157 247 1 2 FFAA9255;F 158 247 1 2 FFAA9255;F 159 247 1 2 FFAA9280;F 160 247 3 2 FFAA9280;F 163 247 3 2 FFAA9280;
VDM1 1051 6302 F 166 247 1 2 FFAA9280;F 167 247 2 2 FFAA9280;F 169 247 1 2 FFAA9280;F 170 247 2 2 FFAA9280;F 172 247 1 2 FFAA9280;F 173 247 1 2 FFAA9280;
VDM1 1052 9E9A F 174 247 1 2 FFAA9280;F 175 247 1 2 FFAA9280;F 176 247 2 2 FFAA9280;F 178 247 1 2 FFAA9280;F 179 247 1 2 FFAA9280;F 180 247 3 2 FFAA9280;
VDM1 1053 59FD F 183 247 1 2 FFAA9280;F 184 247 1 2 FFAA9280;F 185 247 2 2 FFAA9280;F 187 247 1 2 FFAA9280;F 188 247 1 2 FFAA9280;F 189 247 1 2 FFAA9280;
VDM1 1054 4C97 F 190 247 2 2 FFAA9280;F 192 247 4 2 FFAA9280;F 196 247 2 2 FFAA9280;F 198 247 1 2 FFAA9280;F 199 247 3 2 FFAA9280;F 202 247 2 2 FFAA9280;
VDM1 1055 3549 F 204 247 1 2 FFAA9280;F 205 247 2 2 FFAA9280;F 207 247 5 2 FFAA9280;F 212 247 2 2 FFAA9280;F 214 247 1 2 FFAA9280;F 215 247 3 2 FFAA9280;
VDM1 1056 C87F F 218 247 2 2 FFAA9280;F 220 247 6 2 FFAA9280;F 226 247 5 2 FFAA9280;F 231 247 7 2 FFAA9280;F 238 247 1 2 FFAA9280;F 239 247 7 2 FFAA9280;
VDM1 1057 05C9 F 246 247 1 2 FFAA9280;F 247 247 4 2 FFAA9280;F 251 247 1 2 FFAA9280;F 252 247 3 2 FFAA9280;F 255 247 6 2 FFAA9280;F 261 247 2 2 FFAA9280;
VDM1 1058 7227 F 263 247 1 2 FFAA9280;F 264 247 3 2 FFAA9280;F 267 247 1 2 FFAA9280;F 268 247 5 2 FFAA9280;F 273 247 1 2 FFAA9280;F 274 247 1 2 FFAA9280;
VDM1 1059 C375 F 275 247 1 2 FFAA9280;F 276 247 1 2 FFAA9280;F 277 247 1 2 FFAA9280;F 278 247 2 2 FFAA9280;F 280 247 2 2 FFAA9280;F 282 247 1 2 FFAA9280;
VDM1 1060 ED31 F 283 247 2 2 FFAA9280;F 285 247 1 2 FFAA9280;F 286 247 2 2 FFAA9280;F 288 247 1 2 FFAA9280;F 289 247 2 2 FFAA9280;F 291 247 1 2 FFAA9280;
VDM1 1061 4D89 F 292 247 1 2 FFAA9280;F 293 247 2 2 FFAA9280;F 295 247 1 2 FFAA9280;F 296 247 1 2 FFAA9280;F 297 247 1 2 FFAA9280;F 298 247 1 2 FFAA9280;
VDM1 1062 CA6A F 299 247 4 2 FFAA9280;F 303 247 2 2 FFAA9280;F 305 247 1 2 FFAA9255;F 306 247 4 2 FFAA9255;F 310 247 2 2 FFAA9255;F 312 247 1 2 FFAA9255;
VDM1 1063 6C9C F 313 247 1 2 FFAA9255;F 314 247 1 2 FFAA9255;F 315 247 1 2 FFAA9255;F 316 247 2 2 FFAA9255;F 318 247 3 2 FFAA9255;F 321 247 2 2 FFAA9255;
VDM1 1064 EC59 F 323 247 2 2 FFAA9255;F 325 247 1 2 FFAA9255;F 326 247 2 2 FFAA9255;F 328 247 1 2 FFAA9255;F 329 247 2 2 FFAA9255;F 331 247 2 2 FFAA9255;
VDM1 1065 85DD F 333 247 2 2 FFAA9255;F 335 247 1 2 FFAA9255;F 336 247 3 2 FFAA9255;F 339 247 4 2 FFAA9255;F 343 247 2 2 FFAA6D55;F 345 247 1 2 FFAA6D55;
VDM1 1066 2CE7 F 346 247 3 2 FFAA6D55;F 349 247 4 2 FFAA6D55;F 353 247 1 2 FFAA6D55;F 354 247 1 2 FFAA6D55;F 355 247 2 2 FFAA6D55;F 357 247 4 2 FFAA6D55;
VDM1 1067 F2B5 F 361 247 4 2 FFAA6D55;F 365 247 6 2 FFAA6D55;F 371 247 3 2 FFAA6D55;F 374 247 1 2 FFAA6D55;F 375 247 1 2 FFAA6D55;F 0 245 73 2 FFAA6D55;F 73 245 3 2 FFAA6D55;
VDM1 1068 BC0E F 76 245 1 2 FFAA6D55;F 77 245 1 2 FFAA6D55;F 78 245 8 2 FFAA6D55;F 86 245 5 2 FFAA6D55;F 91 245 1 2 FFAA6D55;F 92 245 1 2 FFAA6D55;F 93 245 4 2 FFAA6D55;
VDM1 1069 BFF5 F 97 245 1 2 FFAA6D55;F 98 245 1 2 FFAA6D55;F 99 245 1 2 FFAA6D55;F 100 245 2 2 FFAA6D55;F 102 245 4 2 FFAA6D55;F 106 245 2 2 FFAA6D55;F 108 245 1 2 FFAA6D55;
VDM1 1070 7EAE F 109 245 1 2 FFAA6D55;F 110 245 1 2 FFAA6D55;F 111 245 2 2 FFAA6D55;F 113 245 2 2 FFAA6D55;F 115 245 5 2 FFAA6D55;F 120 245 3 2 FFAA9255;
VDM1 1071 62CC F 123 245 2 2 FFAA9255;F 125 245 1 2 FFAA9255;F 126 245 1 2 FFAA9255;F 127 245 3 2 FFAA9255;F 130 245 2 2 FFAA9255;F 132 245 2 2 FFAA9255;
VDM1 1072 D221 F 134 245 2 2 FFAA9255;F 136 245 1 2 FFAA9255;F 137 245 1 2 FFAA9255;F 138 245 1 2 FFAA9255;F 139 245 2 2 FFAA9255;F 141 245 3 2 FFAA9255;
VDM1 1073 2729 F 144 245 1 2 FFAA9255;F 145 245 2 2 FFAA9255;F 147 245 1 2 FFAA9255;F 148 245 1 2 FFAA9255;F 149 245 2 2 FFAA9255;F 151 245 1 2 FFAA9255;
VDM1 1074 BF4B F 152 245 1 2 FFAA9255;F 153 245 3 2 FFAA9255;F 156 245 1 2 FFAA9255;F 157 245 1 2 FFAA9255;F 158 245 1 2 FFAA9280;F 159 245 3 2 FFAA9280;
VDM1 1075 F621 F 162 245 1 2 FFAA9280;F 163 245 2 2 FFAA9280;F 165 245 1 2 FFAA9280;F 166 245 1 2 FFAA9280;F 167 245 1 2 FFAA9280;F 168 245 3 2 FFAA9280;
VDM CONTROLLER 1
VDM1 1076 1FAD F 171 245 2 2 FFAA9280;F 173 245 1 2 FFAA9280;F 174 245 1 2 FFAA9280;F 175 245 2 2 FFAA9280;F 177 245 3 2 FFAA9280;F 180 245 1 2 FFAA9280;
VDM1 1077 9A07 F 181 245 2 2 FFAA9280;F 183 245 2 2 FFAA9280;F 185 245 1 2 FFAA9280;F 186 245 2 2 FFAA9280;F 188 245 2 2 FFAA9280;F 190 245 2 2 FFAA9280;
VDM1 1078 346C F 192 245 2 2 FFAA9280;F 194 245 3 2 FFAA9280;F 197 245 1 2 FFAA9280;F 198 245 3 2 FFAA9280;F 201 245 3 2 FFAA9280;F 204 245 2 2 FFAA9280;
VDM1 1079 44CB F 206 245 2 2 FFAA9280;F 208 245 3 2 FFAA9280;F 211 245 1 2 FFAA9280;F 212 245 2 2 FFAA9280;F 214 245 1 2 FFAA9280;F 215 245 4 2 FFAA9280;
VDM1 1080 EF9F F 219 245 1 2 FFAA9280;F 220 245 9 2 FFAA9280;F 229 245 1 2 FFAA9280;F 230 245 4 2 FFAAB680;F 234 245 5 2 FFAA9280;F 239 245 2 2 FFAA9280;
VDM1 1081 C9D4 F 241 245 6 2 FFAA9280;F 247 245 4 2 FFAA9280;F 251 245 1 2 FFAA9280;F 252 245 1 2 FFAA9280;F 253 245 4 2 FFAA9280;F 257 245 1 2 FFAA9280;
VDM1 1082 AB66 F 258 245 2 2 FFAA9280;F 260 245 2 2 FFAA9280;F 262 245 1 2 FFAA9280;F 263 245 1 2 FFAA9280;F 264 245 1 2 FFAA9280;F 265 245 2 2 FFAA9280;
VDM1 1083 C6AD F 267 245 1 2 FFAA9280;F 268 245 3 2 FFAA9280;F 271 245 1 2 FFAA9280;F 272 245 1 2 FFAA9280;F 273 245 1 2 FFAA9280;F 274 245 3 2 FFAA9280;
VDM1 1084 00B5 F 277 245 2 2 FFAA9280;F 279 245 1 2 FFAA9280;F 280 245 1 2 FFAA9280;F 281 245 1 2 FFAA9280;F 282 245 1 2 FFAA9280;F 283 245 1 2 FFAA9280;
VDM1 1085 FEFC F 284 245 1 2 FFAA9280;F 285 245 1 2 FFAA9280;F 286 245 1 2 FFAA9280;F 287 245 1 2 FFAA9280;F 288 245 1 2 FFAA9280;F 289 245 1 2 FFAA9280;
VDM1 1086 0228 F 290 245 1 2 FFAA9280;F 291 245 1 2 FFAA9280;F 292 245 2 2 FFAA9280;F 294 245 1 2 FFAA9280;F 295 245 1 2 FFAA9280;F 296 245 1 2 FFAA9280;
VDM1 1087 7ED3 F 297 245 1 2 FFAA9280;F 298 245 1 2 FFAA9280;F 299 245 2 2 FFAA9280;F 301 245 3 2 FFAA9280;F 304 245 1 2 FFAA9280;F 305 245 2 2 FFAA9255;
VDM1 1088 A740 F 307 245 2 2 FFAA9255;F 309 245 2 2 FFAA9255;F 311 245 1 2 FFAA9255;F 312 245 2 2 FFAA9255;F 314 245 1 2 FFAA9255;F 315 245 1 2 FFAA9255;
VDM1 1089 8C95 F 316 245 1 2 FFAA9255;F 317 245 2 2 FFAA9255;F 319 245 2 2 FFAA9255;F 321 245 2 2 FFAA9255;F 323 245 3 2 FFAA9255;F 326 245 1 2 FFAA9255;
VDM1 1090 7664 F 327 245 1 2 FFAA9255;F 328 245 1 2 FFAA9255;F 329 245 1 2 FFAA9255;F 330 245 1 2 FFAA9255;F 331 245 2 2 FFAA9255;F 333 245 2 2 FFAA9255;
VDM1 1091 7E12 F 335 245 1 2 FFAA9255;F 336 245 3 2 FFAA9255;F 339 245 3 2 FFAA9255;F 342 245 3 2 FFAA6D55;F 345 245 3 2 FFAA6D55;F 348 245 1 2 FFAA6D55;
VDM1 1092 A9ED F 349 245 2 2 FFAA6D55;F 351 245 1 2 FFAA6D55;F 352 245 1 2 FFAA6D55;F 353 245 1 2 FFAA6D55;F 354 245 1 2 FFAA6D55;F 355 245 1 2 FFAA6D55;
VDM1 1093 B0F7 F 356 245 1 2 FFAA6D55;F 357 245 1 2 FFAA6D55;F 358 245 1 2 FFAA6D55;F 359 245 2 2 FFAA6D55;F 361 245 3 2 FFAA6D55;F 364 245 6 2 FFAA6D55;
VDM1 1094 9075 F 370 245 3 2 FFAA6D55;F 373 245 1 2 FFAA6D55;F 374 245 2 2 FFAA6D55;F 0 244 73 2 FFAA6D55;F 73 244 3 2 FFAA6D55;F 76 244 1 2 FFAA6D55;F 77 244 1 2 FFAA6D55;
VDM1 1095 177E F 78 244 7 2 FFAA6D55;F 85 244 6 2 FFAA6D55;F 91 244 1 2 FFAA6D55;F 92 244 1 2 FFAA6D55;F 93 244 3 2 FFAA6D55;F 96 244 1 2 FFAA6D55;F 97 244 1 2 FFAA6D55;
VDM1 1096 F971 F 98 244 2 2 FFAA6D55;F 100 244 1 2 FFAA6D55;F 101 244 4 2 FFAA6D55;F 105 244 1 2 FFAA6D55;F 106 244 3 2 FFAA6D55;F 109 244 1 2 FFAA6D55;
VDM1 1097 F337 F 110 244 1 2 FFAA6D55;F 111 244 4 2 FFAA6D55;F 115 244 4 2 FFAA6D55;F 119 244 4 2 FFAA9255;F 123 244 1 2 FFAA9255;F 124 244 1 2 FFAA9255;
VDM1 1098 A054 F 125 244 1 2 FFAA9255;F 126 244 1 2 FFAA9255;F 127 244 2 2 FFAA9255;F 129 244 2 2 FFAA9255;F 131 244 2 2 FFAA9255;F 133 244 3 2 FFAA9255;
VDM1 1099 3E50 F 136 244 1 2 FFAA9255;F 137 244 1 2 FFAA9255;F 138 244 3 2 FFAA9255;F 141 244 1 2 FFAA9255;F 142 244 2 2 FFAA9255;F 144 244 2 2 FFAA9255;
VDM1 1100 0391 F 146 244 1 2 FFAA9255;F 147 244 1 2 FFAA9255;F 148 244 1 2 FFAA9255;F 149 244 1 2 FFAA9255;F 150 244 2 2 FFAA9255;F 152 244 2 2 FFAA9255;
VDM1 1101 91C7 F 154 244 2 2 FFAA9255;F 156 244 1 2 FFAA9255;F 157 244 1 2 FFAA9280;F 158 244 2 2 FFAA9280;F 160 244 3 2 FFAA9280;F 163 244 2 2 FFAA9280;
VDM1 1102 0511 F 165 244 1 2 FFAA9280;F 166 244 1 2 FFAA9280;F 167 244 1 2 FFAA9280;F 168 244 1 2 FFAA9280;F 169 244 2 2 FFAA9280;F 171 244 2 2 FFAA9280;
VDM1 1103 D4D5 F 173 244 1 2 FFAA9280;F 174 244 2 2 FFAA9280;F 176 244 2 2 FFAA9280;F 178 244 3 2 FFAA9280;F 181 244 1 2 FFAA9280;F 182 244 1 2 FFAA9280;
VDM1 1104 4C22 F 183 244 1 2 FFAA9280;F 184 244 2 2 FFAA9280;F 186 244 2 2 FFAA9280;F 188 244 3 2 FFAA9280;F 191 244 1 2 FFAA9280;F 192 244 1 2 FFAA9280;
VDM1 1105 FC5B F 193 244 1 2 FFAA9280;F 194 244 1 2 FFAA9280;F 195 244 3 2 FFAA9280;F 198 244 3 2 FFAA9280;F 201 244 3 2 FFAA9280;F 204 244 1 2 FFAA9280;
VDM1 1106 75AB F 205 244 2 2 FFAA9280;F 207 244 4 2 FFAA9280;F 211 244 2 2 FFAA9280;F 213 244 5 2 FFAA9280;F 218 244 1 2 FFAA9280;F 219 244 4 2 FFAA9280;
VDM1 1107 8AA8 F 223 244 2 2 FFAA9280;F 225 244 5 2 FFAA9280;F 230 244 3 2 FFAA9280;F 233 244 11 2 FFAA9280;F 244 244 1 2 FFAA9280;F 245 244 4 2 FFAA9280;
VDM1 1108 EFD8 F 249 244 2 2 FFAA9280;F 251 244 1 2 FFAA9280;F 252 244 3 2 FFAA9280;F 255 244 1 2 FFAA9280;F 256 244 2 2 FFAA9280;F 258 244 2 2 FFAA9280;
VDM1 1109 5D8B F 260 244 2 2 FFAA9280;F 262 244 1 2 FFAA9280;F 263 244 3 2 FFAA9280;F 266 244 1 2 FFAA9280;F 267 244 4 2 FFAA9280;F 271 244 2 2 FFAA9280;
VDM1 1110 55D9 F 273 244 2 2 FFAA9280;F 275 244 1 2 FFAA9280;F 276 244 1 2 FFAA9280;F 277 244 2 2 FFAA9280;F 279 244 1 2 FFAA9280;F 280 244 1 2 FFAA9280;
VDM1 1111 195B F 281 244 1 2 FFAA9280;F 282 244 1 2 FFAA9280;F 283 244 1 2 FFAA9280;F 284 244 2 2 FFAA9280;F 286 244 1 2 FFAA9280;F 287 244 1 2 FFAA9280;
VDM1 1112 3481 F 288 244 2 2 FFAA9280;F 290 244 1 2 FFAA9280;F 291 244 1 2 FFAA9280;F 292 244 1 2 FFAA9280;F 293 244 1 2 FFAA9280;F 294 244 1 2 FFAA9280;
VDM1 1113 46EC F 295 244 1 2 FFAA9280;F 296 244 1 2 FFAA9280;F 297 244 1 2 FFAA9280;F 298 244 1 2 FFAA9280;F 299 244 2 2 FFAA9280;F 301 244 2 2 FFAA9280;
VDM1 1114 141D F 303 244 2 2 FFAA9280;F 305 244 2 2 FFAA9280;F 307 244 1 2 FFAA9255;F 308 244 1 2 FFAA9255;F 309 244 2 2 FFAA9255;F 311 244 1 2 FFAA9255;
VDM1 1115 9534 F 312 244 1 2 FFAA9255;F 313 244 1 2 FFAA9255;F 314 244 1 2 FFAA9255;F 315 244 1 2 FFAA9255;F 316 244 2 2 FFAA9255;F 318 244 2 2 FFAA9255;
VDM1 1116 BDC1 F 320 244 2 2 FFAA9255;F 322 244 2 2 FFAA9255;F 324 244 2 2 FFAA9255;F 326 244 1 2 FFAA9255;F 327 244 2 2 FFAA9255;F 329 244 1 2 FFAA9255;
VDM1 1117 CF6E F 330 244 1 2 FFAA9255;F 331 244 2 2 FFAA9255;F 333 244 2 2 FFAA9255;F 335 244 1 2 FFAA9255;F 336 244 3 2 FFAA9255;F 339 244 3 2 FFAA9255;
VDM1 1118 7C95 F 342 244 3 2 FFAA6D55;F 345 244 4 2 FFAA6D55;F 349 244 1 2 FFAA6D55;F 350 244 1 2 FFAA6D55;F 351 244 1 2 FFAA6D55;F 352 244 1 2 FFAA6D55;
VDM1 1119 15F2 F 353 244 1 2 FFAA6D55;F 354 244 1 2 FFAA6D55;F 355 244 1 2 FFAA6D55;F 356 244 1 2 FFAA6D55;F 357 244 2 2 FFAA6D55;F 359 244 2 2 FFAA6D55;
VDM1 1120 B958 F 361 244 3 2 FFAA6D55;F 364 244 5 2 FFAA6D55;F 369 244 2 2 FFAA6D55;F 371 244 1 2 FFAA6D55;F 372 244 1 2 FFAA6D55;F 373 244 3 2 FFAA6D55;
VDM1 1121 B388 F 0 243 73 2 FFAA6D55;F 73 243 3 2 FFAA6D55;F 76 243 1 2 FFAA6D55;F 77 243 1 2 FFAA6D55;F 78 243 7 2 FFAA6D55;F 85 243 6 2 FFAA6D55;F 91 243 1 2 FFAA6D55;
VDM1 1122 6674 F 92 243 1 2 FFAA6D55;F 93 243 3 2 FFAA6D55;F 96 243 2 2 FFAA6D55;F 98 243 2 2 FFAA6D55;F 100 243 1 2 FFAA6D55;F 101 243 2 2 FFAA6D55;F 103 243 1 2 FFAA6D55;
VDM1 1123 1BF9 F 104 243 2 2 FFAA6D55;F 106 243 1 2 FFAA6D55;F 107 243 1 2 FFAA6D55;F 108 243 1 2 FFAA6D55;F 109 243 1 2 FFAA6D55;F 110 243 1 2 FFAA6D55;
VDM1 1124 491E F 111 243 4 2 FFAA6D55;F 115 243 3 2 FFAA6D55;F 118 243 4 2 FFAA9255;F 122 243 2 2 FFAA9255;F 124 243 1 2 FFAA9255;F 125 243 2 2 FFAA9255;
VDM1 1125 DF3C F 127 243 1 2 FFAA9255;F 128 243 1 2 FFAA9255;F 129 243 1 2 FFAA9255;F 130 243 2 2 FFAA9255;F 132 243 3 2 FFAA9255;F 135 243 1 2 FFAA9255;
VDM1 1126 0396 F 136 243 1 2 FFAA9255;F 137 243 3 2 FFAA9255;F 140 243 1 2 FFAA9255;F 141 243 2 2 FFAA9255;F 143 243 1 2 FFAA9255;F 144 243 1 2 FFAA9255;
VDM1 1127 2608 F 145 243 1 2 FFAA9255;F 146 243 1 2 FFAA9255;F 147 243 1 2 FFAA9255;F 148 243 1 2 FFAA9255;F 149 243 1 2 FFAA9255;F 150 243 3 2 FFAA9255;
VDM1 1128 1A51 F 153 243 2 2 FFAA9255;F 155 243 1 2 FFAA9255;F 156 243 1 2 FFAA9280;F 157 243 1 2 FFAA9280;F 158 243 1 2 FFAA9280;F 159 243 1 2 FFAA9280;
VDM1 1129 D850 F 160 243 1 2 FFAA9280;F 161 243 3 2 FFAA9280;F 164 243 1 2 FFAA9280;F 165 243 1 2 FFAA9280;F 166 243 1 2 FFAA9280;F 167 243 2 2 FFAA9280;
VDM1 1130 51CB F 169 243 1 2 FFAA9280;F 170 243 1 2 FFAA9280;F 171 243 1 2 FFAA9280;F 172 243 2 2 FFAA9280;F 174 243 1 2 FFAA9280;F 175 243 1 2 FFAA9280;
VDM1 1131 CD81 F 176 243 1 2 FFAA9280;F 177 243 2 2 FFAA9280;F 179 243 1 2 FFAA9280;F 180 243 1 2 FFAA9280;F 181 243 1 2 FFAA9280;F 182 243 2 2 FFAA9280;
VDM1 1132 B15F F 184 243 1 2 FFAA9280;F 185 243 3 2 FFAA9280;F 188 243 1 2 FFAA9280;F 189 243 1 2 FFAA9280;F 190 243 1 2 FFAA9280;F 191 243 1 2 FFAA9280;
Auto-reconnect failed
Hard-resetting BLE client: auto reconnect failed
Next reconnect attempt in 2036 ms
VDM1 1133 0CFC F 192 243 2 2 FFAA9280;F 194 243 2 2 FFAA9280;F 196 243 3 2 FFAA9280;F 199 243 2 2 FFAA9280;F 201 243 2 2 FFAA9280;F 203 243 1 2 FFAA9280;
VDM1 1134 CB44 F 204 243 1 2 FFAA9280;F 205 243 3 2 FFAA9280;F 208 243 1 2 FFAA9280;F 209 243 2 2 FFAA9280;F 211 243 1 2 FFAA9280;F 212 243 5 2 FFAAB680;
VDM1 1135 2EF4 F 217 243 1 2 FFAAB680;F 218 243 1 2 FFAAB680;F 219 243 1 2 FFAA9280;F 220 243 3 2 FFAA9280;F 223 243 1 2 FFAAB680;F 224 243 21 2 FFAAB680;
VDM1 1136 30A1 F 245 243 3 2 FFAA9280;F 248 243 2 2 FFAA9280;F 250 243 1 2 FFAA9280;F 251 243 1 2 FFAA9280;F 252 243 4 2 FFAA9280;F 256 243 3 2 FFAA9280;
VDM1 1137 564E F 259 243 3 2 FFAA9280;F 262 243 2 2 FFAA9280;F 264 243 2 2 FFAA9280;F 266 243 1 2 FFAA9280;F 267 243 1 2 FFAA9280;F 268 243 3 2 FFAA9280;
VDM1 1138 9A58 F 271 243 3 2 FFAA9280;F 274 243 1 2 FFAA9280;F 275 243 1 2 FFAA9280;F 276 243 1 2 FFAA9280;F 277 243 1 2 FFAA9280;F 278 243 1 2 FFAA9280;
VDM1 1139 A609 F 279 243 2 2 FFAA9280;F 281 243 1 2 FFAA9280;F 282 243 1 2 FFAA9280;F 283 243 2 2 FFAA9280;F 285 243 1 2 FFAA9280;F 286 243 1 2 FFAA9280;
VDM1 1140 350C F 287 243 1 2 FFAA9280;F 288 243 2 2 FFAA9280;F 290 243 1 2 FFAA9280;F 291 243 2 2 FFAA9280;F 293 243 1 2 FFAA9280;F 294 243 2 2 FFAA9280;
VDM1 1141 86C0 F 296 243 1 2 FFAA9280;F 297 243 1 2 FFAA9280;F 298 243 2 2 FFAA9280;F 300 243 1 2 FFAA9280;F 301 243 2 2 FFAA9280;F 303 243 3 2 FFAA9280;
VDM1 1142 123D F 306 243 2 2 FFAA9280;F 308 243 1 2 FFAA9255;F 309 243 1 2 FFAA9255;F 310 243 2 2 FFAA9255;F 312 243 2 2 FFAA9255;F 314 243 1 2 FFAA9255;
VDM1 1143 9AB7 F 315 243 1 2 FFAA9255;F 316 243 2 2 FFAA9255;F 318 243 2 2 FFAA9255;F 320 243 2 2 FFAA9255;F 322 243 4 2 FFAA9255;F 326 243 1 2 FFAA9255;
VDM1 1144 844A F 327 243 2 2 FFAA9255;F 329 243 1 2 FFAA9255;F 330 243 3 2 FFAA9255;F 333 243 2 2 FFAA9255;F 335 243 1 2 FFAA9255;F 336 243 3 2 FFAA9255;
VDM1 1145 8C37 F 339 243 3 2 FFAA9255;F 342 243 1 2 FFAA6D55;F 343 243 1 2 FFAA6D55;F 344 243 1 2 FFAA6D55;F 345 243 4 2 FFAA6D55;F 349 243 3 2 FFAA6D55;
VDM1 1146 A015 F 352 243 1 2 FFAA6D55;F 353 243 1 2 FFAA6D55;F 354 243 3 2 FFAA6D55;F 357 243 2 2 FFAA6D55;F 359 243 2 2 FFAA6D55;F 361 243 1 2 FFAA6D55;
VDM1 1147 924B F 362 243 1 2 FFAA6D55;F 363 243 1 2 FFAA6D55;F 364 243 4 2 FFAA6D55;F 368 243 1 2 FFAA6D55;F 369 243 2 2 FFAA6D55;F 371 243 2 2 FFAA6D55;
VDM1 1148 90C0 F 373 243 1 2 FFAA6D55;F 374 243 1 2 FFAA6D55;F 375 243 1 2 FFAA6D55;F 0 241 70 3 FFAA6D55;F 70 241 4 3 FFAA6D55;F 74 241 9 3 FFAA6D55;F 83 241 4 3 FFAA6D55;
VDM1 1149 43B7 F 87 241 2 3 FFAA6D55;F 89 241 1 3 FFAA6D55;F 90 241 1 3 FFAA6D55;F 91 241 1 3 FFAA6D55;F 92 241 3 3 FFAA6D55;F 95 241 1 3 FFAA6D55;F 96 241 2 3 FFAA6D55;
VDM CONTROLLER 1
VDM1 1150 1CA3 F 98 241 1 3 FFAA6D55;F 99 241 1 3 FFAA6D55;F 100 241 3 3 FFAA6D55;F 103 241 2 3 FFAA6D55;F 105 241 2 3 FFAA6D55;F 107 241 3 3 FFAA6D55;F 110 241 2 3 FFAA6D55;
VDM1 1151 CD69 F 112 241 2 3 FFAA6D55;F 114 241 2 3 FFAA6D55;F 116 241 5 3 FFAA9255;F 121 241 2 3 FFAA9255;F 123 241 1 3 FFAA9255;F 124 241 1 3 FFAA9255;
VDM1 1152 A7E1 F 125 241 1 3 FFAA9255;F 126 241 1 3 FFAA9255;F 127 241 1 3 FFAA9255;F 128 241 1 3 FFAA9255;F 129 241 2 3 FFAA9255;F 131 241 3 3 FFAA9255;
VDM1 1153 62EA F 134 241 2 3 FFAA9255;F 136 241 1 3 FFAA9255;F 137 241 1 3 FFAA9255;F 138 241 3 3 FFAA9255;F 141 241 1 3 FFAA9255;F 142 241 2 3 FFAA9255;
VDM1 1154 AA8B F 144 241 1 3 FFAA9255;F 145 241 1 3 FFAA9255;F 146 241 2 3 FFAA9255;F 148 241 1 3 FFAA9255;F 149 241 2 3 FFAA9255;F 151 241 2 3 FFAA9255;
VDM1 1155 4600 F 153 241 1 3 FFAA9255;F 154 241 1 3 FFAA9255;F 155 241 1 3 FFAA9280;F 156 241 1 3 FFAA9280;F 157 241 3 3 FFAA9280;F 160 241 1 3 FFAA9280;
VDM1 1156 EC54 F 161 241 1 3 FFAA9280;F 162 241 1 3 FFAA9280;F 163 241 2 3 FFAA9280;F 165 241 2 3 FFAA9280;F 167 241 1 3 FFAA9280;F 168 241 1 3 FFAA9280;
VDM1 1157 DC84 F 169 241 2 3 FFAA9280;F 171 241 2 3 FFAA9280;F 173 241 2 3 FFAA9280;F 175 241 1 3 FFAA9280;F 176 241 1 3 FFAA9280;F 177 241 2 3 FFAA9280;
VDM1 1158 6A51 F 179 241 1 3 FFAA9280;F 180 241 1 3 FFAA9280;F 181 241 3 3 FFAA9280;F 184 241 1 3 FFAA9280;F 185 241 1 3 FFAA9280;F 186 241 1 3 FFAA9280;
VDM1 1159 A9B2 F 187 241 1 3 FFAA9280;F 188 241 2 3 FFAA9280;F 190 241 1 3 FFAA9280;F 191 241 2 3 FFAA9280;F 193 241 3 3 FFAA9280;F 196 241 2 3 FFAA9280;
VDM1 1160 5A05 F 198 241 1 3 FFAA9280;F 199 241 1 3 FFAA9280;F 200 241 1 3 FFAA9280;F 201 241 1 3 FFAA9280;F 202 241 2 3 FFAA9280;F 204 241 2 3 FFAA9280;
VDM1 1161 02CF F 206 241 2 3 FFAA9280;F 208 241 3 3 FFAA9280;F 211 241 1 3 FFAAB680;F 212 241 5 3 FFAAB680;F 217 241 1 3 FFAAB680;F 218 241 1 3 FFAAB680;
VDM1 1162 54C4 F 219 241 1 3 FFAAB680;F 220 241 4 3 FFAAB680;F 224 241 20 3 FFAAB680;F 244 241 3 3 FFAAB680;F 247 241 3 3 FFAAB680;F 250 241 1 3 FFAAB680;
VDM1 1163 1C0F F 251 241 4 3 FFAAB680;F 255 241 1 3 FFAA9280;F 256 241 1 3 FFAA9280;F 257 241 3 3 FFAA9280;F 260 241 1 3 FFAA9280;F 261 241 1 3 FFAA9280;
VDM1 1164 39D9 F 262 241 2 3 FFAA9280;F 264 241 2 3 FFAA9280;F 266 241 1 3 FFAA9280;F 267 241 1 3 FFAA9280;F 268 241 1 3 FFAA9280;F 269 241 3 3 FFAA9280;
VDM1 1165 3DB5 F 272 241 3 3 FFAA9280;F 275 241 1 3 FFAA9280;F 276 241 1 3 FFAA9280;F 277 241 1 3 FFAA9280;F 278 241 1 3 FFAA9280;F 279 241 1 3 FFAA9280;
VDM1 1166 9ADD F 280 241 1 3 FFAA9280;F 281 241 2 3 FFAA9280;F 283 241 1 3 FFAA9280;F 284 241 1 3 FFAA9280;F 285 241 1 3 FFAA9280;F 286 241 1 3 FFAA9280;
VDM1 1167 27EF F 287 241 1 3 FFAA9280;F 288 241 1 3 FFAA9280;F 289 241 1 3 FFAA9280;F 290 241 1 3 FFAA9280;F 291 241 1 3 FFAA9280;F 292 241 1 3 FFAA9280;
VDM1 1168 C772 F 293 241 1 3 FFAA9280;F 294 241 2 3 FFAA9280;F 296 241 1 3 FFAA9280;F 297 241 1 3 FFAA9280;F 298 241 1 3 FFAA9280;F 299 241 1 3 FFAA9280;
VDM1 1169 89DC F 300 241 1 3 FFAA9280;F 301 241 1 3 FFAA9280;F 302 241 3 3 FFAA9280;F 305 241 2 3 FFAA9280;F 307 241 1 3 FFAA9280;F 308 241 1 3 FFAA9255;
VDM1 1170 9CCE F 309 241 2 3 FFAA9255;F 311 241 2 3 FFAA9255;F 313 241 1 3 FFAA9255;F 314 241 1 3 FFAA9255;F 315 241 1 3 FFAA9255;F 316 241 1 3 FFAA9255;
VDM1 1171 2930 F 317 241 1 3 FFAA9255;F 318 241 2 3 FFAA9255;F 320 241 2 3 FFAA9255;F 322 241 3 3 FFAA9255;F 325 241 2 3 FFAA9255;F 327 241 2 3 FFAA9255;
VDM1 1172 A590 F 329 241 1 3 FFAA9255;F 330 241 1 3 FFAA9255;F 331 241 1 3 FFAA9255;F 332 241 3 3 FFAA9255;F 335 241 1 3 FFAA9255;F 336 241 1 3 FFAA9255;
VDM1 1173 1739 F 337 241 1 3 FFAA9255;F 338 241 1 3 FFAA9255;F 339 241 1 3 FFAA9255;F 340 241 1 3 FFAA6D55;F 341 241 2 3 FFAA9255;F 343 241 2 3 FFAA6D55;
VDM1 1174 1BDD F 345 241 4 3 FFAA6D55;F 349 241 3 3 FFAA6D55;F 352 241 2 3 FFAA6D55;F 354 241 2 3 FFAA6D55;F 356 241 2 3 FFAA6D55;F 358 241 2 3 FFAA6D55;
VDM1 1175 B37B F 360 241 1 3 FFAA6D55;F 361 241 1 3 FFAA6D55;F 362 241 1 3 FFAA6D55;F 363 241 4 3 FFAA6D55;F 367 241 2 3 FFAA6D55;F 369 241 2 3 FFAA6D55;
VDM1 1176 1FAC F 371 241 5 3 FFAA6D55;F 0 240 70 2 FFAA6D55;F 70 240 4 2 FFAA6D55;F 74 240 9 2 FFAA6D55;F 83 240 4 2 FFAA6D55;F 87 240 1 2 FFAA6D55;F 88 240 1 2 FFAA6D55;
VDM1 1177 9889 F 89 240 5 2 FFAA6D55;F 94 240 1 2 FFAA6D55;F 95 240 1 2 FFAA6D55;F 96 240 2 2 FFAA6D55;F 98 240 1 2 FFAA6D55;F 99 240 3 2 FFAA6D55;F 102 240 4 2 FFAA6D55;
VDM1 1178 0D2D F 106 240 3 2 FFAA6D55;F 109 240 1 2 FFAA6D55;F 110 240 3 2 FFAA6D55;F 113 240 3 2 FFAA6D55;F 116 240 5 2 FFAA9255;F 121 240 1 2 FFAA9255;
VDM1 1179 61A5 F 122 240 1 2 FFAA9255;F 123 240 1 2 FFAA9255;F 124 240 2 2 FFAA9255;F 126 240 2 2 FFAA9255;F 128 240 2 2 FFAA9255;F 130 240 3 2 FFAA9255;
VDM1 1180 9439 F 133 240 2 2 FFAA9255;F 135 240 1 2 FFAA9255;F 136 240 1 2 FFAA9255;F 137 240 3 2 FFAA9255;F 140 240 1 2 FFAA9255;F 141 240 1 2 FFAA9255;
VDM1 1181 5923 F 142 240 2 2 FFAA9255;F 144 240 2 2 FFAA9255;F 146 240 2 2 FFAA9255;F 148 240 1 2 FFAA9255;F 149 240 2 2 FFAA9255;F 151 240 1 2 FFAA9255;
VDM1 1182 0BA2 F 152 240 1 2 FFAA9255;F 153 240 2 2 FFAA9280;F 155 240 2 2 FFAA9280;F 157 240 1 2 FFAA9280;F 158 240 1 2 FFAA9280;F 159 240 1 2 FFAA9280;
VDM1 1183 3F3B F 160 240 1 2 FFAA9280;F 161 240 1 2 FFAA9280;F 162 240 1 2 FFAA9280;F 163 240 1 2 FFAA9280;F 164 240 2 2 FFAA9280;F 166 240 1 2 FFAA9280;
VDM1 1184 1B46 F 167 240 1 2 FFAA9280;F 168 240 1 2 FFAA9280;F 169 240 1 2 FFAA9280;F 170 240 1 2 FFAA9280;F 171 240 1 2 FFAA9280;F 172 240 1 2 FFAA9280;
VDM1 1185 715F F 173 240 1 2 FFAA9280;F 174 240 2 2 FFAA9280;F 176 240 1 2 FFAA9280;F 177 240 1 2 FFAA9280;F 178 240 2 2 FFAA9280;F 180 240 3 2 FFAA9280;
VDM1 1186 1321 F 183 240 1 2 FFAA9280;F 184 240 1 2 FFAA9280;F 185 240 1 2 FFAA9280;F 186 240 1 2 FFAA9280;F 187 240 1 2 FFAA9280;F 188 240 1 2 FFAA9280;
VDM1 1187 356F F 189 240 2 2 FFAA9280;F 191 240 1 2 FFAA9280;F 192 240 2 2 FFAA9280;F 194 240 1 2 FFAA9280;F 195 240 1 2 FFAA9280;F 196 240 1 2 FFAA9280;
VDM1 1188 F069 F 197 240 1 2 FFAA9280;F 198 240 1 2 FFAA9280;F 199 240 1 2 FFAA9280;F 200 240 2 2 FFAA9280;F 202 240 1 2 FFAAB680;F 203 240 1 2 FFAA9280;
VDM1 1189 6328 F 204 240 4 2 FFAA9280;F 208 240 1 2 FFAA9280;F 209 240 3 2 FFAAB680;F 212 240 5 2 FFAAB680;F 217 240 3 2 FFAAB680;F 220 240 1 2 FFAAB680;
VDM1 1190 84E6 F 221 240 8 2 FFAAB6AA;F 229 240 11 2 FFAAB6AA;F 240 240 1 2 FFAAB6AA;F 241 240 5 2 FFAAB6AA;F 246 240 1 2 FFAAB680;F 247 240 4 2 FFAAB680;
VDM1 1191 A7C2 F 251 240 4 2 FFAAB680;F 255 240 1 2 FFAAB680;F 256 240 1 2 FFAAB680;F 257 240 3 2 FFAAB680;F 260 240 1 2 FFAA9280;F 261 240 1 2 FFAA9280;
VDM1 1192 2C32 F 262 240 3 2 FFAA9280;F 265 240 2 2 FFAA9280;F 267 240 1 2 FFAA9280;F 268 240 1 2 FFAA9280;F 269 240 2 2 FFAA9280;F 271 240 2 2 FFAA9280;
VDM1 1193 0C4E F 273 240 2 2 FFAA9280;F 275 240 2 2 FFAA9280;F 277 240 2 2 FFAA9280;F 279 240 2 2 FFAA9280;F 281 240 3 2 FFAA9280;F 284 240 1 2 FFAA9280;
VDM1 1194 8EB5 F 285 240 2 2 FFAA9280;F 287 240 1 2 FFAA9280;F 288 240 1 2 FFAA9280;F 289 240 1 2 FFAA9280;F 290 240 2 2 FFAA9280;F 292 240 1 2 FFAA9280;
VDM1 1195 B9F7 F 293 240 1 2 FFAA9280;F 294 240 1 2 FFAA9280;F 295 240 1 2 FFAA9280;F 296 240 2 2 FFAA9280;F 298 240 1 2 FFAA9280;F 299 240 2 2 FFAA9280;
VDM1 1196 959A F 301 240 1 2 FFAA9280;F 302 240 1 2 FFAA9280;F 303 240 2 2 FFAA9280;F 305 240 3 2 FFAA9280;F 308 240 1 2 FFAA9280;F 309 240 3 2 FFAA9255;
VDM1 1197 4991 F 312 240 2 2 FFAA9255;F 314 240 2 2 FFAA9255;F 316 240 1 2 FFAA9255;F 317 240 1 2 FFAA9255;F 318 240 1 2 FFAA9255;F 319 240 2 2 FFAA9255;
VDM1 1198 5113 F 321 240 2 2 FFAA9255;F 323 240 3 2 FFAA9255;F 326 240 1 2 FFAA9255;F 327 240 1 2 FFAA9255;F 328 240 1 2 FFAA9255;F 329 240 2 2 FFAA9255;
VDM1 1199 9E44 F 331 240 1 2 FFAA9255;F 332 240 3 2 FFAA9255;F 335 240 1 2 FFAA9255;F 336 240 1 2 FFAA9255;F 337 240 3 2 FFAA9255;F 340 240 3 2 FFAA9255;
VDM1 1200 FB6E F 343 240 2 2 FFAA6D55;F 345 240 4 2 FFAA6D55;F 349 240 3 2 FFAA6D55;F 352 240 2 2 FFAA6D55;F 354 240 2 2 FFAA6D55;F 356 240 1 2 FFAA6D55;
VDM1 1201 B97D F 357 240 2 2 FFAA6D55;F 359 240 1 2 FFAA6D55;F 360 240 2 2 FFAA6D55;F 362 240 5 2 FFAA6D55;F 367 240 1 2 FFAA6D55;F 368 240 1 2 FFAA6D55;
VDM1 1202 BFD6 F 369 240 1 2 FFAA6D55;F 370 240 5 2 FFAA6D55;F 375 240 1 2 FFAA6D55;F 0 239 70 2 FFAA6D55;F 70 239 3 2 FFAA6D55;F 73 239 1 2 FFAA6D55;F 74 239 9 2 FFAA6D55;
VDM1 1203 03C1 F 83 239 3 2 FFAA6D55;F 86 239 1 2 FFAA6D55;F 87 239 2 2 FFAA6D55;F 89 239 2 2 FFAA6D55;F 91 239 1 2 FFAA6D55;F 92 239 2 2 FFAA6D55;F 94 239 4 2 FFAA6D55;
VDM1 1204 277A F 98 239 3 2 FFAA6D55;F 101 239 3 2 FFAA6D55;F 104 239 1 2 FFAA6D55;F 105 239 1 2 FFAA6D55;F 106 239 3 2 FFAA6D55;F 109 239 1 2 FFAA6D55;
VDM1 1205 53BB F 110 239 2 2 FFAA6D55;F 112 239 3 2 FFAA6D55;F 115 239 4 2 FFAA9255;F 119 239 3 2 FFAA9255;F 122 239 1 2 FFAA9255;F 123 239 1 2 FFAA9255;
VDM1 1206 90B3 F 124 239 2 2 FFAA9255;F 126 239 1 2 FFAA9255;F 127 239 2 2 FFAA9255;F 129 239 2 2 FFAA9255;F 131 239 2 2 FFAA9255;F 133 239 1 2 FFAA9255;
VDM1 1207 48D5 F 134 239 1 2 FFAA9255;F 135 239 1 2 FFAA9255;F 136 239 2 2 FFAA9255;F 138 239 2 2 FFAA9255;F 140 239 1 2 FFAA9255;F 141 239 1 2 FFAA9255;
attemptReconnectIfNeeded: reinitializing BLE client before reconnect
VDM1 1208 6AD0 F 142 239 1 2 FFAA9255;F 143 239 2 2 FFAA9255;F 145 239 2 2 FFAA9255;F 147 239 1 2 FFAA9255;F 148 239 1 2 FFAA9255;F 149 239 2 2 FFAA9255;
VDM1 1209 40E5 F 151 239 1 2 FFAA9255;F 152 239 1 2 FFAA9280;F 153 239 3 2 FFAA9280;F 156 239 1 2 FFAA9280;F 157 239 1 2 FFAA9280;F 158 239 1 2 FFAA9280;
VDM1 1210 2CE3 F 159 239 1 2 FFAA9280;F 160 239 1 2 FFAA9280;F 161 239 1 2 FFAA9280;F 162 239 1 2 FFAA9280;F 163 239 2 2 FFAA9280;F 165 239 2 2 FFAA9280;
VDM1 1211 8B7F F 167 239 2 2 FFAA9280;F 169 239 1 2 FFAA9280;F 170 239 2 2 FFAA9280;F 172 239 1 2 FFAA9280;F 173 239 1 2 FFAA9280;F 174 239 1 2 FFAA9280;
VDM1 1212 62C9 F 175 239 1 2 FFAA9280;F 176 239 1 2 FFAA9280;F 177 239 1 2 FFAA9280;F 178 239 1 2 FFAA9280;F 179 239 1 2 FFAA9280;F 180 239 3 2 FFAA9280;
VDM1 1213 BE3F F 183 239 2 2 FFAA9280;F 185 239 1 2 FFAA9280;F 186 239 3 2 FFAA9280;F 189 239 1 2 FFAA9280;F 190 239 1 2 FFAA9280;F 191 239 1 2 FFAA9280;
VDM1 1214 AA62 F 192 239 2 2 FFAA9280;F 194 239 1 2 FFAA9280;F 195 239 1 2 FFAA9280;F 196 239 2 2 FFAA9280;F 198 239 2 2 FFAAB680;F 200 239 1 2 FFAAB680;
VDM1 1215 D4BA F 201 239 1 2 FFAAB680;F 202 239 1 2 FFAAB680;F 203 239 1 2 FFAA9280;F 204 239 2 2 FFAAB680;F 206 239 2 2 FFAAB680;F 208 239 1 2 FFAAB680;
VDM1 1216 847B F 209 239 2 2 FFAAB680;F 211 239 1 2 FFAAB6AA;F 212 239 1 2 FFAAB6AA;F 213 239 1 2 FFAAB6AA;F 214 239 4 2 FFAAB6AA;F 218 239 1 2 FFAAB6AA;
VDM1 1217 3100 F 219 239 1 2 FFAAB6AA;F 220 239 4 2 FFAAB6AA;F 224 239 1 2 FFAAB6AA;F 225 239 1 2 FFAAB6AA;F 226 239 4 2 FFAAB6AA;F 230 239 9 2 FFAAB6AA;
VDM1 1218 3D78 F 239 239 2 2 FFAAB6AA;F 241 239 1 2 FFAAB6AA;F 242 239 6 2 FFAAB6AA;F 248 239 1 2 FFAAB6AA;F 249 239 2 2 FFAAB6AA;F 251 239 4 2 FFAAB6AA;
VDM1 1219 CAE9 F 255 239 1 2 FFAAB680;F 256 239 4 2 FFAAB680;F 260 239 1 2 FFAAB680;F 261 239 1 2 FFAAB680;F 262 239 2 2 FFAAB680;F 264 239 3 2 FFAA9280;
VDM1 1220 8ECE F 267 239 1 2 FFAA9280;F 268 239 2 2 FFAA9280;F 270 239 1 2 FFAA9280;F 271 239 1 2 FFAA9280;F 272 239 2 2 FFAA9280;F 274 239 1 2 FFAA9280;
VDM1 1221 3D45 F 275 239 1 2 FFAA9280;F 276 239 1 2 FFAA9280;F 277 239 3 2 FFAA9280;F 280 239 1 2 FFAA9280;F 281 239 1 2 FFAA9280;F 282 239 1 2 FFAA9280;
VDM1 1222 B5E1 F 283 239 2 2 FFAA9280;F 285 239 2 2 FFAA9280;F 287 239 1 2 FFAA9280;F 288 239 1 2 FFAA9280;F 289 239 1 2 FFAA9280;F 290 239 1 2 FFAA9280;
VDM1 1223 BB7B F 291 239 1 2 FFAA9280;F 292 239 2 2 FFAA9280;F 294 239 1 2 FFAA9280;F 295 239 1 2 FFAA9280;F 296 239 1 2 FFAA9280;F 297 239 1 2 FFAA9280;
VDM CONTROLLER 1
VDM1 1224 2A5F F 298 239 1 2 FFAA9280;F 299 239 1 2 FFAA9280;F 300 239 1 2 FFAA9280;F 301 239 1 2 FFAA9280;F 302 239 1 2 FFAA9280;F 303 239 1 2 FFAA9280;
VDM1 1225 C4EE F 304 239 3 2 FFAA9280;F 307 239 1 2 FFAA9280;F 308 239 1 2 FFAA9280;F 309 239 2 2 FFAA9255;F 311 239 1 2 FFAA9255;F 312 239 2 2 FFAA9255;
VDM1 1226 363C F 314 239 2 2 FFAA9255;F 316 239 1 2 FFAA9255;F 317 239 1 2 FFAA9255;F 318 239 2 2 FFAA9255;F 320 239 2 2 FFAA9255;F 322 239 2 2 FFAA9255;
VDM1 1227 32FF F 324 239 3 2 FFAA9255;F 327 239 1 2 FFAA9255;F 328 239 1 2 FFAA9255;F 329 239 2 2 FFAA9255;F 331 239 1 2 FFAA9255;F 332 239 3 2 FFAA9255;
VDM1 1228 5C4A F 335 239 1 2 FFAA9255;F 336 239 1 2 FFAA9255;F 337 239 3 2 FFAA9255;F 340 239 3 2 FFAA9255;F 343 239 2 2 FFAA6D55;F 345 239 3 2 FFAA6D55;
VDM1 1229 0F04 F 348 239 1 2 FFAA6D55;F 349 239 3 2 FFAA6D55;F 352 239 2 2 FFAA6D55;F 354 239 2 2 FFAA6D55;F 356 239 3 2 FFAA6D55;F 359 239 1 2 FFAA6D55;
VDM1 1230 133E F 360 239 1 2 FFAA6D55;F 361 239 1 2 FFAA6D55;F 362 239 5 2 FFAA6D55;F 367 239 1 2 FFAA6D55;F 368 239 1 2 FFAA6D55;F 369 239 5 2 FFAA6D55;
VDM1 1231 241D F 374 239 2 2 FFAA6D55;F 0 238 69 2 FFAA6D55;F 69 238 4 2 FFAA6D55;F 73 238 1 2 FFAA6D55;F 74 238 9 2 FFAA6D55;F 83 238 1 2 FFAA6D55;F 84 238 2 2 FFAA6D55;
VDM1 1232 3ADC F 86 238 2 2 FFAA6D55;F 88 238 3 2 FFAA6D55;F 91 238 1 2 FFAA6D55;F 92 238 2 2 FFAA6D55;F 94 238 4 2 FFAA6D55;F 98 238 3 2 FFAA6D55;F 101 238 3 2 FFAA6D55;
VDM1 1233 5337 F 104 238 2 2 FFAA6D55;F 106 238 2 2 FFAA6D55;F 108 238 1 2 FFAA6D55;F 109 238 2 2 FFAA6D55;F 111 238 4 2 FFAA6D55;F 115 238 3 2 FFAA9255;
VDM1 1234 164D F 118 238 2 2 FFAA9255;F 120 238 1 2 FFAA9255;F 121 238 1 2 FFAA9255;F 122 238 1 2 FFAA9255;F 123 238 2 2 FFAA9255;F 125 238 1 2 FFAA9255;
VDM1 1235 1F27 F 126 238 2 2 FFAA9255;F 128 238 2 2 FFAA9255;F 130 238 2 2 FFAA9255;F 132 238 1 2 FFAA9255;F 133 238 1 2 FFAA9255;F 134 238 1 2 FFAA9255;
VDM1 1236 5A44 F 135 238 2 2 FFAA9255;F 137 238 2 2 FFAA9255;F 139 238 1 2 FFAA9255;F 140 238 1 2 FFAA9255;F 141 238 1 2 FFAA9255;F 142 238 2 2 FFAA9255;
VDM1 1237 D68D F 144 238 1 2 FFAA9255;F 145 238 3 2 FFAA9255;F 148 238 1 2 FFAA9255;F 149 238 1 2 FFAA9255;F 150 238 1 2 FFAA9255;F 151 238 1 2 FFAA9280;
VDM1 1238 F50D F 152 238 2 2 FFAA9280;F 154 238 2 2 FFAA9280;F 156 238 1 2 FFAA9280;F 157 238 2 2 FFAA9280;F 159 238 1 2 FFAA9280;F 160 238 1 2 FFAA9280;
VDM1 1239 F151 F 161 238 3 2 FFAA9280;F 164 238 2 2 FFAA9280;F 166 238 1 2 FFAA9280;F 167 238 1 2 FFAA9280;F 168 238 2 2 FFAA9280;F 170 238 1 2 FFAA9280;
VDM1 1240 8EA2 F 171 238 2 2 FFAA9280;F 173 238 1 2 FFAA9280;F 174 238 2 2 FFAA9280;F 176 238 1 2 FFAA9280;F 177 238 2 2 FFAA9280;F 179 238 1 2 FFAA9280;
VDM1 1241 1A90 F 180 238 1 2 FFAA9280;F 181 238 1 2 FFAA9280;F 182 238 1 2 FFAA9280;F 183 238 1 2 FFAA9280;F 184 238 1 2 FFAA9280;F 185 238 1 2 FFAA9280;
VDM1 1242 F22E F 186 238 1 2 FFAA9280;F 187 238 1 2 FFAA9280;F 188 238 1 2 FFAA9280;F 189 238 1 2 FFAA9280;F 190 238 1 2 FFAA9280;F 191 238 2 2 FFAA9280;
VDM1 1243 0185 F 193 238 2 2 FFAA9280;F 195 238 1 2 FFAA9280;F 196 238 1 2 FFAA9280;F 197 238 1 2 FFAAB680;F 198 238 2 2 FFAA9280;F 200 238 2 2 FFAAB680;
VDM1 1244 BABB F 202 238 2 2 FFAAB680;F 204 238 1 2 FFAAB680;F 205 238 2 2 FFAAB680;F 207 238 1 2 FFAAB6AA;F 208 238 1 2 FFAAB6AA;F 209 238 1 2 FFAAB6AA;
VDM1 1245 61AD F 210 238 3 2 FFAAB6AA;F 213 238 4 2 FFAAB6AA;F 217 238 2 2 FFAAB6AA;F 219 238 1 2 FFAAB6AA;F 220 238 1 2 FFAAB6AA;F 221 238 3 2 FFAAB6AA;
VDM1 1246 C9CF F 224 238 7 2 FFAAB6AA;F 231 238 5 2 FFAAB6AA;F 236 238 6 2 FFAAB6AA;F 242 238 1 2 FFAAB6AA;F 243 238 5 2 FFAAB6AA;F 248 238 3 2 FFAAB6AA;
VDM1 1247 C17D F 251 238 3 2 FFAAB6AA;F 254 238 1 2 FFAAB6AA;F 255 238 2 2 FFAAB6AA;F 257 238 1 2 FFAAB6AA;F 258 238 1 2 FFAAB6AA;F 259 238 1 2 FFAAB6AA;
VDM1 1248 2757 F 260 238 2 2 FFAAB680;F 262 238 2 2 FFAAB680;F 264 238 2 2 FFAAB680;F 266 238 1 2 FFAAB680;F 267 238 2 2 FFAA9280;F 269 238 2 2 FFAA9280;
VDM1 1249 6F54 F 271 238 1 2 FFAA9280;F 272 238 1 2 FFAA9280;F 273 238 1 2 FFAA9280;F 274 238 1 2 FFAA9280;F 275 238 1 2 FFAA9280;F 276 238 2 2 FFAA9280;
VDM1 1250 F556 F 278 238 1 2 FFAA9280;F 279 238 3 2 FFAA9280;F 282 238 1 2 FFAA9280;F 283 238 1 2 FFAA9280;F 284 238 1 2 FFAA9280;F 285 238 1 2 FFAA9280;
VDM1 1251 A754 F 286 238 2 2 FFAA9280;F 288 238 1 2 FFAA9280;F 289 238 1 2 FFAA9280;F 290 238 1 2 FFAA9280;F 291 238 1 2 FFAA9280;F 292 238 2 2 FFAA9280;
VDM1 1252 7988 F 294 238 1 2 FFAA9280;F 295 238 1 2 FFAA9280;F 296 238 1 2 FFAA9280;F 297 238 1 2 FFAA9280;F 298 238 1 2 FFAA9280;F 299 238 1 2 FFAA9280;
VDM1 1253 3458 F 300 238 2 2 FFAA9280;F 302 238 1 2 FFAA9280;F 303 238 1 2 FFAA9280;F 304 238 1 2 FFAA9280;F 305 238 1 2 FFAA9280;F 306 238 2 2 FFAA9280;
VDM1 1254 2981 F 308 238 1 2 FFAA9280;F 309 238 1 2 FFAA9280;F 310 238 1 2 FFAA9255;F 311 238 2 2 FFAA9255;F 313 238 1 2 FFAA9255;F 314 238 2 2 FFAA9255;
VDM1 1255 0ECE F 316 238 1 2 FFAA9255;F 317 238 1 2 FFAA9255;F 318 238 1 2 FFAA9255;F 319 238 2 2 FFAA9255;F 321 238 1 2 FFAA9255;F 322 238 2 2 FFAA9255;
VDM1 1256 DF2E F 324 238 3 2 FFAA9255;F 327 238 1 2 FFAA9255;F 328 238 1 2 FFAA9255;F 329 238 2 2 FFAA9255;F 331 238 2 2 FFAA9255;F 333 238 2 2 FFAA9255;
VDM1 1257 5124 F 335 238 1 2 FFAA9255;F 336 238 1 2 FFAA9255;F 337 238 3 2 FFAA9255;F 340 238 3 2 FFAA9255;F 343 238 2 2 FFAA6D55;F 345 238 3 2 FFAA6D55;
VDM1 1258 F29E F 348 238 1 2 FFAA6D55;F 349 238 3 2 FFAA6D55;F 352 238 4 2 FFAA6D55;F 356 238 3 2 FFAA6D55;F 359 238 1 2 FFAA6D55;F 360 238 1 2 FFAA6D55;
VDM1 1259 5ECD F 361 238 5 2 FFAA6D55;F 366 238 1 2 FFAA6D55;F 367 238 1 2 FFAA6D55;F 368 238 1 2 FFAA6D55;F 369 238 4 2 FFAA6D55;F 373 238 3 2 FFAA6D55;
VDM1 1260 F795 F 0 236 68 3 FFAA6D55;F 68 236 4 3 FFAA6D55;F 72 236 1 3 FFAA6D55;F 73 236 7 3 FFAA6D55;F 80 236 6 3 FFAA6D55;F 86 236 2 3 FFAA6D55;F 88 236 3 3 FFAA6D55;
VDM1 1261 BB70 F 91 236 1 3 FFAA6D55;F 92 236 1 3 FFAA6D55;F 93 236 3 3 FFAA6D55;F 96 236 4 3 FFAA6D55;F 100 236 2 3 FFAA6D55;F 102 236 1 3 FFAA6D55;F 103 236 5 3 FFAA6D55;
VDM1 1262 DF38 F 108 236 1 3 FFAA6D55;F 109 236 1 3 FFAA6D55;F 110 236 4 3 FFAA6D55;F 114 236 3 3 FFAA9255;F 117 236 1 3 FFAA9255;F 118 236 1 3 FFAA9255;
VDM1 1263 0C14 F 119 236 2 3 FFAA9255;F 121 236 2 3 FFAA9255;F 123 236 1 3 FFAA9255;F 124 236 1 3 FFAA9255;F 125 236 1 3 FFAA9255;F 126 236 1 3 FFAA9255;
VDM1 1264 4B1C F 127 236 2 3 FFAA9255;F 129 236 1 3 FFAA9255;F 130 236 1 3 FFAA9255;F 131 236 1 3 FFAA9255;F 132 236 2 3 FFAA9255;F 134 236 3 3 FFAA9255;
VDM1 1265 F3BD F 137 236 1 3 FFAA9255;F 138 236 1 3 FFAA9255;F 139 236 1 3 FFAA9255;F 140 236 1 3 FFAA9255;F 141 236 2 3 FFAA9255;F 143 236 1 3 FFAA9255;
VDM1 1266 18E7 F 144 236 3 3 FFAA9255;F 147 236 1 3 FFAA9255;F 148 236 1 3 FFAA9255;F 149 236 2 3 FFAA9280;F 151 236 2 3 FFAA9280;F 153 236 1 3 FFAA9280;
VDM1 1267 4FDF F 154 236 1 3 FFAA9280;F 155 236 1 3 FFAA9280;F 156 236 1 3 FFAA9280;F 157 236 2 3 FFAA9280;F 159 236 1 3 FFAA9280;F 160 236 2 3 FFAA9280;
VDM1 1268 5C7D F 162 236 2 3 FFAA9280;F 164 236 1 3 FFAA9280;F 165 236 1 3 FFAA9280;F 166 236 1 3 FFAA9280;F 167 236 1 3 FFAA9280;F 168 236 1 3 FFAA9280;
VDM1 1269 39B8 F 169 236 1 3 FFAA9280;F 170 236 1 3 FFAA9280;F 171 236 1 3 FFAA9280;F 172 236 1 3 FFAA9280;F 173 236 1 3 FFAA9280;F 174 236 2 3 FFAA9280;
VDM1 1270 EE4A F 176 236 1 3 FFAA9280;F 177 236 1 3 FFAA9280;F 178 236 1 3 FFAA9280;F 179 236 1 3 FFAA9280;F 180 236 1 3 FFAA9280;F 181 236 2 3 FFAA9280;
VDM1 1271 3D47 F 183 236 1 3 FFAA9280;F 184 236 1 3 FFAA9280;F 185 236 1 3 FFAA9280;F 186 236 1 3 FFAA9280;F 187 236 1 3 FFAA9280;F 188 236 2 3 FFAA9280;
VDM1 1272 3469 F 190 236 1 3 FFAA9280;F 191 236 1 3 FFAA9280;F 192 236 1 3 FFAA9280;F 193 236 2 3 FFAA9280;F 195 236 1 3 FFAA9280;F 196 236 1 3 FFAAB680;
VDM1 1273 DCA7 F 197 236 2 3 FFAAB680;F 199 236 1 3 FFAAB680;F 200 236 1 3 FFAAB680;F 201 236 3 3 FFAAB680;F 204 236 1 3 FFAAB6AA;F 205 236 1 3 FFAAB6AA;
VDM1 1274 E15B F 206 236 2 3 FFAAB6AA;F 208 236 2 3 FFAAB6AA;F 210 236 3 3 FFAAB6AA;F 213 236 1 3 FFAAB6AA;F 214 236 2 3 FFAAB6AA;F 216 236 4 3 FFAAB6AA;
VDM1 1275 E3F7 F 220 236 2 3 FFAAB6AA;F 222 236 2 3 FFAAB6AA;F 224 236 1 3 FFAAB6AA;F 225 236 8 3 FFAAB6AA;F 233 236 1 3 FFAAB6AA;F 234 236 5 3 FFAAB6AA;
VDM1 1276 4514 F 239 236 1 3 FFAAB6AA;F 240 236 1 3 FFAAB6AA;F 241 236 2 3 FFAAB6AA;F 243 236 7 3 FFAAB6AA;F 250 236 2 3 FFAAB6AA;F 252 236 4 3 FFAAB6AA;
VDM1 1277 6DC9 F 256 236 1 3 FFAAB6AA;F 257 236 1 3 FFAAB6AA;F 258 236 1 3 FFAAB6AA;F 259 236 1 3 FFAAB6AA;F 260 236 1 3 FFAAB6AA;F 261 236 1 3 FFAAB6AA;
VDM1 1278 4E2B F 262 236 2 3 FFAAB6AA;F 264 236 2 3 FFAAB680;F 266 236 1 3 FFAAB680;F 267 236 1 3 FFAAB680;F 268 236 1 3 FFAAB680;F 269 236 2 3 FFAA9280;
VDM1 1279 2C00 F 271 236 2 3 FFAA9280;F 273 236 1 3 FFAA9280;F 274 236 1 3 FFAA9280;F 275 236 2 3 FFAA9280;F 277 236 2 3 FFAA9280;F 279 236 1 3 FFAA9280;
VDM1 1280 A2CE F 280 236 1 3 FFAA9280;F 281 236 1 3 FFAA9280;F 282 236 1 3 FFAA9280;F 283 236 2 3 FFAA9280;F 285 236 1 3 FFAA9280;F 286 236 2 3 FFAA9280;
VDM1 1281 79C2 F 288 236 1 3 FFAA9280;F 289 236 1 3 FFAA9280;F 290 236 1 3 FFAA9280;F 291 236 1 3 FFAA9280;F 292 236 2 3 FFAA9280;F 294 236 1 3 FFAA9280;
VDM1 1282 F8EE F 295 236 1 3 FFAA9280;F 296 236 1 3 FFAA9280;F 297 236 1 3 FFAA9280;F 298 236 1 3 FFAA9280;F 299 236 1 3 FFAA9280;F 300 236 1 3 FFAA9280;
VDM1 1283 A646 F 301 236 2 3 FFAA9280;F 303 236 1 3 FFAA9280;F 304 236 1 3 FFAA9280;F 305 236 1 3 FFAA9280;F 306 236 1 3 FFAA9280;F 307 236 1 3 FFAA9280;
VDM1 1284 B95C F 308 236 2 3 FFAA9280;F 310 236 1 3 FFAA9280;F 311 236 1 3 FFAA9255;F 312 236 1 3 FFAA9255;F 313 236 1 3 FFAA9255;F 314 236 1 3 FFAA9255;
VDM1 1285 693D F 315 236 2 3 FFAA9255;F 317 236 1 3 FFAA9255;F 318 236 1 3 FFAA9255;F 319 236 1 3 FFAA9255;F 320 236 1 3 FFAA9255;F 321 236 1 3 FFAA9255;
VDM1 1286 9745 F 322 236 3 3 FFAA9255;F 325 236 1 3 FFAA9255;F 326 236 2 3 FFAA9255;F 328 236 1 3 FFAA9255;F 329 236 1 3 FFAA9255;F 330 236 1 3 FFAA9255;
VDM1 1287 E73B F 331 236 2 3 FFAA9255;F 333 236 2 3 FFAA9255;F 335 236 1 3 FFAA9255;F 336 236 1 3 FFAA9255;F 337 236 3 3 FFAA9255;F 340 236 3 3 FFAA9255;
VDM1 1288 E49F F 343 236 2 3 FFAA6D55;F 345 236 3 3 FFAA6D55;F 348 236 1 3 FFAA6D55;F 349 236 3 3 FFAA6D55;F 352 236 3 3 FFAA6D55;F 355 236 3 3 FFAA6D55;
VDM1 1289 CF13 F 358 236 1 3 FFAA6D55;F 359 236 1 3 FFAA6D55;F 360 236 1 3 FFAA6D55;F 361 236 1 3 FFAA6D55;F 362 236 4 3 FFAA6D55;F 366 236 1 3 FFAA6D55;
VDM1 1290 0A71 F 367 236 2 3 FFAA6D55;F 369 236 1 3 FFAA6D55;F 370 236 2 3 FFAA6D55;F 372 236 4 3 FFAA6D55;F 0 235 68 2 FFAA6D55;F 68 235 3 2 FFAA6D55;F 71 235 1 2 FFAA6D55;
VDM1 1291 AF3C F 72 235 7 2 FFAA6D55;F 79 235 6 2 FFAA6D55;F 85 235 3 2 FFAA6D55;F 88 235 5 2 FFAA6D55;F 93 235 3 2 FFAA6D55;F 96 235 1 2 FFAA6D55;F 97 235 3 2 FFAA6D55;
VDM1 1292 B824 F 100 235 2 2 FFAA6D55;F 102 235 1 2 FFAA6D55;F 103 235 4 2 FFAA6D55;F 107 235 1 2 FFAA6D55;F 108 235 2 2 FFAA6D55;F 110 235 2 2 FFAA6D55;
VDM1 1293 73B9 F 112 235 4 2 FFAA9255;F 116 235 2 2 FFAA9255;F 118 235 1 2 FFAA9255;F 119 235 3 2 FFAA9255;F 122 235 1 2 FFAA9255;F 123 235 2 2 FFAA9255;
VDM1 1294 73E4 F 125 235 1 2 FFAA9255;F 126 235 1 2 FFAA9255;F 127 235 1 2 FFAA9255;F 128 235 1 2 FFAA9255;F 129 235 1 2 FFAA9255;F 130 235 1 2 FFAA9255;
VDM1 1295 7751 F 131 235 2 2 FFAA9255;F 133 235 2 2 FFAA9255;F 135 235 2 2 FFAA9255;F 137 235 1 2 FFAA9255;F 138 235 1 2 FFAA9255;F 139 235 2 2 FFAA9255;
VDM1 1296 6FA2 F 141 235 3 2 FFAA9255;F 144 235 1 2 FFAA9255;F 145 235 2 2 FFAA9255;F 147 235 1 2 FFAA9255;F 148 235 1 2 FFAA9280;F 149 235 2 2 FFAA9280;
VDM1 1297 EEEA F 151 235 1 2 FFAA9280;F 152 235 1 2 FFAA9280;F 153 235 1 2 FFAA9280;F 154 235 1 2 FFAA9280;F 155 235 1 2 FFAA9280;F 156 235 1 2 FFAA9280;
VDM CONTROLLER 1
VDM1 1298 5AB7 F 157 235 1 2 FFAA9280;F 158 235 2 2 FFAA9280;F 160 235 1 2 FFAA9280;F 161 235 1 2 FFAA9280;F 162 235 1 2 FFAA9280;F 163 235 1 2 FFAA9280;
VDM1 1299 E1F8 F 164 235 2 2 FFAA9280;F 166 235 1 2 FFAA9280;F 167 235 1 2 FFAA9280;F 168 235 1 2 FFAA9280;F 169 235 2 2 FFAA9280;F 171 235 2 2 FFAA9280;
VDM1 1300 3442 F 173 235 2 2 FFAA9280;F 175 235 2 2 FFAA9280;F 177 235 2 2 FFAA9280;F 179 235 2 2 FFAA9280;F 181 235 1 2 FFAA9280;F 182 235 1 2 FFAA9280;
VDM1 1301 82A4 F 183 235 1 2 FFAA9280;F 184 235 1 2 FFAA9280;F 185 235 2 2 FFAA9280;F 187 235 1 2 FFAA9280;F 188 235 1 2 FFAA9280;F 189 235 2 2 FFAA9280;
VDM1 1302 091D F 191 235 1 2 FFAA9280;F 192 235 2 2 FFAAB680;F 194 235 2 2 FFAAB680;F 196 235 1 2 FFAAB680;F 197 235 2 2 FFAAB680;F 199 235 2 2 FFAAB6AA;
VDM1 1303 0E98 F 201 235 1 2 FFAAB6AA;F 202 235 2 2 FFAAB6AA;F 204 235 3 2 FFAAB6AA;F 207 235 3 2 FFAAB6AA;F 210 235 3 2 FFAAB6AA;F 213 235 3 2 FFAAB6AA;
VDM1 1304 3DC8 F 216 235 3 2 FFAAB6AA;F 219 235 1 2 FFAAB6AA;F 220 235 4 2 FFAAB6AA;F 224 235 7 2 FFAAB6AA;F 231 235 7 2 FFAAB6AA;F 238 235 7 2 FFAAB6AA;
VDM1 1305 C332 F 245 235 5 2 FFAAB6AA;F 250 235 1 2 FFAAB6AA;F 251 235 1 2 FFAAB6AA;F 252 235 3 2 FFAAB6AA;F 255 235 1 2 FFAAB6AA;F 256 235 1 2 FFAAB6AA;
VDM1 1306 C339 F 257 235 1 2 FFAAB6AA;F 258 235 2 2 FFAAB6AA;F 260 235 2 2 FFAAB6AA;F 262 235 2 2 FFAAB6AA;F 264 235 2 2 FFAAB6AA;F 266 235 1 2 FFAAB6AA;
VDM1 1307 9ED4 F 267 235 1 2 FFAAB6AA;F 268 235 1 2 FFAAB680;F 269 235 2 2 FFAAB680;F 271 235 1 2 FFAAB680;F 272 235 1 2 FFAAB680;F 273 235 1 2 FFAA9280;
VDM1 1308 AA3C F 274 235 1 2 FFAA9280;F 275 235 2 2 FFAA9280;F 277 235 1 2 FFAA9280;F 278 235 1 2 FFAA9280;F 279 235 2 2 FFAA9280;F 281 235 1 2 FFAA9280;
VDM1 1309 AAF6 F 282 235 1 2 FFAA9280;F 283 235 1 2 FFAA9280;F 284 235 1 2 FFAA9280;F 285 235 2 2 FFAA9280;F 287 235 1 2 FFAA9280;F 288 235 1 2 FFAA9280;
VDM1 1310 0CD9 F 289 235 2 2 FFAA9280;F 291 235 2 2 FFAA9280;F 293 235 1 2 FFAA9280;F 294 235 1 2 FFAA9280;F 295 235 1 2 FFAA9280;F 296 235 1 2 FFAA9280;
VDM1 1311 7519 F 297 235 1 2 FFAA9280;F 298 235 1 2 FFAA9280;F 299 235 1 2 FFAA9280;F 300 235 1 2 FFAA9280;F 301 235 2 2 FFAA9280;F 303 235 2 2 FFAA9280;
VDM1 1312 7DA2 F 305 235 1 2 FFAA9280;F 306 235 1 2 FFAA9280;F 307 235 1 2 FFAA9280;F 308 235 1 2 FFAA9280;F 309 235 1 2 FFAA9280;F 310 235 2 2 FFAA9280;
VDM1 1313 8545 F 312 235 1 2 FFAA9255;F 313 235 1 2 FFAA9255;F 314 235 2 2 FFAA9255;F 316 235 1 2 FFAA9255;F 317 235 1 2 FFAA9255;F 318 235 1 2 FFAA9255;
VDM1 1314 4DA6 F 319 235 1 2 FFAA9255;F 320 235 1 2 FFAA9255;F 321 235 1 2 FFAA9255;F 322 235 1 2 FFAA9255;F 323 235 2 2 FFAA9255;F 325 235 2 2 FFAA9255;
VDM1 1315 3D27 F 327 235 1 2 FFAA9255;F 328 235 1 2 FFAA9255;F 329 235 1 2 FFAA9255;F 330 235 1 2 FFAA9255;F 331 235 2 2 FFAA9255;F 333 235 3 2 FFAA9255;
VDM1 1316 2F01 F 336 235 1 2 FFAA9255;F 337 235 3 2 FFAA9255;F 340 235 3 2 FFAA9255;F 343 235 2 2 FFAA6D55;F 345 235 3 2 FFAA6D55;F 348 235 1 2 FFAA6D55;
VDM1 1317 6960 F 349 235 2 2 FFAA6D55;F 351 235 1 2 FFAA6D55;F 352 235 2 2 FFAA6D55;F 354 235 1 2 FFAA6D55;F 355 235 3 2 FFAA6D55;F 358 235 2 2 FFAA6D55;
VDM1 1318 BB55 F 360 235 1 2 FFAA6D55;F 361 235 4 2 FFAA6D55;F 365 235 1 2 FFAA6D55;F 366 235 5 2 FFAA6D55;F 371 235 5 2 FFAA6D55;F 0 234 68 2 FFAA6D55;F 68 234 2 2 FFAA6D55;
VDM1 1319 B640 F 70 234 1 2 FFAA6D55;F 71 234 8 2 FFAA6D55;F 79 234 5 2 FFAA6D55;F 84 234 1 2 FFAA6D55;F 85 234 2 2 FFAA6D55;F 87 234 5 2 FFAA6D55;F 92 234 3 2 FFAA6D55;
VDM1 1320 2B76 F 95 234 1 2 FFAA6D55;F 96 234 2 2 FFAA6D55;F 98 234 1 2 FFAA6D55;F 99 234 3 2 FFAA6D55;F 102 234 4 2 FFAA6D55;F 106 234 1 2 FFAA6D55;F 107 234 3 2 FFAA6D55;
VDM1 1321 C5F9 F 110 234 1 2 FFAA6D55;F 111 234 4 2 FFAA9255;F 115 234 2 2 FFAA9255;F 117 234 1 2 FFAA9255;F 118 234 2 2 FFAA9255;F 120 234 2 2 FFAA9255;
VDM1 1322 6EEB F 122 234 2 2 FFAA9255;F 124 234 1 2 FFAA9255;F 125 234 1 2 FFAA9255;F 126 234 1 2 FFAA9255;F 127 234 3 2 FFAA9255;F 130 234 1 2 FFAA9255;
VDM1 1323 B59A F 131 234 2 2 FFAA9255;F 133 234 2 2 FFAA9255;F 135 234 2 2 FFAA9255;F 137 234 1 2 FFAA9255;F 138 234 1 2 FFAA9255;F 139 234 1 2 FFAA9255;
VDM1 1324 B979 F 140 234 1 2 FFAA9255;F 141 234 1 2 FFAA9255;F 142 234 2 2 FFAA9255;F 144 234 1 2 FFAA9255;F 145 234 1 2 FFAA9255;F 146 234 2 2 FFAA9280;
VDM1 1325 9CBE F 148 234 1 2 FFAA9280;F 149 234 2 2 FFAA9280;F 151 234 1 2 FFAA9280;F 152 234 1 2 FFAA9280;F 153 234 1 2 FFAA9280;F 154 234 1 2 FFAA9280;
VDM1 1326 7BD6 F 155 234 1 2 FFAA9280;F 156 234 1 2 FFAA9280;F 157 234 1 2 FFAA9280;F 158 234 2 2 FFAA9280;F 160 234 1 2 FFAA9280;F 161 234 1 2 FFAA9280;
VDM1 1327 8626 F 162 234 2 2 FFAA9280;F 164 234 1 2 FFAA9280;F 165 234 1 2 FFAA9280;F 166 234 1 2 FFAA9280;F 167 234 1 2 FFAA9280;F 168 234 1 2 FFAA9280;
VDM1 1328 D4A8 F 169 234 1 2 FFAA9280;F 170 234 1 2 FFAA9280;F 171 234 2 2 FFAA9280;F 173 234 1 2 FFAA9280;F 174 234 2 2 FFAA9280;F 176 234 2 2 FFAA9280;
VDM1 1329 6360 F 178 234 1 2 FFAA9280;F 179 234 1 2 FFAA9280;F 180 234 1 2 FFAA9280;F 181 234 1 2 FFAA9280;F 182 234 2 2 FFAA9280;F 184 234 2 2 FFAA9280;
VDM1 1330 9924 F 186 234 1 2 FFAA9280;F 187 234 1 2 FFAA9280;F 188 234 2 2 FFAA9280;F 190 234 1 2 FFAAB680;F 191 234 1 2 FFAAB680;F 192 234 2 2 FFAAB680;
VDM1 1331 E4F3 F 194 234 1 2 FFAAB680;F 195 234 1 2 FFAAB6AA;F 196 234 1 2 FFAAB6AA;F 197 234 1 2 FFAAB6AA;F 198 234 1 2 FFAAB6AA;F 199 234 1 2 FFAAB6AA;
VDM1 1332 5BE1 F 200 234 1 2 FFAAB6AA;F 201 234 2 2 FFAAB6AA;F 203 234 1 2 FFAAB6AA;F 204 234 2 2 FFAAB6AA;F 206 234 2 2 FFAAB6AA;F 208 234 2 2 FFAAB6AA;
VDM1 1333 8BCD F 210 234 1 2 FFAAB6AA;F 211 234 1 2 FFAAB6AA;F 212 234 1 2 FFAAB6AA;F 213 234 1 2 FFAAB6AA;F 214 234 3 2 FFAAB6AA;F 217 234 1 2 FFAAB6AA;
VDM1 1334 EBB6 F 218 234 2 2 FFAAB6AA;F 220 234 1 2 FFAAB6AA;F 221 234 1 2 FFAAB6AA;F 222 234 3 2 FFAAB6AA;F 225 234 6 2 FFAAB6AA;F 231 234 7 2 FFAAB6AA;
VDM1 1335 C900 F 238 234 7 2 FFAAB6AA;F 245 234 2 2 FFAAB6AA;F 247 234 2 2 FFAAB6AA;F 249 234 1 2 FFAAB6AA;F 250 234 1 2 FFAAB6AA;F 251 234 2 2 FFAAB6AA;
VDM1 1336 165F F 253 234 2 2 FFAAB6AA;F 255 234 1 2 FFAAB6AA;F 256 234 2 2 FFAAB6AA;F 258 234 1 2 FFAAB6AA;F 259 234 3 2 FFAAB6AA;F 262 234 1 2 FFAAB6AA;
VDM1 1337 55FB F 263 234 1 2 FFAAB6AA;F 264 234 1 2 FFAAB6AA;F 265 234 2 2 FFAAB6AA;F 267 234 1 2 FFAAB6AA;F 268 234 1 2 FFAAB6AA;F 269 234 1 2 FFAAB6AA;
VDM1 1338 493D F 270 234 1 2 FFAAB6AA;F 271 234 2 2 FFAAB680;F 273 234 1 2 FFAAB680;F 274 234 2 2 FFAAB680;F 276 234 2 2 FFAA9280;F 278 234 1 2 FFAA9280;
VDM1 1339 3539 F 279 234 2 2 FFAAB680;F 281 234 1 2 FFAA9280;F 282 234 1 2 FFAA9280;F 283 234 1 2 FFAA9280;F 284 234 1 2 FFAA9280;F 285 234 1 2 FFAA9280;
VDM1 1340 DB3B F 286 234 1 2 FFAA9280;F 287 234 1 2 FFAA9280;F 288 234 1 2 FFAA9280;F 289 234 1 2 FFAA9280;F 290 234 1 2 FFAA9280;F 291 234 1 2 FFAA9280;
VDM1 1341 E323 F 292 234 1 2 FFAA9280;F 293 234 1 2 FFAA9280;F 294 234 2 2 FFAA9280;F 296 234 1 2 FFAA9280;F 297 234 1 2 FFAA9280;F 298 234 1 2 FFAA9280;
VDM1 1342 0B2B F 299 234 1 2 FFAA9280;F 300 234 1 2 FFAA9280;F 301 234 2 2 FFAA9280;F 303 234 1 2 FFAA9280;F 304 234 2 2 FFAA9280;F 306 234 1 2 FFAA9280;
VDM1 1343 56FC F 307 234 1 2 FFAA9280;F 308 234 1 2 FFAA9280;F 309 234 2 2 FFAA9280;F 311 234 1 2 FFAA9280;F 312 234 1 2 FFAA9280;F 313 234 1 2 FFAA9255;
VDM1 1344 4C48 F 314 234 1 2 FFAA9255;F 315 234 1 2 FFAA9255;F 316 234 1 2 FFAA9255;F 317 234 1 2 FFAA9255;F 318 234 1 2 FFAA9255;F 319 234 1 2 FFAA9255;
VDM1 1345 BE33 F 320 234 1 2 FFAA9255;F 321 234 1 2 FFAA9255;F 322 234 2 2 FFAA9255;F 324 234 2 2 FFAA9255;F 326 234 2 2 FFAA9255;F 328 234 1 2 FFAA9255;
VDM1 1346 02CA F 329 234 2 2 FFAA9255;F 331 234 1 2 FFAA9255;F 332 234 2 2 FFAA9255;F 334 234 2 2 FFAA9255;F 336 234 1 2 FFAA9255;F 337 234 1 2 FFAA9255;
VDM1 1347 AAB0 F 338 234 2 2 FFAA9255;F 340 234 3 2 FFAA9255;F 343 234 2 2 FFAA6D55;F 345 234 3 2 FFAA6D55;F 348 234 1 2 FFAA6D55;F 349 234 2 2 FFAA6D55;
VDM1 1348 433C F 351 234 1 2 FFAA6D55;F 352 234 1 2 FFAA6D55;F 353 234 1 2 FFAA6D55;F 354 234 1 2 FFAA6D55;F 355 234 1 2 FFAA6D55;F 356 234 2 2 FFAA6D55;
VDM1 1349 E270 F 358 234 3 2 FFAA6D55;F 361 234 3 2 FFAA6D55;F 364 234 2 2 FFAA6D55;F 366 234 1 2 FFAA6D55;F 367 234 3 2 FFAA6D55;F 370 234 6 2 FFAA6D55;
VDM1 1350 EE4D F 0 233 68 2 FFAA6D55;F 68 233 1 2 FFAA6D55;F 69 233 1 2 FFAA6D55;F 70 233 1 2 FFAA6D55;F 71 233 8 2 FFAA6D55;F 79 233 4 2 FFAA6D55;F 83 233 1 2 FFAA6D55;
VDM1 1351 269C F 84 233 3 2 FFAA6D55;F 87 233 3 2 FFAA6D55;F 90 233 1 2 FFAA6D55;F 91 233 3 2 FFAA6D55;F 94 233 1 2 FFAA6D55;F 95 233 3 2 FFAA6D55;F 98 233 2 2 FFAA6D55;
VDM1 1352 2A73 F 100 233 1 2 FFAA6D55;F 101 233 1 2 FFAA6D55;F 102 233 2 2 FFAA6D55;F 104 233 2 2 FFAA6D55;F 106 233 3 2 FFAA6D55;F 109 233 2 2 FFAA6D55;
VDM1 1353 8600 F 111 233 3 2 FFAA9255;F 114 233 2 2 FFAA9255;F 116 233 1 2 FFAA9255;F 117 233 1 2 FFAA9255;F 118 233 2 2 FFAA9255;F 120 233 1 2 FFAA9255;
VDM1 1354 32EA F 121 233 1 2 FFAA9255;F 122 233 1 2 FFAA9255;F 123 233 1 2 FFAA9255;F 124 233 2 2 FFAA9255;F 126 233 3 2 FFAA9255;F 129 233 2 2 FFAA9255;
VDM1 1355 4506 F 131 233 2 2 FFAA9255;F 133 233 1 2 FFAA9255;F 134 233 1 2 FFAA9255;F 135 233 1 2 FFAA9255;F 136 233 1 2 FFAA9255;F 137 233 1 2 FFAA9255;
VDM1 1356 A185 F 138 233 1 2 FFAA9255;F 139 233 1 2 FFAA9255;F 140 233 1 2 FFAA9255;F 141 233 1 2 FFAA9255;F 142 233 2 2 FFAA9255;F 144 233 1 2 FFAA9255;
????????????????????????????????????????????????????????????????AA9255;F 146 233 1 2 FFAA9280;F 147 233 1 2 FFAA9280;F 148 233 1 2 FFAA9280;F 149 233 1 2 FFAA9280;F 150 233 1 2 FFAA9280;
VDM CONTROLLER 1
Auto-reconnect failed
Hard-resetting BLE client: auto reconnect failed
Next reconnect attempt in 2045 ms
VDM CONTROLLER 1
attemptReconnectIfNeeded: reinitializing BLE client before reconnect
